"事故類型及型態子類別名稱","發生年度","發生月份","發生日期","發生時間","天候名稱","光線名稱","速限.第1當事者","道路型態子類別名稱","事故位置子類別名稱","路面狀況.路面鋪裝名稱","路面狀況.路面狀態名稱","道路障礙.視距品質名稱","號誌.號誌動作名稱","車道劃分設施.分向設施大類別名稱","車道劃分設施.分道設施.快慢車道間名稱","車道劃分設施.分道設施.路面邊線名稱","當事者事故發生時年齡","行動電話或電腦或其他相類功能裝置名稱","經度","緯度","縣市","鄉鎮"
"同向擦撞","2018",1,23,22,"晴","夜間(或隧道、地下道、涵洞)有照明",60,"直路","一般車道(未劃分快慢車道)","柏油","乾燥","良好","無號誌","行車分向線","未繪設快慢車道分隔線","有",23,"不明",120.821607,24.306975,"苗栗縣","卓蘭鎮"
"同向擦撞","2018",1,23,22,"晴","夜間(或隧道、地下道、涵洞)有照明",60,"直路","一般車道(未劃分快慢車道)","柏油","乾燥","良好","無號誌","行車分向線","未繪設快慢車道分隔線","有",47,"不明",120.821607,24.306975,"苗栗縣","卓蘭鎮"
"同向擦撞","2018",1,23,22,"晴","夜間(或隧道、地下道、涵洞)有照明",60,"直路","一般車道(未劃分快慢車道)","柏油","乾燥","良好","無號誌","行車分向線","未繪設快慢車道分隔線","有",50,"不明",120.821607,24.306975,"苗栗縣","卓蘭鎮"
"側撞","2018",1,24,17,"晴","日間自然光線",70,"三岔路","交叉口附近","柏油","乾燥","良好","正常","中央分向島","快慢車道分隔線","無",37,"未使用",120.145486,23.064185,"臺南市","南區"
"側撞","2018",1,24,17,"晴","日間自然光線",70,"三岔路","交叉口附近","柏油","乾燥","良好","正常","中央分向島","快慢車道分隔線","無",26,"未使用",120.145486,23.064185,"臺南市","南區"
"同向擦撞","2018",1,25,19,"陰","夜間(或隧道、地下道、涵洞)有照明",50,"直路","路肩、路緣","柏油","乾燥","良好","無號誌","中央分向島","快慢車道分隔線","有",35,"不明",120.390759,23.421519,"嘉義縣","水上鄉"
"同向擦撞","2018",1,25,19,"陰","夜間(或隧道、地下道、涵洞)有照明",50,"直路","路肩、路緣","柏油","乾燥","良好","無號誌","中央分向島","快慢車道分隔線","有",21,"不明",120.390759,23.421519,"嘉義縣","水上鄉"
"同向擦撞","2018",1,25,19,"陰","夜間(或隧道、地下道、涵洞)有照明",50,"直路","路肩、路緣","柏油","乾燥","良好","無號誌","中央分向島","快慢車道分隔線","有",49,"不明",120.390759,23.421519,"嘉義縣","水上鄉"
"同向擦撞","2018",1,26,8,"晴","日間自然光線",60,"四岔路","交叉路口內","柏油","乾燥","良好","正常","無","未繪設快慢車道分隔線","無",55,"未使用",120.289128,23.034855,"臺南市","新化區"
"同向擦撞","2018",1,26,8,"晴","日間自然光線",60,"四岔路","交叉路口內","柏油","乾燥","良好","正常","無","未繪設快慢車道分隔線","無",25,"未使用",120.289128,23.034855,"臺南市","新化區"
"側撞","2018",1,26,18,"晴","夜間(或隧道、地下道、涵洞)有照明",50,"三岔路","交叉路口內","柏油","乾燥","良好","無號誌","無","未繪設快慢車道分隔線","無",41,"不明",120.477136,23.51463,"嘉義縣","民雄鄉"
"側撞","2018",1,26,18,"晴","夜間(或隧道、地下道、涵洞)有照明",50,"三岔路","交叉路口內","柏油","乾燥","良好","無號誌","無","未繪設快慢車道分隔線","無",62,"未使用",120.477136,23.51463,"嘉義縣","民雄鄉"
"側撞","2018",1,26,18,"晴","夜間(或隧道、地下道、涵洞)有照明",50,"三岔路","交叉路口內","柏油","乾燥","良好","無號誌","無","未繪設快慢車道分隔線","無",43,"未使用",120.477136,23.51463,"嘉義縣","民雄鄉"
"側撞","2018",1,26,20,"晴","夜間(或隧道、地下道、涵洞)有照明",50,"四岔路","交叉路口內","柏油","乾燥","良好","無號誌","無","未繪設快慢車道分隔線","無",60,"未使用",120.155824,23.055479,"臺南市","南區"
"側撞","2018",1,26,20,"晴","夜間(或隧道、地下道、涵洞)有照明",50,"四岔路","交叉路口內","柏油","乾燥","良好","無號誌","無","未繪設快慢車道分隔線","無",27,"未使用",120.155824,23.055479,"臺南市","南區"
"穿越道路中","2018",1,27,6,"晴","晨或暮光",50,"四岔路","交叉路口內","柏油","乾燥","良好","無號誌","無","未繪設快慢車道分隔線","無",28,"未使用",120.579781,24.170631,"臺中市","大肚區"
"穿越道路中","2018",1,27,6,"晴","晨或暮光",50,"四岔路","交叉路口內","柏油","乾燥","良好","無號誌","無","未繪設快慢車道分隔線","無",61,"非汽(機)車駕駛人",120.579781,24.170631,"臺中市","大肚區"
"衝出路外","2018",1,27,7,"陰","日間自然光線",40,"彎曲路及附近","路肩、路緣","柏油","濕潤","良好","無號誌","雙向禁止超車線","未繪設快慢車道分隔線","有",63,"未使用",121.094577,22.85624,"臺東縣","卑南鄉"
"衝出路外","2018",1,27,7,"陰","日間自然光線",40,"彎曲路及附近","路肩、路緣","柏油","濕潤","良好","無號誌","雙向禁止超車線","未繪設快慢車道分隔線","有",58,"非汽(機)車駕駛人",121.094577,22.85624,"臺東縣","卑南鄉"
"追撞","2018",1,27,7,"陰","日間自然光線",110,"直路","快車道","柏油","乾燥","良好","無號誌","中央分向島","未繪設快慢車道分隔線","有",19,"未使用",120.506486,23.958479,"彰化縣","溪湖鎮"
"追撞","2018",1,27,7,"陰","日間自然光線",110,"直路","快車道","柏油","乾燥","良好","無號誌","中央分向島","未繪設快慢車道分隔線","有",61,"非汽(機)車駕駛人",120.506486,23.958479,"彰化縣","溪湖鎮"
"追撞","2018",1,27,7,"陰","日間自然光線",110,"直路","快車道","柏油","乾燥","良好","無號誌","中央分向島","未繪設快慢車道分隔線","有",41,"未使用",120.506486,23.958479,"彰化縣","溪湖鎮"
"路口交岔撞","2018",1,28,13,"陰","日間自然光線",40,"四岔路","交叉路口內","柏油","乾燥","良好","無號誌","無","未繪設快慢車道分隔線","無",42,"未使用",121.731712,24.722145,"宜蘭縣","員山鄉"
"路口交岔撞","2018",1,28,13,"陰","日間自然光線",40,"四岔路","交叉路口內","柏油","乾燥","良好","無號誌","無","未繪設快慢車道分隔線","無",33,"未使用",121.731712,24.722145,"宜蘭縣","員山鄉"
"路口交岔撞","2018",1,28,13,"陰","日間自然光線",40,"四岔路","交叉路口內","柏油","乾燥","良好","無號誌","無","未繪設快慢車道分隔線","無",76,"非汽(機)車駕駛人",121.731712,24.722145,"宜蘭縣","員山鄉"
"側撞","2018",1,28,18,"陰","夜間(或隧道、地下道、涵洞)有照明",50,"四岔路","交叉路口內","柏油","乾燥","良好","正常","行車分向線","快慢車道分隔線","有",26,"未使用",120.528476,24.077108,"彰化縣","彰化市"
"側撞","2018",1,28,18,"陰","夜間(或隧道、地下道、涵洞)有照明",50,"四岔路","交叉路口內","柏油","乾燥","良好","正常","行車分向線","快慢車道分隔線","有",24,"未使用",120.528476,24.077108,"彰化縣","彰化市"
"穿越道路中","2018",1,28,21,"雨","夜間(或隧道、地下道、涵洞)有照明",50,"直路","一般車道(未劃分快慢車道)","柏油","濕潤","良好","無號誌","行車分向線","未繪設快慢車道分隔線","有",63,"未使用",121.314697,25.021236,"桃園市","桃園區"
"穿越道路中","2018",1,28,21,"雨","夜間(或隧道、地下道、涵洞)有照明",50,"直路","一般車道(未劃分快慢車道)","柏油","濕潤","良好","無號誌","行車分向線","未繪設快慢車道分隔線","有",58,"非汽(機)車駕駛人",121.314697,25.021236,"桃園市","桃園區"
"穿越道路中","2018",1,28,21,"雨","夜間(或隧道、地下道、涵洞)有照明",50,"直路","一般車道(未劃分快慢車道)","柏油","濕潤","良好","無號誌","行車分向線","未繪設快慢車道分隔線","有",75,"非汽(機)車駕駛人",121.314697,25.021236,"桃園市","桃園區"
"撞路樹、電桿","2018",1,29,16,"晴","日間自然光線",50,"直路","一般車道(未劃分快慢車道)","柏油","乾燥","良好","無號誌","行車分向線","未繪設快慢車道分隔線","有",41,"未使用",120.542614,22.529504,"屏東縣","潮州鎮"
"其他","2018",1,29,17,"晴","夜間(或隧道、地下道、涵洞)有照明",60,"三岔路","交叉口附近","柏油","乾燥","良好","正常","中央分向島","快慢車道分隔線","有",71,"未使用",120.315032,22.786543,"高雄市","岡山區"
"其他","2018",1,29,17,"晴","夜間(或隧道、地下道、涵洞)有照明",60,"三岔路","交叉口附近","柏油","乾燥","良好","正常","中央分向島","快慢車道分隔線","有",23,"未使用",120.315032,22.786543,"高雄市","岡山區"
"撞護欄(樁)","2018",1,29,22,"雨","夜間(或隧道、地下道、涵洞)有照明",40,"其他","環道匝道","柏油","濕潤","良好","無號誌","無","未繪設快慢車道分隔線","有",60,"使用免持或未有礙駕駛安全",121.21381,25.059652,"桃園市","大園區"
"其他","2018",1,29,23,"雨","夜間(或隧道、地下道、涵洞)有照明",60,"直路","一般車道(未劃分快慢車道)","柏油","濕潤","良好","無號誌","中央分向島","未繪設快慢車道分隔線","有",30,"非汽(機)車駕駛人",120.256266,23.748531,"雲林縣","麥寮鄉"
"其他","2018",1,29,23,"雨","夜間(或隧道、地下道、涵洞)有照明",60,"直路","一般車道(未劃分快慢車道)","柏油","濕潤","良好","無號誌","中央分向島","未繪設快慢車道分隔線","有",50,"未使用",120.256266,23.748531,"雲林縣","麥寮鄉"
"對向通行中","2018",1,30,1,"雨","夜間(或隧道、地下道、涵洞)有照明",50,"直路","一般車道(未劃分快慢車道)","柏油","濕潤","不良","無號誌","雙向禁止超車線","未繪設快慢車道分隔線","有",18,"未使用",121.298661,24.953059,"桃園市","八德區"
"對向通行中","2018",1,30,1,"雨","夜間(或隧道、地下道、涵洞)有照明",50,"直路","一般車道(未劃分快慢車道)","柏油","濕潤","不良","無號誌","雙向禁止超車線","未繪設快慢車道分隔線","有",83,"未使用",121.298661,24.953059,"桃園市","八德區"
"其他","2018",1,30,2,"晴","夜間(或隧道、地下道、涵洞)有照明",50,"彎曲路及附近","路肩、路緣","柏油","乾燥","良好","無號誌","雙向禁止超車線","未繪設快慢車道分隔線","有",32,"未使用",121.143832,22.748198,"臺東縣","臺東市"
"其他","2018",1,30,2,"晴","夜間(或隧道、地下道、涵洞)有照明",50,"彎曲路及附近","路肩、路緣","柏油","乾燥","良好","無號誌","雙向禁止超車線","未繪設快慢車道分隔線","有",48,"不明",121.143832,22.748198,"臺東縣","臺東市"
"穿越道路中","2018",1,30,15,"陰","日間自然光線",50,"四岔路","交叉路口內","柏油","濕潤","良好","正常","雙向禁止超車線","快慢車道分隔線","無",50,"未使用",120.694107,24.170224,"臺中市","北屯區"
"穿越道路中","2018",1,30,15,"陰","日間自然光線",50,"四岔路","交叉路口內","柏油","濕潤","良好","正常","雙向禁止超車線","快慢車道分隔線","無",74,"非汽(機)車駕駛人",120.694107,24.170224,"臺中市","北屯區"
"撞路樹、電桿","2018",1,31,7,"晴","日間自然光線",40,"直路","慢車道","柏油","乾燥","良好","無號誌","中央分向島","快慢車道分隔線","有",107,"",120.3358,22.58295,"高雄市","前鎮區"
"撞路樹、電桿","2018",1,31,7,"晴","日間自然光線",40,"直路","慢車道","柏油","乾燥","良好","無號誌","中央分向島","快慢車道分隔線","有",27,"未使用",120.3358,22.58295,"高雄市","前鎮區"
"側撞","2018",1,31,19,"雨","夜間(或隧道、地下道、涵洞)有照明",60,"四岔路","交叉路口內","柏油","濕潤","良好","無號誌","行車分向線","未繪設快慢車道分隔線","有",26,"未使用",121.684334,24.679514,"宜蘭縣","三星鄉"
"側撞","2018",1,31,19,"雨","夜間(或隧道、地下道、涵洞)有照明",60,"四岔路","交叉路口內","柏油","濕潤","良好","無號誌","行車分向線","未繪設快慢車道分隔線","有",35,"未使用",121.684334,24.679514,"宜蘭縣","三星鄉"
"撞護欄(樁)","2018",1,31,20,"雨","夜間(或隧道、地下道、涵洞)有照明",30,"直路","一般車道(未劃分快慢車道)","柏油","濕潤","良好","無號誌","中央分向島","未繪設快慢車道分隔線","有",59,"不明",121.471979,25.017629,"新北市","板橋區"
"撞交通島","2018",2,1,0,"雨","夜間(或隧道、地下道、涵洞)有照明",40,"高架道路","一般車道(未劃分快慢車道)","柏油","濕潤","良好","無號誌","中央分向島","快慢車道分隔線","有",34,"不明",121.437265,24.978282,"新北市","板橋區"
"撞號誌、標誌桿","2018",2,1,1,"雨","夜間(或隧道、地下道、涵洞)有照明",50,"四岔路","交叉路口內","柏油","濕潤","良好","正常","無","未繪設快慢車道分隔線","無",44,"未使用",120.632138,24.099108,"臺中市","烏日區"
"撞號誌、標誌桿","2018",2,1,1,"雨","夜間(或隧道、地下道、涵洞)有照明",50,"四岔路","交叉路口內","柏油","濕潤","良好","正常","無","未繪設快慢車道分隔線","無",23,"未使用",120.632138,24.099108,"臺中市","烏日區"
"穿越道路中","2018",2,1,19,"雨","夜間(或隧道、地下道、涵洞)有照明",50,"直路","快車道","柏油","濕潤","良好","無號誌","雙向禁止超車線","快慢車道分隔線","有",41,"不明",120.923284,24.687518,"苗栗縣","頭份市"
"穿越道路中","2018",2,1,19,"雨","夜間(或隧道、地下道、涵洞)有照明",50,"直路","快車道","柏油","濕潤","良好","無號誌","雙向禁止超車線","快慢車道分隔線","有",56,"不明",120.923284,24.687518,"苗栗縣","頭份市"
"其他","2018",2,3,7,"陰","日間自然光線",50,"直路","一般車道(未劃分快慢車道)","柏油","濕潤","良好","無號誌","無","未繪設快慢車道分隔線","有",37,"未使用",121.766741,24.780192,"宜蘭縣","礁溪鄉"
"撞路樹、電桿","2018",2,3,19,"陰","夜間(或隧道、地下道、涵洞)有照明",50,"直路","路肩、路緣","柏油","乾燥","良好","無號誌","中央分向島","快慢車道分隔線","有",52,"不明",120.208154,23.100507,"臺南市","安定區"
"撞路樹、電桿","2018",2,4,17,"晴","日間自然光線",50,"直路","路肩、路緣","柏油","乾燥","良好","無號誌","雙向禁止超車線","快慢車道分隔線","有",77,"未使用",120.386959,23.064137,"臺南市","左鎮區"
"撞路樹、電桿","2018",2,4,17,"晴","日間自然光線",50,"直路","路肩、路緣","柏油","乾燥","良好","無號誌","雙向禁止超車線","快慢車道分隔線","有",78,"非汽(機)車駕駛人",120.386959,23.064137,"臺南市","左鎮區"
"側撞","2018",2,5,15,"晴","日間自然光線",50,"四岔路","交叉路口內","柏油","乾燥","良好","正常","無","未繪設快慢車道分隔線","無",43,"不明",120.352687,23.730878,"雲林縣","土庫鎮"
"側撞","2018",2,5,15,"晴","日間自然光線",50,"四岔路","交叉路口內","柏油","乾燥","良好","正常","無","未繪設快慢車道分隔線","無",29,"不明",120.352687,23.730878,"雲林縣","土庫鎮"
"側撞","2018",2,5,15,"晴","日間自然光線",50,"四岔路","交叉路口內","柏油","乾燥","良好","正常","無","未繪設快慢車道分隔線","無",71,"非汽(機)車駕駛人",120.352687,23.730878,"雲林縣","土庫鎮"
"側撞","2018",2,5,15,"晴","日間自然光線",50,"四岔路","交叉路口內","柏油","乾燥","良好","正常","無","未繪設快慢車道分隔線","無",46,"非汽(機)車駕駛人",120.352687,23.730878,"雲林縣","土庫鎮"
"側撞","2018",2,5,15,"晴","日間自然光線",50,"四岔路","交叉路口內","柏油","乾燥","良好","正常","無","未繪設快慢車道分隔線","無",77,"非汽(機)車駕駛人",120.352687,23.730878,"雲林縣","土庫鎮"
"側撞","2018",2,5,15,"晴","日間自然光線",50,"四岔路","交叉路口內","柏油","乾燥","良好","正常","無","未繪設快慢車道分隔線","無",67,"非汽(機)車駕駛人",120.352687,23.730878,"雲林縣","土庫鎮"
"側撞","2018",2,5,15,"晴","日間自然光線",50,"四岔路","交叉路口內","柏油","乾燥","良好","正常","無","未繪設快慢車道分隔線","無",64,"非汽(機)車駕駛人",120.352687,23.730878,"雲林縣","土庫鎮"
"側撞","2018",2,5,15,"晴","日間自然光線",50,"四岔路","交叉路口內","柏油","乾燥","良好","正常","無","未繪設快慢車道分隔線","無",54,"非汽(機)車駕駛人",120.352687,23.730878,"雲林縣","土庫鎮"
"側撞","2018",2,5,15,"晴","日間自然光線",50,"四岔路","交叉路口內","柏油","乾燥","良好","正常","無","未繪設快慢車道分隔線","無",75,"非汽(機)車駕駛人",120.352687,23.730878,"雲林縣","土庫鎮"
"側撞","2018",2,5,15,"晴","日間自然光線",50,"四岔路","交叉路口內","柏油","乾燥","良好","正常","無","未繪設快慢車道分隔線","無",71,"非汽(機)車駕駛人",120.352687,23.730878,"雲林縣","土庫鎮"
"側撞","2018",2,5,15,"晴","日間自然光線",50,"四岔路","交叉路口內","柏油","乾燥","良好","正常","無","未繪設快慢車道分隔線","無",65,"非汽(機)車駕駛人",120.352687,23.730878,"雲林縣","土庫鎮"
"側撞","2018",2,5,15,"晴","日間自然光線",50,"四岔路","交叉路口內","柏油","乾燥","良好","正常","無","未繪設快慢車道分隔線","無",65,"非汽(機)車駕駛人",120.352687,23.730878,"雲林縣","土庫鎮"
"側撞","2018",2,5,15,"晴","日間自然光線",50,"四岔路","交叉路口內","柏油","乾燥","良好","正常","無","未繪設快慢車道分隔線","無",62,"非汽(機)車駕駛人",120.352687,23.730878,"雲林縣","土庫鎮"
"側撞","2018",2,5,15,"晴","日間自然光線",50,"四岔路","交叉路口內","柏油","乾燥","良好","正常","無","未繪設快慢車道分隔線","無",68,"非汽(機)車駕駛人",120.352687,23.730878,"雲林縣","土庫鎮"
"追撞","2018",2,5,20,"晴","夜間(或隧道、地下道、涵洞)有照明",80,"直路","快車道","柏油","乾燥","良好","無號誌","中央分向島","未繪設快慢車道分隔線","有",32,"未使用",121.067907,24.98266,"桃園市","新屋區"
"追撞","2018",2,5,20,"晴","夜間(或隧道、地下道、涵洞)有照明",80,"直路","快車道","柏油","乾燥","良好","無號誌","中央分向島","未繪設快慢車道分隔線","有",36,"未使用",121.067907,24.98266,"桃園市","新屋區"
"追撞","2018",2,5,20,"晴","夜間(或隧道、地下道、涵洞)有照明",80,"直路","快車道","柏油","乾燥","良好","無號誌","中央分向島","未繪設快慢車道分隔線","有",66,"未使用",121.067907,24.98266,"桃園市","新屋區"
"撞橋樑、建築物","2018",2,6,7,"陰","日間自然光線",50,"直路","一般車道(未劃分快慢車道)","柏油","濕潤","良好","正常","中央分向島","快慢車道分隔線","無",34,"未使用",121.515125,24.968392,"新北市","新店區"
"撞橋樑、建築物","2018",2,6,7,"陰","日間自然光線",50,"直路","一般車道(未劃分快慢車道)","柏油","濕潤","良好","正常","中央分向島","快慢車道分隔線","無",23,"未使用",121.515125,24.968392,"新北市","新店區"
"撞橋樑、建築物","2018",2,6,7,"陰","日間自然光線",50,"直路","一般車道(未劃分快慢車道)","柏油","濕潤","良好","正常","中央分向島","快慢車道分隔線","無",38,"未使用",121.515125,24.968392,"新北市","新店區"
"撞護欄(樁)","2018",2,6,13,"陰","日間自然光線",40,"彎曲路及附近","一般車道(未劃分快慢車道)","柏油","濕潤","良好","無號誌","雙向禁止超車線","未繪設快慢車道分隔線","有",14,"非汽(機)車駕駛人",121.30972,25.055258,"桃園市","蘆竹區"
"其他","2018",2,6,21,"陰","夜間(或隧道、地下道、涵洞)有照明",50,"直路","一般車道(未劃分快慢車道)","柏油","乾燥","良好","無號誌","行車分向線","未繪設快慢車道分隔線","有",27,"不明",120.692679,23.989066,"南投縣","草屯鎮"
"其他","2018",2,6,21,"陰","夜間(或隧道、地下道、涵洞)有照明",50,"直路","一般車道(未劃分快慢車道)","柏油","乾燥","良好","無號誌","行車分向線","未繪設快慢車道分隔線","有",23,"未使用",120.692679,23.989066,"南投縣","草屯鎮"
"衝出路外","2018",2,6,22,"晴","夜間(或隧道、地下道、涵洞)有照明",50,"直路","一般車道(未劃分快慢車道)","柏油","乾燥","良好","無號誌","行車分向線","未繪設快慢車道分隔線","有",45,"不明",120.361207,23.860987,"彰化縣","二林鎮"
"側撞","2018",2,7,16,"雨","日間自然光線",60,"四岔路","交叉路口內","柏油","濕潤","良好","正常","無","未繪設快慢車道分隔線","無",70,"未使用",120.213822,23.059504,"臺南市","南區"
"側撞","2018",2,7,16,"雨","日間自然光線",60,"四岔路","交叉路口內","柏油","濕潤","良好","正常","無","未繪設快慢車道分隔線","無",30,"未使用",120.213822,23.059504,"臺南市","南區"
"其他","2018",2,7,18,"雨","夜間(或隧道、地下道、涵洞)無照明",70,"直路","機車優先道","柏油","濕潤","良好","無號誌","中央分向島","快慢車道分隔線","有",65,"未使用",121.609887,24.081447,"花蓮縣","秀林鄉"
"其他","2018",2,7,18,"雨","夜間(或隧道、地下道、涵洞)無照明",70,"直路","機車優先道","柏油","濕潤","良好","無號誌","中央分向島","快慢車道分隔線","有",60,"非汽(機)車駕駛人",121.609887,24.081447,"花蓮縣","秀林鄉"
"其他","2018",2,7,18,"雨","夜間(或隧道、地下道、涵洞)無照明",70,"直路","機車優先道","柏油","濕潤","良好","無號誌","中央分向島","快慢車道分隔線","有",48,"未使用",121.609887,24.081447,"花蓮縣","秀林鄉"
"撞護欄(樁)","2018",2,7,21,"雨","夜間(或隧道、地下道、涵洞)無照明",100,"直路","快車道","柏油","濕潤","良好","無號誌","中央分向島","未繪設快慢車道分隔線","有",30,"不明",120.491568,22.864309,"高雄市","旗山區"
"同向擦撞","2018",2,8,18,"陰","夜間(或隧道、地下道、涵洞)有照明",50,"四岔路","交叉路口內","柏油","乾燥","良好","正常","雙向禁止超車線","快慢車道分隔線","無",58,"未使用",120.316065,22.61778,"高雄市","前鎮區"
"同向擦撞","2018",2,8,18,"陰","夜間(或隧道、地下道、涵洞)有照明",50,"四岔路","交叉路口內","柏油","乾燥","良好","正常","雙向禁止超車線","快慢車道分隔線","無",20,"未使用",120.316065,22.61778,"高雄市","前鎮區"
"穿越道路中","2018",2,9,5,"雨","晨或暮光",50,"直路","一般車道(未劃分快慢車道)","柏油","濕潤","不良","無號誌","行車分向線","未繪設快慢車道分隔線","有",30,"未使用",121.171691,24.79759,"新竹縣","關西鎮"
"穿越道路中","2018",2,9,5,"雨","晨或暮光",50,"直路","一般車道(未劃分快慢車道)","柏油","濕潤","不良","無號誌","行車分向線","未繪設快慢車道分隔線","有",79,"非汽(機)車駕駛人",121.171691,24.79759,"新竹縣","關西鎮"
"同向擦撞","2018",2,9,7,"雨","日間自然光線",50,"直路","一般車道(未劃分快慢車道)","柏油","濕潤","良好","無號誌","雙向禁止超車線","未繪設快慢車道分隔線","有",51,"不明",120.561803,23.989008,"彰化縣","大村鄉"
"同向擦撞","2018",2,9,7,"雨","日間自然光線",50,"直路","一般車道(未劃分快慢車道)","柏油","濕潤","良好","無號誌","雙向禁止超車線","未繪設快慢車道分隔線","有",29,"不明",120.561803,23.989008,"彰化縣","大村鄉"
"撞路樹、電桿","2018",2,9,15,"陰","日間自然光線",40,"彎曲路及附近","路肩、路緣","柏油","乾燥","不良","正常","雙向禁止超車線","快慢車道分隔線","有",107,"",120.641414,22.923666,"高雄市","六龜區"
"撞路樹、電桿","2018",2,9,15,"陰","日間自然光線",40,"彎曲路及附近","路肩、路緣","柏油","乾燥","不良","正常","雙向禁止超車線","快慢車道分隔線","有",19,"不明",120.641414,22.923666,"高雄市","六龜區"
"撞路樹、電桿","2018",2,9,15,"陰","日間自然光線",40,"彎曲路及附近","路肩、路緣","柏油","乾燥","不良","正常","雙向禁止超車線","快慢車道分隔線","有",16,"非汽(機)車駕駛人",120.641414,22.923666,"高雄市","六龜區"
"撞路樹、電桿","2018",2,9,15,"陰","日間自然光線",40,"彎曲路及附近","路肩、路緣","柏油","乾燥","不良","正常","雙向禁止超車線","快慢車道分隔線","有",42,"非汽(機)車駕駛人",120.641414,22.923666,"高雄市","六龜區"
"撞路樹、電桿","2018",2,9,15,"陰","日間自然光線",40,"彎曲路及附近","路肩、路緣","柏油","乾燥","不良","正常","雙向禁止超車線","快慢車道分隔線","有",2,"非汽(機)車駕駛人",120.641414,22.923666,"高雄市","六龜區"
"側撞","2018",2,9,16,"陰","日間自然光線",60,"三岔路","交叉口附近","柏油","乾燥","良好","無號誌","雙向禁止超車線","未繪設快慢車道分隔線","有",66,"未使用",121.242244,23.161293,"花蓮縣","富里鄉"
"側撞","2018",2,9,16,"陰","日間自然光線",60,"三岔路","交叉口附近","柏油","乾燥","良好","無號誌","雙向禁止超車線","未繪設快慢車道分隔線","有",35,"未使用",121.242244,23.161293,"花蓮縣","富里鄉"
"路口交岔撞","2018",2,10,1,"陰","夜間(或隧道、地下道、涵洞)有照明",40,"四岔路","交叉路口內","柏油","乾燥","良好","正常","無","未繪設快慢車道分隔線","無",81,"不明",120.200229,22.998001,"臺南市","西區"
"路口交岔撞","2018",2,10,1,"陰","夜間(或隧道、地下道、涵洞)有照明",40,"四岔路","交叉路口內","柏油","乾燥","良好","正常","無","未繪設快慢車道分隔線","無",32,"未使用",120.200229,22.998001,"臺南市","西區"
"路口交岔撞","2018",2,10,6,"陰","晨或暮光",50,"四岔路","交叉路口內","柏油","乾燥","良好","正常","無","未繪設快慢車道分隔線","無",42,"不明",120.15584,23.130277,"臺南市","佳里區"
"路口交岔撞","2018",2,10,6,"陰","晨或暮光",50,"四岔路","交叉路口內","柏油","乾燥","良好","正常","無","未繪設快慢車道分隔線","無",41,"未使用",120.15584,23.130277,"臺南市","佳里區"
"路口交岔撞","2018",2,10,6,"陰","晨或暮光",50,"四岔路","交叉路口內","柏油","乾燥","良好","正常","無","未繪設快慢車道分隔線","無",61,"未使用",120.15584,23.130277,"臺南市","佳里區"
"側撞","2018",2,10,7,"陰","日間自然光線",25,"三岔路","交叉路口內","柏油","乾燥","良好","無號誌","雙向禁止超車線","未繪設快慢車道分隔線","有",58,"未使用",120.294145,22.59749,"高雄市","前鎮區"
"側撞","2018",2,10,7,"陰","日間自然光線",25,"三岔路","交叉路口內","柏油","乾燥","良好","無號誌","雙向禁止超車線","未繪設快慢車道分隔線","有",19,"未使用",120.294145,22.59749,"高雄市","前鎮區"
"側撞","2018",2,10,8,"晴","日間自然光線",50,"四岔路","交叉路口內","柏油","乾燥","良好","正常","中央分向島","快慢車道分隔線","有",71,"不明",120.599726,24.084856,"彰化縣","彰化市"
"側撞","2018",2,10,8,"晴","日間自然光線",50,"四岔路","交叉路口內","柏油","乾燥","良好","正常","中央分向島","快慢車道分隔線","有",20,"不明",120.599726,24.084856,"彰化縣","彰化市"
"穿越道路中","2018",2,11,3,"雨","夜間(或隧道、地下道、涵洞)有照明",50,"四岔路","行人穿越道","柏油","濕潤","良好","正常","無","未繪設快慢車道分隔線","無",48,"未使用",120.656956,24.140148,"臺中市","西區"
"穿越道路中","2018",2,11,3,"雨","夜間(或隧道、地下道、涵洞)有照明",50,"四岔路","行人穿越道","柏油","濕潤","良好","正常","無","未繪設快慢車道分隔線","無",73,"非汽(機)車駕駛人",120.656956,24.140148,"臺中市","西區"
"同向通行中","2018",2,11,5,"陰","夜間(或隧道、地下道、涵洞)有照明",40,"直路","一般車道(未劃分快慢車道)","柏油","濕潤","不良","無號誌","無","未繪設快慢車道分隔線","有",50,"未使用",121.814277,24.846261,"宜蘭縣","頭城鎮"
"同向通行中","2018",2,11,5,"陰","夜間(或隧道、地下道、涵洞)有照明",40,"直路","一般車道(未劃分快慢車道)","柏油","濕潤","不良","無號誌","無","未繪設快慢車道分隔線","有",83,"非汽(機)車駕駛人",121.814277,24.846261,"宜蘭縣","頭城鎮"
"撞路樹、電桿","2018",2,11,23,"陰","夜間(或隧道、地下道、涵洞)有照明",50,"直路","一般車道(未劃分快慢車道)","柏油","乾燥","良好","無號誌","行車分向線","未繪設快慢車道分隔線","有",56,"未使用",120.412528,23.362254,"臺南市","白河區"
"側撞","2018",2,12,13,"晴","日間自然光線",50,"三岔路","交叉路口內","柏油","乾燥","良好","正常","無","未繪設快慢車道分隔線","無",79,"未使用",120.18967,23.033846,"臺南市","南區"
"側撞","2018",2,12,13,"晴","日間自然光線",50,"三岔路","交叉路口內","柏油","乾燥","良好","正常","無","未繪設快慢車道分隔線","無",66,"未使用",120.18967,23.033846,"臺南市","南區"
"撞護欄(樁)","2018",2,12,20,"晴","夜間(或隧道、地下道、涵洞)有照明",60,"直路","路肩、路緣","柏油","乾燥","良好","無號誌","雙向禁止超車線","未繪設快慢車道分隔線","有",61,"不明",120.905332,22.356647,"臺東縣","大武鄉"