"事故類型及型態子類別名稱","發生年度","發生月份","發生日期","發生時間","天候名稱","光線名稱","速限.第1當事者","道路型態子類別名稱","事故位置子類別名稱","路面狀況.路面鋪裝名稱","路面狀況.路面狀態名稱","道路障礙.視距品質名稱","號誌.號誌動作名稱","車道劃分設施.分向設施大類別名稱","車道劃分設施.分道設施.快慢車道間名稱","車道劃分設施.分道設施.路面邊線名稱","當事者事故發生時年齡","行動電話或電腦或其他相類功能裝置名稱","經度","緯度","縣市","鄉鎮"
"穿越道路中","2018",2,13,18,"晴","夜間(或隧道、地下道、涵洞)有照明",50,"直路","一般車道(未劃分快慢車道)","柏油","乾燥","良好","無號誌","行車分向線","未繪設快慢車道分隔線","有",26,"不明",120.52577,22.455774,"屏東縣","林邊鄉"
"穿越道路中","2018",2,13,18,"晴","夜間(或隧道、地下道、涵洞)有照明",50,"直路","一般車道(未劃分快慢車道)","柏油","乾燥","良好","無號誌","行車分向線","未繪設快慢車道分隔線","有",78,"非汽(機)車駕駛人",120.52577,22.455774,"屏東縣","林邊鄉"
"追撞","2018",2,13,22,"晴","夜間(或隧道、地下道、涵洞)有照明",50,"直路","快車道","柏油","乾燥","良好","無號誌","中央分向島","快慢車道分隔線","有",28,"非汽(機)車駕駛人",120.435269,23.567642,"嘉義縣","民雄鄉"
"追撞","2018",2,13,22,"晴","夜間(或隧道、地下道、涵洞)有照明",50,"直路","快車道","柏油","乾燥","良好","無號誌","中央分向島","快慢車道分隔線","有",36,"非汽(機)車駕駛人",120.435269,23.567642,"嘉義縣","民雄鄉"
"追撞","2018",2,13,22,"晴","夜間(或隧道、地下道、涵洞)有照明",50,"直路","快車道","柏油","乾燥","良好","無號誌","中央分向島","快慢車道分隔線","有",28,"未使用",120.435269,23.567642,"嘉義縣","民雄鄉"
"追撞","2018",2,13,22,"晴","夜間(或隧道、地下道、涵洞)有照明",50,"直路","快車道","柏油","乾燥","良好","無號誌","中央分向島","快慢車道分隔線","有",42,"非汽(機)車駕駛人",120.435269,23.567642,"嘉義縣","民雄鄉"
"追撞","2018",2,13,22,"晴","夜間(或隧道、地下道、涵洞)有照明",50,"直路","快車道","柏油","乾燥","良好","無號誌","中央分向島","快慢車道分隔線","有",37,"未使用",120.435269,23.567642,"嘉義縣","民雄鄉"
"其他","2018",2,14,8,"晴","日間自然光線",60,"三岔路","交叉路口內","柏油","乾燥","良好","正常","無","未繪設快慢車道分隔線","無",61,"未使用",120.723563,24.298088,"臺中市","后里區"
"其他","2018",2,14,8,"晴","日間自然光線",60,"三岔路","交叉路口內","柏油","乾燥","良好","正常","無","未繪設快慢車道分隔線","無",20,"未使用",120.723563,24.298088,"臺中市","后里區"
"其他","2018",2,14,8,"晴","日間自然光線",60,"三岔路","交叉路口內","柏油","乾燥","良好","正常","無","未繪設快慢車道分隔線","無",22,"未使用",120.723563,24.298088,"臺中市","后里區"
"其他","2018",2,14,8,"晴","日間自然光線",60,"三岔路","交叉路口內","柏油","乾燥","良好","正常","無","未繪設快慢車道分隔線","無",55,"未使用",120.723563,24.298088,"臺中市","后里區"
"其他","2018",2,14,8,"晴","日間自然光線",60,"三岔路","交叉路口內","柏油","乾燥","良好","正常","無","未繪設快慢車道分隔線","無",38,"非汽(機)車駕駛人",120.723563,24.298088,"臺中市","后里區"
"其他","2018",2,14,8,"晴","日間自然光線",60,"三岔路","交叉路口內","柏油","乾燥","良好","正常","無","未繪設快慢車道分隔線","無",58,"未使用",120.723563,24.298088,"臺中市","后里區"
"穿越道路中","2018",2,14,10,"晴","日間自然光線",40,"四岔路","交叉路口內","柏油","乾燥","良好","正常","行車分向線","未繪設快慢車道分隔線","有",73,"未使用",121.380934,23.105283,"臺東縣","成功鎮"
"穿越道路中","2018",2,14,10,"晴","日間自然光線",40,"四岔路","交叉路口內","柏油","乾燥","良好","正常","行車分向線","未繪設快慢車道分隔線","有",38,"未使用",121.380934,23.105283,"臺東縣","成功鎮"
"同向擦撞","2018",2,14,14,"晴","日間自然光線",50,"直路","一般車道(未劃分快慢車道)","柏油","乾燥","良好","無號誌","中央分向島","未繪設快慢車道分隔線","無",48,"不明",121.001731,24.793054,"新竹市","東區"
"同向擦撞","2018",2,14,14,"晴","日間自然光線",50,"直路","一般車道(未劃分快慢車道)","柏油","乾燥","良好","無號誌","中央分向島","未繪設快慢車道分隔線","無",19,"未使用",121.001731,24.793054,"新竹市","東區"
"其他","2018",2,14,21,"晴","夜間(或隧道、地下道、涵洞)有照明",50,"直路","快車道","柏油","乾燥","良好","無號誌","中央分向島","快慢車道分隔線","無",75,"非汽(機)車駕駛人",121.53941,25.068314,"臺北市","中山區"
"其他","2018",2,14,21,"晴","夜間(或隧道、地下道、涵洞)有照明",50,"直路","快車道","柏油","乾燥","良好","無號誌","中央分向島","快慢車道分隔線","無",80,"未使用",121.53941,25.068314,"臺北市","中山區"
"側撞","2018",2,15,10,"晴","日間自然光線",50,"四岔路","交叉路口內","柏油","乾燥","良好","正常","無","未繪設快慢車道分隔線","無",54,"不明",120.515289,23.49079,"嘉義縣","竹崎鄉"
"側撞","2018",2,15,10,"晴","日間自然光線",50,"四岔路","交叉路口內","柏油","乾燥","良好","正常","無","未繪設快慢車道分隔線","無",42,"未使用",120.515289,23.49079,"嘉義縣","竹崎鄉"
"撞路樹、電桿","2018",2,15,23,"晴","夜間(或隧道、地下道、涵洞)有照明",50,"四岔路","交叉口附近","柏油","乾燥","良好","正常","雙向禁止超車線","未繪設快慢車道分隔線","有",43,"不明",120.395705,23.6764,"雲林縣","土庫鎮"
"路上翻車、摔倒","2018",2,16,18,"晴","夜間(或隧道、地下道、涵洞)有照明",40,"直路","一般車道(未劃分快慢車道)","柏油","乾燥","良好","無號誌","無","未繪設快慢車道分隔線","無",59,"未使用",120.528107,22.767684,"屏東縣","里港鄉"
"撞路樹、電桿","2018",2,16,19,"晴","夜間(或隧道、地下道、涵洞)有照明",50,"直路","路肩、路緣","柏油","乾燥","良好","無號誌","行車分向線","未繪設快慢車道分隔線","有",56,"不明",120.292556,23.705368,"雲林縣","褒忠鄉"
"側撞","2018",2,16,20,"晴","夜間(或隧道、地下道、涵洞)有照明",50,"直路","一般車道(未劃分快慢車道)","柏油","乾燥","良好","無號誌","雙向禁止超車線","未繪設快慢車道分隔線","有",26,"未使用",121.573463,23.941622,"花蓮縣","吉安鄉"
"側撞","2018",2,16,20,"晴","夜間(或隧道、地下道、涵洞)有照明",50,"直路","一般車道(未劃分快慢車道)","柏油","乾燥","良好","無號誌","雙向禁止超車線","未繪設快慢車道分隔線","有",25,"未使用",121.573463,23.941622,"花蓮縣","吉安鄉"
"路上翻車、摔倒","2018",2,16,20,"雨","夜間(或隧道、地下道、涵洞)無照明",50,"直路","一般車道(未劃分快慢車道)","柏油","濕潤","良好","無號誌","中央分向島","未繪設快慢車道分隔線","有",58,"未使用",121.729054,25.108334,"基隆市","暖暖區"
"側撞","2018",2,17,0,"晴","夜間(或隧道、地下道、涵洞)有照明",50,"四岔路","交叉路口內","柏油","乾燥","良好","正常","無","未繪設快慢車道分隔線","無",68,"未使用",120.197508,22.986334,"臺南市","南區"
"側撞","2018",2,17,0,"晴","夜間(或隧道、地下道、涵洞)有照明",50,"四岔路","交叉路口內","柏油","乾燥","良好","正常","無","未繪設快慢車道分隔線","無",24,"未使用",120.197508,22.986334,"臺南市","南區"
"側撞","2018",2,17,0,"晴","夜間(或隧道、地下道、涵洞)有照明",50,"四岔路","交叉路口內","柏油","乾燥","良好","正常","無","未繪設快慢車道分隔線","無",46,"非汽(機)車駕駛人",120.197508,22.986334,"臺南市","南區"
"其他","2018",2,17,14,"晴","日間自然光線",50,"彎曲路及附近","一般車道(未劃分快慢車道)","柏油","乾燥","良好","無號誌","雙向禁止超車線","未繪設快慢車道分隔線","有",89,"非汽(機)車駕駛人",121.026122,24.903614,"新竹縣","新豐鄉"
"其他","2018",2,17,14,"晴","日間自然光線",50,"彎曲路及附近","一般車道(未劃分快慢車道)","柏油","乾燥","良好","無號誌","雙向禁止超車線","未繪設快慢車道分隔線","有",60,"未使用",121.026122,24.903614,"新竹縣","新豐鄉"
"其他","2018",2,17,14,"晴","日間自然光線",50,"彎曲路及附近","一般車道(未劃分快慢車道)","柏油","乾燥","良好","無號誌","雙向禁止超車線","未繪設快慢車道分隔線","有",56,"非汽(機)車駕駛人",121.026122,24.903614,"新竹縣","新豐鄉"
"穿越道路中","2018",2,17,21,"晴","夜間(或隧道、地下道、涵洞)有照明",60,"四岔路","交叉路口內","柏油","乾燥","良好","正常","中央分向島","未繪設快慢車道分隔線","無",32,"未使用",120.703267,24.246409,"臺中市","豐原區"
"穿越道路中","2018",2,17,21,"晴","夜間(或隧道、地下道、涵洞)有照明",60,"四岔路","交叉路口內","柏油","乾燥","良好","正常","中央分向島","未繪設快慢車道分隔線","無",65,"非汽(機)車駕駛人",120.703267,24.246409,"臺中市","豐原區"
"對撞","2018",2,18,16,"晴","日間自然光線",50,"彎曲路及附近","一般車道(未劃分快慢車道)","柏油","乾燥","不良","無號誌","雙向禁止超車線","未繪設快慢車道分隔線","有",72,"不明",121.585603,25.186546,"新北市","金山區"
"對撞","2018",2,18,16,"晴","日間自然光線",50,"彎曲路及附近","一般車道(未劃分快慢車道)","柏油","乾燥","不良","無號誌","雙向禁止超車線","未繪設快慢車道分隔線","有",65,"未使用",121.585603,25.186546,"新北市","金山區"
"對撞","2018",2,18,16,"晴","日間自然光線",50,"彎曲路及附近","一般車道(未劃分快慢車道)","柏油","乾燥","不良","無號誌","雙向禁止超車線","未繪設快慢車道分隔線","有",54,"未使用",121.585603,25.186546,"新北市","金山區"
"對撞","2018",2,18,16,"晴","日間自然光線",50,"彎曲路及附近","一般車道(未劃分快慢車道)","柏油","乾燥","不良","無號誌","雙向禁止超車線","未繪設快慢車道分隔線","有",24,"未使用",121.585603,25.186546,"新北市","金山區"
"對撞","2018",2,18,16,"晴","日間自然光線",50,"彎曲路及附近","一般車道(未劃分快慢車道)","柏油","乾燥","不良","無號誌","雙向禁止超車線","未繪設快慢車道分隔線","有",41,"未使用",121.585603,25.186546,"新北市","金山區"
"對撞","2018",2,18,16,"晴","日間自然光線",50,"彎曲路及附近","一般車道(未劃分快慢車道)","柏油","乾燥","不良","無號誌","雙向禁止超車線","未繪設快慢車道分隔線","有",16,"未使用",121.585603,25.186546,"新北市","金山區"
"對撞","2018",2,18,16,"晴","日間自然光線",50,"彎曲路及附近","一般車道(未劃分快慢車道)","柏油","乾燥","不良","無號誌","雙向禁止超車線","未繪設快慢車道分隔線","有",52,"未使用",121.585603,25.186546,"新北市","金山區"
"衝出路外","2018",2,19,16,"晴","日間自然光線",60,"彎曲路及附近","路肩、路緣","柏油","乾燥","良好","無號誌","中央分向島","未繪設快慢車道分隔線","有",29,"未使用",121.252906,24.876383,"桃園市","大溪區"
"衝出路外","2018",2,19,16,"晴","日間自然光線",60,"彎曲路及附近","路肩、路緣","柏油","乾燥","良好","無號誌","中央分向島","未繪設快慢車道分隔線","有",25,"未使用",121.252906,24.876383,"桃園市","大溪區"
"路上翻車、摔倒","2018",2,19,16,"晴","日間自然光線",40,"彎曲路及附近","一般車道(未劃分快慢車道)","柏油","乾燥","良好","無號誌","雙向禁止超車線","未繪設快慢車道分隔線","有",32,"未使用",121.720231,24.901738,"新北市","坪林區"
"同向擦撞","2018",2,19,22,"晴","夜間(或隧道、地下道、涵洞)有照明",50,"直路","快車道","柏油","乾燥","良好","無號誌","中央分向島","快慢車道分隔線","有",37,"未使用",120.476019,23.672192,"雲林縣","斗南鎮"
"同向擦撞","2018",2,19,22,"晴","夜間(或隧道、地下道、涵洞)有照明",50,"直路","快車道","柏油","乾燥","良好","無號誌","中央分向島","快慢車道分隔線","有",63,"非汽(機)車駕駛人",120.476019,23.672192,"雲林縣","斗南鎮"
"其他","2018",2,20,4,"晴","夜間(或隧道、地下道、涵洞)有照明",40,"直路","一般車道(未劃分快慢車道)","柏油","乾燥","良好","無號誌","中央分向島","未繪設快慢車道分隔線","無",50,"不明",121.552859,25.044306,"臺北市","大安區"
"其他","2018",2,20,4,"晴","夜間(或隧道、地下道、涵洞)有照明",40,"直路","一般車道(未劃分快慢車道)","柏油","乾燥","良好","無號誌","中央分向島","未繪設快慢車道分隔線","無",19,"未使用",121.552859,25.044306,"臺北市","大安區"
"撞路樹、電桿","2018",2,20,5,"晴","夜間(或隧道、地下道、涵洞)有照明",60,"直路","快車道","柏油","乾燥","良好","無號誌","雙向禁止超車線","快慢車道分隔線","有",21,"未使用",120.569581,22.707102,"屏東縣","長治鄉"
"追撞","2018",2,20,10,"晴","晨或暮光",40,"三岔路","交叉路口內","柏油","乾燥","良好","無號誌","雙向禁止超車線","未繪設快慢車道分隔線","有",22,"未使用",120.959045,24.863834,"新竹縣","竹北市"
"追撞","2018",2,20,10,"晴","晨或暮光",40,"三岔路","交叉路口內","柏油","乾燥","良好","無號誌","雙向禁止超車線","未繪設快慢車道分隔線","有",37,"未使用",120.959045,24.863834,"新竹縣","竹北市"
"對撞","2018",2,20,16,"晴","日間自然光線",60,"直路","快車道","柏油","乾燥","良好","無號誌","雙向禁止超車線","快慢車道分隔線","有",30,"未使用",120.400283,23.898076,"彰化縣","二林鎮"
"對撞","2018",2,20,16,"晴","日間自然光線",60,"直路","快車道","柏油","乾燥","良好","無號誌","雙向禁止超車線","快慢車道分隔線","有",38,"未使用",120.400283,23.898076,"彰化縣","二林鎮"
"撞路樹、電桿","2018",2,21,0,"晴","夜間(或隧道、地下道、涵洞)有照明",50,"直路","其他","柏油","乾燥","良好","無號誌","中央分向島","未繪設快慢車道分隔線","有",45,"不明",120.203213,23.478021,"嘉義縣","東石鄉"
"同向擦撞","2018",2,21,15,"晴","日間自然光線",40,"三岔路","交叉路口內","柏油","乾燥","良好","無號誌","無","未繪設快慢車道分隔線","無",76,"非汽(機)車駕駛人",120.424912,23.547898,"嘉義縣","民雄鄉"
"同向擦撞","2018",2,21,15,"晴","日間自然光線",40,"三岔路","交叉路口內","柏油","乾燥","良好","無號誌","無","未繪設快慢車道分隔線","無",54,"未使用",120.424912,23.547898,"嘉義縣","民雄鄉"
"衝出路外","2018",2,22,9,"陰","日間自然光線",40,"直路","一般車道(未劃分快慢車道)","柏油","乾燥","良好","無號誌","無","未繪設快慢車道分隔線","無",58,"不明",120.344368,23.503723,"嘉義縣","太保市"
"撞路樹、電桿","2018",2,22,13,"晴","日間自然光線",60,"直路","慢車道","柏油","乾燥","良好","無號誌","中央分向島","快慢車道分隔線","有",22,"不明",120.475066,22.48891,"屏東縣","東港鎮"
"撞路樹、電桿","2018",2,23,6,"陰","晨或暮光",50,"彎曲路及附近","一般車道(未劃分快慢車道)","柏油","乾燥","不良","無號誌","雙向禁止超車線","未繪設快慢車道分隔線","有",19,"未使用",121.183671,23.071258,"臺東縣","海端鄉"
"同向擦撞","2018",2,23,8,"晴","日間自然光線",50,"多岔路","交叉路口內","柏油","乾燥","良好","正常","雙向禁止超車線","未繪設快慢車道分隔線","有",88,"不明",120.294535,22.799669,"高雄市","岡山區"
"同向擦撞","2018",2,23,8,"晴","日間自然光線",50,"多岔路","交叉路口內","柏油","乾燥","良好","正常","雙向禁止超車線","未繪設快慢車道分隔線","有",54,"未使用",120.294535,22.799669,"高雄市","岡山區"
"其他","2018",2,23,16,"晴","日間自然光線",60,"直路","一般車道(未劃分快慢車道)","柏油","乾燥","良好","無號誌","雙向禁止超車線","快慢車道分隔線","有",80,"非汽(機)車駕駛人",120.820093,24.274157,"臺中市","東勢區"
"其他","2018",2,23,16,"晴","日間自然光線",60,"直路","一般車道(未劃分快慢車道)","柏油","乾燥","良好","無號誌","雙向禁止超車線","快慢車道分隔線","有",19,"未使用",120.820093,24.274157,"臺中市","東勢區"
"其他","2018",2,23,16,"晴","日間自然光線",60,"直路","一般車道(未劃分快慢車道)","柏油","乾燥","良好","無號誌","雙向禁止超車線","快慢車道分隔線","有",54,"未使用",120.820093,24.274157,"臺中市","東勢區"
"其他","2018",2,23,16,"晴","日間自然光線",60,"直路","一般車道(未劃分快慢車道)","柏油","乾燥","良好","無號誌","雙向禁止超車線","快慢車道分隔線","有",36,"未使用",120.820093,24.274157,"臺中市","東勢區"
"穿越道路中","2018",2,23,18,"晴","夜間(或隧道、地下道、涵洞)有照明",60,"三岔路","交叉口附近","柏油","乾燥","良好","無號誌","雙向禁止超車線","未繪設快慢車道分隔線","有",85,"非汽(機)車駕駛人",120.504277,24.050617,"彰化縣","秀水鄉"
"穿越道路中","2018",2,23,18,"晴","夜間(或隧道、地下道、涵洞)有照明",60,"三岔路","交叉口附近","柏油","乾燥","良好","無號誌","雙向禁止超車線","未繪設快慢車道分隔線","有",47,"未使用",120.504277,24.050617,"彰化縣","秀水鄉"
"路上翻車、摔倒","2018",2,23,23,"晴","夜間(或隧道、地下道、涵洞)有照明",90,"直路","快車道","柏油","乾燥","良好","無號誌","中央分向島","未繪設快慢車道分隔線","有",21,"未使用",121.178756,25.08241,"桃園市","大園區"
"撞路樹、電桿","2018",2,24,1,"晴","夜間(或隧道、地下道、涵洞)有照明",50,"直路","路肩、路緣","柏油","乾燥","良好","無號誌","行車分向線","未繪設快慢車道分隔線","有",37,"未使用",121.354221,25.047641,"桃園市","龜山區"
"其他","2018",2,24,4,"晴","夜間(或隧道、地下道、涵洞)無照明",40,"直路","一般車道(未劃分快慢車道)","柏油","乾燥","良好","無號誌","行車分向線","未繪設快慢車道分隔線","有",25,"非汽(機)車駕駛人",120.788462,23.945022,"南投縣","中寮鄉"
"其他","2018",2,24,4,"晴","夜間(或隧道、地下道、涵洞)無照明",40,"直路","一般車道(未劃分快慢車道)","柏油","乾燥","良好","無號誌","行車分向線","未繪設快慢車道分隔線","有",59,"未使用",120.788462,23.945022,"南投縣","中寮鄉"
"路口交岔撞","2018",2,24,12,"晴","日間自然光線",40,"四岔路","交叉路口內","柏油","乾燥","良好","無號誌","無","未繪設快慢車道分隔線","無",55,"未使用",120.441682,23.675671,"雲林縣","斗南鎮"
"路口交岔撞","2018",2,24,12,"晴","日間自然光線",40,"四岔路","交叉路口內","柏油","乾燥","良好","無號誌","無","未繪設快慢車道分隔線","無",34,"未使用",120.441682,23.675671,"雲林縣","斗南鎮"
"同向擦撞","2018",2,24,12,"晴","日間自然光線",50,"直路","一般車道(未劃分快慢車道)","柏油","乾燥","良好","無號誌","行車分向線","未繪設快慢車道分隔線","有",38,"未使用",121.33116,24.831699,"桃園市","復興區"
"同向擦撞","2018",2,24,12,"晴","日間自然光線",50,"直路","一般車道(未劃分快慢車道)","柏油","乾燥","良好","無號誌","行車分向線","未繪設快慢車道分隔線","有",33,"未使用",121.33116,24.831699,"桃園市","復興區"
"同向擦撞","2018",2,24,12,"晴","日間自然光線",50,"直路","一般車道(未劃分快慢車道)","柏油","乾燥","良好","無號誌","行車分向線","未繪設快慢車道分隔線","有",75,"未使用",121.33116,24.831699,"桃園市","復興區"
"撞路樹、電桿","2018",2,24,15,"晴","日間自然光線",50,"直路","路肩、路緣","柏油","乾燥","良好","無號誌","行車分向線","快慢車道分隔線","無",17,"未使用",120.442154,22.4774,"屏東縣","新園鄉"
"撞路樹、電桿","2018",2,24,15,"晴","日間自然光線",50,"直路","路肩、路緣","柏油","乾燥","良好","無號誌","行車分向線","快慢車道分隔線","無",17,"非汽(機)車駕駛人",120.442154,22.4774,"屏東縣","新園鄉"
"撞護欄(樁)","2018",2,24,16,"晴","日間自然光線",50,"直路","機車專用道","柏油","乾燥","良好","無號誌","中央分向島","快慢車道分隔線","無",27,"未使用",121.458371,25.075385,"新北市","五股區"
"撞護欄(樁)","2018",2,24,16,"晴","日間自然光線",50,"直路","機車專用道","柏油","乾燥","良好","無號誌","中央分向島","快慢車道分隔線","無",23,"未使用",121.458371,25.075385,"新北市","五股區"
"同向擦撞","2018",2,24,17,"晴","日間自然光線",50,"四岔路","交叉路口內","柏油","乾燥","良好","正常","無","未繪設快慢車道分隔線","無",73,"未使用",120.258415,22.997879,"臺南市","永康區"
"同向擦撞","2018",2,24,17,"晴","日間自然光線",50,"四岔路","交叉路口內","柏油","乾燥","良好","正常","無","未繪設快慢車道分隔線","無",54,"未使用",120.258415,22.997879,"臺南市","永康區"
"追撞","2018",2,25,2,"陰","夜間(或隧道、地下道、涵洞)有照明",50,"直路","一般車道(未劃分快慢車道)","柏油","乾燥","良好","無號誌","雙向禁止超車線","未繪設快慢車道分隔線","有",32,"不明",121.307822,24.992844,"桃園市","桃園區"
"追撞","2018",2,25,2,"陰","夜間(或隧道、地下道、涵洞)有照明",50,"直路","一般車道(未劃分快慢車道)","柏油","乾燥","良好","無號誌","雙向禁止超車線","未繪設快慢車道分隔線","有",31,"未使用",121.307822,24.992844,"桃園市","桃園區"
"撞護欄(樁)","2018",2,25,13,"晴","日間自然光線",30,"彎曲路及附近","一般車道(未劃分快慢車道)","柏油","乾燥","良好","無號誌","雙向禁止超車線","未繪設快慢車道分隔線","有",58,"未使用",120.782579,23.490291,"嘉義縣","阿里山鄉"
"撞護欄(樁)","2018",2,25,13,"晴","日間自然光線",30,"彎曲路及附近","一般車道(未劃分快慢車道)","柏油","乾燥","良好","無號誌","雙向禁止超車線","未繪設快慢車道分隔線","有",83,"未使用",120.782579,23.490291,"嘉義縣","阿里山鄉"
"路口交岔撞","2018",2,25,16,"晴","日間自然光線",40,"四岔路","交叉路口內","柏油","乾燥","良好","無號誌","無","未繪設快慢車道分隔線","無",36,"不明",120.286836,23.674894,"雲林縣","元長鄉"
"路口交岔撞","2018",2,25,16,"晴","日間自然光線",40,"四岔路","交叉路口內","柏油","乾燥","良好","無號誌","無","未繪設快慢車道分隔線","無",70,"未使用",120.286836,23.674894,"雲林縣","元長鄉"
"撞號誌、標誌桿","2018",2,26,11,"晴","日間自然光線",50,"直路","機車專用道","柏油","乾燥","良好","無號誌","行車分向線","快慢車道分隔線","有",73,"不明",120.56632,22.615134,"屏東縣","內埔鄉"
"路口交岔撞","2018",2,26,17,"晴","日間自然光線",40,"四岔路","交叉路口內","柏油","乾燥","良好","正常","無","未繪設快慢車道分隔線","無",61,"未使用",120.564523,24.297291,"臺中市","清水區"
"路口交岔撞","2018",2,26,17,"晴","日間自然光線",40,"四岔路","交叉路口內","柏油","乾燥","良好","正常","無","未繪設快慢車道分隔線","無",77,"未使用",120.564523,24.297291,"臺中市","清水區"
"穿越道路中","2018",2,26,18,"晴","夜間(或隧道、地下道、涵洞)有照明",50,"直路","一般車道(未劃分快慢車道)","柏油","乾燥","良好","無號誌","雙向禁止超車線","未繪設快慢車道分隔線","有",44,"不明",120.701406,24.45617,"苗栗縣","通霄鎮"
"穿越道路中","2018",2,26,18,"晴","夜間(或隧道、地下道、涵洞)有照明",50,"直路","一般車道(未劃分快慢車道)","柏油","乾燥","良好","無號誌","雙向禁止超車線","未繪設快慢車道分隔線","有",83,"非汽(機)車駕駛人",120.701406,24.45617,"苗栗縣","通霄鎮"
"路口交岔撞","2018",2,27,4,"晴","夜間(或隧道、地下道、涵洞)有照明",50,"四岔路","交叉路口內","柏油","乾燥","良好","正常","無","未繪設快慢車道分隔線","無",51,"",120.694614,24.174519,"臺中市","北屯區"
"路口交岔撞","2018",2,27,4,"晴","夜間(或隧道、地下道、涵洞)有照明",50,"四岔路","交叉路口內","柏油","乾燥","良好","正常","無","未繪設快慢車道分隔線","無",43,"",120.694614,24.174519,"臺中市","北屯區"
"路口交岔撞","2018",2,27,4,"晴","夜間(或隧道、地下道、涵洞)有照明",50,"四岔路","交叉路口內","柏油","乾燥","良好","正常","無","未繪設快慢車道分隔線","無",35,"未使用",120.694614,24.174519,"臺中市","北屯區"
"路口交岔撞","2018",2,27,4,"晴","夜間(或隧道、地下道、涵洞)有照明",50,"四岔路","交叉路口內","柏油","乾燥","良好","正常","無","未繪設快慢車道分隔線","無",58,"未使用",120.694614,24.174519,"臺中市","北屯區"
"路口交岔撞","2018",2,27,4,"晴","夜間(或隧道、地下道、涵洞)有照明",50,"四岔路","交叉路口內","柏油","乾燥","良好","正常","無","未繪設快慢車道分隔線","無",54,"非汽(機)車駕駛人",120.694614,24.174519,"臺中市","北屯區"
"路口交岔撞","2018",2,27,4,"晴","夜間(或隧道、地下道、涵洞)有照明",50,"四岔路","交叉路口內","柏油","乾燥","良好","正常","無","未繪設快慢車道分隔線","無",39,"未使用",120.694614,24.174519,"臺中市","北屯區"
"路口交岔撞","2018",2,27,4,"晴","夜間(或隧道、地下道、涵洞)有照明",50,"四岔路","交叉路口內","柏油","乾燥","良好","正常","無","未繪設快慢車道分隔線","無",29,"未使用",120.694614,24.174519,"臺中市","北屯區"
"撞護欄(樁)","2018",2,27,5,"晴","夜間(或隧道、地下道、涵洞)無照明",100,"直路","快車道","柏油","乾燥","良好","無號誌","中央分向島","未繪設快慢車道分隔線","有",45,"不明",120.382228,22.759615,"高雄市","燕巢區"
"側撞","2018",2,27,16,"晴","日間自然光線",40,"直路","一般車道(未劃分快慢車道)","柏油","乾燥","良好","無號誌","雙向禁止超車線","未繪設快慢車道分隔線","無",64,"非汽(機)車駕駛人",120.3466,22.58185,"高雄市","小港區"
"側撞","2018",2,27,16,"晴","日間自然光線",40,"直路","一般車道(未劃分快慢車道)","柏油","乾燥","良好","無號誌","雙向禁止超車線","未繪設快慢車道分隔線","無",47,"未使用",120.3466,22.58185,"高雄市","小港區"
"其他","2018",2,27,18,"晴","夜間(或隧道、地下道、涵洞)有照明",40,"四岔路","交叉路口內","柏油","乾燥","良好","正常","無","未繪設快慢車道分隔線","無",62,"不明",120.342512,22.644941,"高雄市","三民區"
"其他","2018",2,27,18,"晴","夜間(或隧道、地下道、涵洞)有照明",40,"四岔路","交叉路口內","柏油","乾燥","良好","正常","無","未繪設快慢車道分隔線","無",20,"未使用",120.342512,22.644941,"高雄市","三民區"
"其他","2018",2,28,5,"晴","晨或暮光",50,"四岔路","交叉路口內","柏油","乾燥","良好","正常","中央分向島","未繪設快慢車道分隔線","無",23,"不明",121.499346,25.035301,"臺北市","萬華區"
"其他","2018",2,28,5,"晴","晨或暮光",50,"四岔路","交叉路口內","柏油","乾燥","良好","正常","中央分向島","未繪設快慢車道分隔線","無",57,"非汽(機)車駕駛人",121.499346,25.035301,"臺北市","萬華區"
"撞路樹、電桿","2018",2,28,13,"晴","日間自然光線",50,"彎曲路及附近","路肩、路緣","柏油","乾燥","良好","無號誌","行車分向線","未繪設快慢車道分隔線","有",76,"未使用",120.503737,23.420029,"嘉義縣","中埔鄉"
"路上翻車、摔倒","2018",2,28,16,"晴","日間自然光線",100,"直路","一般車道(未劃分快慢車道)","柏油","乾燥","良好","無號誌","中央分向島","未繪設快慢車道分隔線","有",33,"不明",120.228577,23.453452,"嘉義縣","朴子市"
"側撞","2018",3,1,7,"晴","日間自然光線",50,"四岔路","交叉路口內","柏油","乾燥","良好","正常","中央分向島","快慢車道分隔線","有",40,"未使用",120.225807,22.918657,"臺南市","仁德區"
"側撞","2018",3,1,7,"晴","日間自然光線",50,"四岔路","交叉路口內","柏油","乾燥","良好","正常","中央分向島","快慢車道分隔線","有",48,"未使用",120.225807,22.918657,"臺南市","仁德區"
"追撞","2018",3,1,18,"晴","夜間(或隧道、地下道、涵洞)有照明",40,"直路","一般車道(未劃分快慢車道)","柏油","乾燥","良好","無號誌","雙向禁止超車線","未繪設快慢車道分隔線","有",63,"未使用",121.281436,25.021016,"桃園市","桃園區"
"追撞","2018",3,1,18,"晴","夜間(或隧道、地下道、涵洞)有照明",40,"直路","一般車道(未劃分快慢車道)","柏油","乾燥","良好","無號誌","雙向禁止超車線","未繪設快慢車道分隔線","有",51,"未使用",121.281436,25.021016,"桃園市","桃園區"
"其他","2018",3,1,20,"晴","夜間(或隧道、地下道、涵洞)無照明",110,"直路","快車道","柏油","乾燥","良好","無號誌","中央分向島","未繪設快慢車道分隔線","有",52,"未使用",120.566336,24.105133,"彰化縣","彰化市"