"事故類型及型態子類別名稱","發生年度","發生月份","發生日期","發生時間","天候名稱","光線名稱","速限.第1當事者","道路型態子類別名稱","事故位置子類別名稱","路面狀況.路面鋪裝名稱","路面狀況.路面狀態名稱","道路障礙.視距品質名稱","號誌.號誌動作名稱","車道劃分設施.分向設施大類別名稱","車道劃分設施.分道設施.快慢車道間名稱","車道劃分設施.分道設施.路面邊線名稱","當事者事故發生時年齡","行動電話或電腦或其他相類功能裝置名稱","經度","緯度","縣市","鄉鎮"
"其他","2018",3,1,20,"晴","夜間(或隧道、地下道、涵洞)無照明",110,"直路","快車道","柏油","乾燥","良好","無號誌","中央分向島","未繪設快慢車道分隔線","有",55,"非汽(機)車駕駛人",120.566336,24.105133,"彰化縣","彰化市"
"其他","2018",3,1,20,"晴","夜間(或隧道、地下道、涵洞)無照明",110,"直路","快車道","柏油","乾燥","良好","無號誌","中央分向島","未繪設快慢車道分隔線","有",19,"未使用",120.566336,24.105133,"彰化縣","彰化市"
"其他","2018",3,1,20,"晴","夜間(或隧道、地下道、涵洞)無照明",110,"直路","快車道","柏油","乾燥","良好","無號誌","中央分向島","未繪設快慢車道分隔線","有",37,"未使用",120.566336,24.105133,"彰化縣","彰化市"
"其他","2018",3,1,20,"晴","夜間(或隧道、地下道、涵洞)無照明",110,"直路","快車道","柏油","乾燥","良好","無號誌","中央分向島","未繪設快慢車道分隔線","有",63,"未使用",120.566336,24.105133,"彰化縣","彰化市"
"撞路樹、電桿","2018",3,2,14,"晴","日間自然光線",70,"直路","路肩、路緣","柏油","乾燥","良好","無號誌","中央分向島","快慢車道分隔線","有",49,"不明",121.50597,23.829312,"花蓮縣","壽豐鄉"
"其他","2018",3,2,15,"晴","日間自然光線",50,"直路","慢車道","柏油","乾燥","良好","無號誌","行車分向線","未繪設快慢車道分隔線","有",37,"未使用",120.9673,24.842414,"新竹縣","竹北市"
"其他","2018",3,2,15,"晴","日間自然光線",50,"直路","慢車道","柏油","乾燥","良好","無號誌","行車分向線","未繪設快慢車道分隔線","有",85,"未使用",120.9673,24.842414,"新竹縣","竹北市"
"穿越道路中","2018",3,2,18,"晴","夜間(或隧道、地下道、涵洞)有照明",50,"直路","一般車道(未劃分快慢車道)","柏油","乾燥","良好","無號誌","行車分向線","未繪設快慢車道分隔線","有",29,"不明",120.648019,23.87076,"南投縣","名間鄉"
"穿越道路中","2018",3,2,18,"晴","夜間(或隧道、地下道、涵洞)有照明",50,"直路","一般車道(未劃分快慢車道)","柏油","乾燥","良好","無號誌","行車分向線","未繪設快慢車道分隔線","有",80,"不明",120.648019,23.87076,"南投縣","名間鄉"
"撞路樹、電桿","2018",3,3,0,"晴","夜間(或隧道、地下道、涵洞)有照明",50,"直路","一般車道(未劃分快慢車道)","柏油","乾燥","良好","無號誌","行車分向線","未繪設快慢車道分隔線","有",41,"未使用",120.254856,23.310497,"臺南市","鹽水區"
"撞交通島","2018",3,3,0,"晴","夜間(或隧道、地下道、涵洞)有照明",50,"三岔路","交叉口附近","柏油","乾燥","良好","正常","中央分向島","快慢車道分隔線","有",25,"不明",120.488383,22.602621,"屏東縣","萬丹鄉"
"追撞","2018",3,3,6,"霧或煙","日間自然光線",50,"彎曲路及附近","一般車道(未劃分快慢車道)","柏油","乾燥","良好","無號誌","行車分向線","未繪設快慢車道分隔線","有",38,"未使用",121.192691,25.081932,"桃園市","大園區"
"追撞","2018",3,3,6,"霧或煙","日間自然光線",50,"彎曲路及附近","一般車道(未劃分快慢車道)","柏油","乾燥","良好","無號誌","行車分向線","未繪設快慢車道分隔線","有",58,"未使用",121.192691,25.081932,"桃園市","大園區"
"衝出路外","2018",3,3,6,"晴","晨或暮光",50,"彎曲路及附近","路肩、路緣","柏油","乾燥","良好","正常","雙向禁止超車線","未繪設快慢車道分隔線","有",29,"不明",120.497662,23.791217,"雲林縣","西螺鎮"
"側撞","2018",3,4,7,"晴","日間自然光線",50,"四岔路","交叉路口內","柏油","乾燥","良好","正常","無","未繪設快慢車道分隔線","無",60,"不明",120.700341,24.179296,"臺中市","北屯區"
"側撞","2018",3,4,7,"晴","日間自然光線",50,"四岔路","交叉路口內","柏油","乾燥","良好","正常","無","未繪設快慢車道分隔線","無",73,"不明",120.700341,24.179296,"臺中市","北屯區"
"路口交岔撞","2018",3,4,11,"晴","日間自然光線",50,"四岔路","交叉路口內","柏油","乾燥","良好","無號誌","雙向禁止超車線","未繪設快慢車道分隔線","無",11,"不明",120.677505,24.409826,"苗栗縣","苑裡鎮"
"路口交岔撞","2018",3,4,11,"晴","日間自然光線",50,"四岔路","交叉路口內","柏油","乾燥","良好","無號誌","雙向禁止超車線","未繪設快慢車道分隔線","無",5,"非汽(機)車駕駛人",120.677505,24.409826,"苗栗縣","苑裡鎮"
"路口交岔撞","2018",3,4,11,"晴","日間自然光線",50,"四岔路","交叉路口內","柏油","乾燥","良好","無號誌","雙向禁止超車線","未繪設快慢車道分隔線","無",66,"不明",120.677505,24.409826,"苗栗縣","苑裡鎮"
"路口交岔撞","2018",3,4,11,"晴","日間自然光線",50,"四岔路","交叉路口內","柏油","乾燥","良好","無號誌","雙向禁止超車線","未繪設快慢車道分隔線","無",46,"不明",120.677505,24.409826,"苗栗縣","苑裡鎮"
"路口交岔撞","2018",3,4,11,"晴","日間自然光線",50,"四岔路","交叉路口內","柏油","乾燥","良好","無號誌","雙向禁止超車線","未繪設快慢車道分隔線","無",39,"非汽(機)車駕駛人",120.677505,24.409826,"苗栗縣","苑裡鎮"
"路口交岔撞","2018",3,4,11,"晴","日間自然光線",50,"四岔路","交叉路口內","柏油","乾燥","良好","無號誌","雙向禁止超車線","未繪設快慢車道分隔線","無",62,"非汽(機)車駕駛人",120.677505,24.409826,"苗栗縣","苑裡鎮"
"側撞","2018",3,4,17,"晴","日間自然光線",50,"三岔路","交叉路口內","柏油","乾燥","良好","正常","無","未繪設快慢車道分隔線","無",79,"未使用",121.219801,24.924567,"桃園市","平鎮區"
"側撞","2018",3,4,17,"晴","日間自然光線",50,"三岔路","交叉路口內","柏油","乾燥","良好","正常","無","未繪設快慢車道分隔線","無",23,"未使用",121.219801,24.924567,"桃園市","平鎮區"
"路口交岔撞","2018",3,5,5,"晴","日間自然光線",50,"三岔路","交叉路口內","柏油","乾燥","良好","正常","無","未繪設快慢車道分隔線","無",12,"未使用",121.179388,24.910674,"桃園市","楊梅區"
"路口交岔撞","2018",3,5,5,"晴","日間自然光線",50,"三岔路","交叉路口內","柏油","乾燥","良好","正常","無","未繪設快慢車道分隔線","無",73,"未使用",121.179388,24.910674,"桃園市","楊梅區"
"路口交岔撞","2018",3,5,5,"晴","日間自然光線",50,"三岔路","交叉路口內","柏油","乾燥","良好","正常","無","未繪設快慢車道分隔線","無",11,"非汽(機)車駕駛人",121.179388,24.910674,"桃園市","楊梅區"
"穿越道路中","2018",3,5,5,"晴","日間自然光線",50,"直路","一般車道(未劃分快慢車道)","柏油","乾燥","良好","無號誌","中央分向島","未繪設快慢車道分隔線","有",44,"不明",121.473932,25.047342,"新北市","三重區"
"穿越道路中","2018",3,5,5,"晴","日間自然光線",50,"直路","一般車道(未劃分快慢車道)","柏油","乾燥","良好","無號誌","中央分向島","未繪設快慢車道分隔線","有",76,"非汽(機)車駕駛人",121.473932,25.047342,"新北市","三重區"
"側撞","2018",3,5,11,"陰","日間自然光線",50,"三岔路","交叉路口內","柏油","乾燥","良好","正常","無","未繪設快慢車道分隔線","無",86,"未使用",121.239713,24.930238,"桃園市","中壢區"
"側撞","2018",3,5,11,"陰","日間自然光線",50,"三岔路","交叉路口內","柏油","乾燥","良好","正常","無","未繪設快慢車道分隔線","無",52,"未使用",121.239713,24.930238,"桃園市","中壢區"
"撞路樹、電桿","2018",3,6,8,"晴","日間自然光線",40,"直路","路肩、路緣","柏油","乾燥","良好","無號誌","中央分向島","快慢車道分隔線","有",34,"未使用",120.26964,23.120452,"臺南市","善化區"
"側撞","2018",3,6,12,"晴","日間自然光線",50,"三岔路","交叉路口內","柏油","乾燥","良好","正常","中央分向島","未繪設快慢車道分隔線","有",61,"未使用",120.956805,23.969007,"南投縣","埔里鎮"
"側撞","2018",3,6,12,"晴","日間自然光線",50,"三岔路","交叉路口內","柏油","乾燥","良好","正常","中央分向島","未繪設快慢車道分隔線","有",19,"未使用",120.956805,23.969007,"南投縣","埔里鎮"
"同向擦撞","2018",3,6,15,"晴","日間自然光線",110,"直路","快車道","柏油","乾燥","良好","無號誌","中央分向島","未繪設快慢車道分隔線","有",62,"未使用",120.703651,24.489706,"苗栗縣","通霄鎮"
"同向擦撞","2018",3,6,15,"晴","日間自然光線",110,"直路","快車道","柏油","乾燥","良好","無號誌","中央分向島","未繪設快慢車道分隔線","有",39,"未使用",120.703651,24.489706,"苗栗縣","通霄鎮"
"同向擦撞","2018",3,6,15,"晴","日間自然光線",110,"直路","快車道","柏油","乾燥","良好","無號誌","中央分向島","未繪設快慢車道分隔線","有",26,"未使用",120.703651,24.489706,"苗栗縣","通霄鎮"
"撞路樹、電桿","2018",3,7,7,"晴","日間自然光線",50,"直路","慢車道","柏油","乾燥","良好","無號誌","行車分向線","窄式快慢車道分隔島(無柵欄)","有",35,"未使用",121.036391,24.844249,"新竹縣","新埔鎮"
"路口交岔撞","2018",3,7,9,"晴","日間自然光線",50,"四岔路","交叉路口內","柏油","乾燥","良好","正常","無","未繪設快慢車道分隔線","無",21,"未使用",120.422993,23.484149,"嘉義市","西區"
"路口交岔撞","2018",3,7,9,"晴","日間自然光線",50,"四岔路","交叉路口內","柏油","乾燥","良好","正常","無","未繪設快慢車道分隔線","無",49,"未使用",120.422993,23.484149,"嘉義市","西區"
"側撞","2018",3,7,9,"晴","日間自然光線",50,"四岔路","交叉路口內","柏油","乾燥","良好","正常","無","未繪設快慢車道分隔線","無",62,"不明",121.405313,25.149446,"新北市","八里區"
"側撞","2018",3,7,9,"晴","日間自然光線",50,"四岔路","交叉路口內","柏油","乾燥","良好","正常","無","未繪設快慢車道分隔線","無",74,"不明",121.405313,25.149446,"新北市","八里區"
"路口交岔撞","2018",3,7,11,"晴","日間自然光線",40,"四岔路","交叉路口內","柏油","乾燥","良好","無號誌","無","未繪設快慢車道分隔線","無",31,"未使用",120.354055,23.587611,"嘉義縣","新港鄉"
"路口交岔撞","2018",3,7,11,"晴","日間自然光線",40,"四岔路","交叉路口內","柏油","乾燥","良好","無號誌","無","未繪設快慢車道分隔線","無",37,"未使用",120.354055,23.587611,"嘉義縣","新港鄉"
"路口交岔撞","2018",3,7,11,"晴","日間自然光線",40,"四岔路","交叉路口內","柏油","乾燥","良好","無號誌","無","未繪設快慢車道分隔線","無",30,"非汽(機)車駕駛人",120.354055,23.587611,"嘉義縣","新港鄉"
"路口交岔撞","2018",3,7,11,"晴","日間自然光線",40,"四岔路","交叉路口內","柏油","乾燥","良好","無號誌","無","未繪設快慢車道分隔線","無",36,"非汽(機)車駕駛人",120.354055,23.587611,"嘉義縣","新港鄉"
"路口交岔撞","2018",3,7,11,"晴","日間自然光線",40,"四岔路","交叉路口內","柏油","乾燥","良好","無號誌","無","未繪設快慢車道分隔線","無",58,"未使用",120.354055,23.587611,"嘉義縣","新港鄉"
"路口交岔撞","2018",3,7,11,"晴","日間自然光線",40,"四岔路","交叉路口內","柏油","乾燥","良好","無號誌","無","未繪設快慢車道分隔線","無",32,"未使用",120.354055,23.587611,"嘉義縣","新港鄉"
"撞路樹、電桿","2018",3,7,14,"晴","日間自然光線",70,"直路","路肩、路緣","柏油","乾燥","不良","無號誌","中央分向島","未繪設快慢車道分隔線","有",63,"未使用",120.135502,23.221368,"臺南市","將軍區"
"側撞","2018",3,7,18,"晴","夜間(或隧道、地下道、涵洞)有照明",50,"四岔路","交叉路口內","柏油","乾燥","良好","無號誌","無","未繪設快慢車道分隔線","無",37,"未使用",121.586616,23.941994,"花蓮縣","吉安鄉"
"側撞","2018",3,7,18,"晴","夜間(或隧道、地下道、涵洞)有照明",50,"四岔路","交叉路口內","柏油","乾燥","良好","無號誌","無","未繪設快慢車道分隔線","無",56,"非汽(機)車駕駛人",121.586616,23.941994,"花蓮縣","吉安鄉"
"側撞","2018",3,8,22,"雨","夜間(或隧道、地下道、涵洞)有照明",50,"四岔路","交叉路口內","柏油","濕潤","良好","正常","無","未繪設快慢車道分隔線","無",52,"未使用",120.287093,23.152968,"臺南市","善化區"
"側撞","2018",3,8,22,"雨","夜間(或隧道、地下道、涵洞)有照明",50,"四岔路","交叉路口內","柏油","濕潤","良好","正常","無","未繪設快慢車道分隔線","無",25,"未使用",120.287093,23.152968,"臺南市","善化區"
"其他","2018",3,9,4,"晴","夜間(或隧道、地下道、涵洞)有照明",50,"直路","路肩、路緣","柏油","乾燥","良好","無號誌","雙向禁止超車線","未繪設快慢車道分隔線","有",38,"未使用",120.784769,24.598459,"苗栗縣","後龍鎮"
"其他","2018",3,9,4,"晴","夜間(或隧道、地下道、涵洞)有照明",50,"直路","路肩、路緣","柏油","乾燥","良好","無號誌","雙向禁止超車線","未繪設快慢車道分隔線","有",41,"未使用",120.784769,24.598459,"苗栗縣","後龍鎮"
"衝出路外","2018",3,9,7,"陰","日間自然光線",40,"直路","一般車道(未劃分快慢車道)","柏油","乾燥","良好","無號誌","無","未繪設快慢車道分隔線","無",55,"不明",120.362912,23.464054,"嘉義縣","太保市"
"其他","2018",3,9,8,"陰","日間自然光線",30,"直路","一般車道(未劃分快慢車道)","柏油","乾燥","不良","無號誌","無","未繪設快慢車道分隔線","無",64,"不明",120.400468,22.510761,"高雄市","林園區"
"其他","2018",3,9,8,"陰","日間自然光線",30,"直路","一般車道(未劃分快慢車道)","柏油","乾燥","不良","無號誌","無","未繪設快慢車道分隔線","無",24,"未使用",120.400468,22.510761,"高雄市","林園區"
"同向擦撞","2018",3,9,14,"晴","日間自然光線",60,"直路","快車道","柏油","乾燥","良好","無號誌","雙向禁止超車線","未繪設快慢車道分隔線","有",63,"未使用",120.301568,23.591273,"雲林縣","北港鎮"
"同向擦撞","2018",3,9,14,"晴","日間自然光線",60,"直路","快車道","柏油","乾燥","良好","無號誌","雙向禁止超車線","未繪設快慢車道分隔線","有",66,"未使用",120.301568,23.591273,"雲林縣","北港鎮"
"同向擦撞","2018",3,9,14,"晴","日間自然光線",60,"直路","快車道","柏油","乾燥","良好","無號誌","雙向禁止超車線","未繪設快慢車道分隔線","有",68,"未使用",120.301568,23.591273,"雲林縣","北港鎮"
"同向擦撞","2018",3,9,14,"晴","日間自然光線",60,"直路","快車道","柏油","乾燥","良好","無號誌","雙向禁止超車線","未繪設快慢車道分隔線","有",77,"未使用",120.301568,23.591273,"雲林縣","北港鎮"
"同向擦撞","2018",3,9,14,"晴","日間自然光線",60,"直路","快車道","柏油","乾燥","良好","無號誌","雙向禁止超車線","未繪設快慢車道分隔線","有",63,"非汽(機)車駕駛人",120.301568,23.591273,"雲林縣","北港鎮"
"同向擦撞","2018",3,9,15,"晴","日間自然光線",50,"三岔路","交叉口附近","柏油","乾燥","良好","無號誌","雙向禁止超車線","未繪設快慢車道分隔線","有",64,"不明",120.361746,22.792929,"高雄市","燕巢區"
"同向擦撞","2018",3,9,15,"晴","日間自然光線",50,"三岔路","交叉口附近","柏油","乾燥","良好","無號誌","雙向禁止超車線","未繪設快慢車道分隔線","有",60,"未使用",120.361746,22.792929,"高雄市","燕巢區"
"穿越道路中","2018",3,9,18,"晴","夜間(或隧道、地下道、涵洞)有照明",50,"四岔路","交叉口附近","柏油","乾燥","良好","正常","無","快慢車道分隔線","有",44,"未使用",121.743403,25.129483,"基隆市","仁愛區"
"穿越道路中","2018",3,9,18,"晴","夜間(或隧道、地下道、涵洞)有照明",50,"四岔路","交叉口附近","柏油","乾燥","良好","正常","無","快慢車道分隔線","有",61,"未使用",121.743403,25.129483,"基隆市","仁愛區"
"路口交岔撞","2018",3,9,23,"陰","夜間(或隧道、地下道、涵洞)有照明",40,"四岔路","交叉路口內","柏油","乾燥","良好","正常","中央分向島","快慢車道分隔線","有",19,"非汽(機)車駕駛人",120.548731,22.539583,"屏東縣","潮州鎮"
"路口交岔撞","2018",3,9,23,"陰","夜間(或隧道、地下道、涵洞)有照明",40,"四岔路","交叉路口內","柏油","乾燥","良好","正常","中央分向島","快慢車道分隔線","有",19,"非汽(機)車駕駛人",120.548731,22.539583,"屏東縣","潮州鎮"
"路口交岔撞","2018",3,9,23,"陰","夜間(或隧道、地下道、涵洞)有照明",40,"四岔路","交叉路口內","柏油","乾燥","良好","正常","中央分向島","快慢車道分隔線","有",18,"非汽(機)車駕駛人",120.548731,22.539583,"屏東縣","潮州鎮"
"路口交岔撞","2018",3,9,23,"陰","夜間(或隧道、地下道、涵洞)有照明",40,"四岔路","交叉路口內","柏油","乾燥","良好","正常","中央分向島","快慢車道分隔線","有",20,"非汽(機)車駕駛人",120.548731,22.539583,"屏東縣","潮州鎮"
"路口交岔撞","2018",3,9,23,"陰","夜間(或隧道、地下道、涵洞)有照明",40,"四岔路","交叉路口內","柏油","乾燥","良好","正常","中央分向島","快慢車道分隔線","有",19,"未使用",120.548731,22.539583,"屏東縣","潮州鎮"
"路口交岔撞","2018",3,9,23,"陰","夜間(或隧道、地下道、涵洞)有照明",40,"四岔路","交叉路口內","柏油","乾燥","良好","正常","中央分向島","快慢車道分隔線","有",20,"未使用",120.548731,22.539583,"屏東縣","潮州鎮"
"路口交岔撞","2018",3,9,23,"陰","夜間(或隧道、地下道、涵洞)有照明",40,"四岔路","交叉路口內","柏油","乾燥","良好","正常","中央分向島","快慢車道分隔線","有",18,"非汽(機)車駕駛人",120.548731,22.539583,"屏東縣","潮州鎮"
"追撞","2018",3,10,1,"晴","夜間(或隧道、地下道、涵洞)有照明",50,"直路","一般車道(未劃分快慢車道)","柏油","乾燥","良好","無號誌","雙向禁止超車線","未繪設快慢車道分隔線","無",21,"未使用",120.676519,24.145325,"臺中市","中區"
"追撞","2018",3,10,1,"晴","夜間(或隧道、地下道、涵洞)有照明",50,"直路","一般車道(未劃分快慢車道)","柏油","乾燥","良好","無號誌","雙向禁止超車線","未繪設快慢車道分隔線","無",58,"未使用",120.676519,24.145325,"臺中市","中區"
"其他","2018",3,10,4,"晴","夜間(或隧道、地下道、涵洞)有照明",60,"多岔路","交叉口附近","柏油","乾燥","良好","正常","中央分向島","快慢車道分隔線","有",30,"不明",120.571264,23.971797,"彰化縣","員林市"
"其他","2018",3,10,4,"晴","夜間(或隧道、地下道、涵洞)有照明",60,"多岔路","交叉口附近","柏油","乾燥","良好","正常","中央分向島","快慢車道分隔線","有",59,"非汽(機)車駕駛人",120.571264,23.971797,"彰化縣","員林市"
"穿越道路中","2018",3,10,5,"晴","夜間(或隧道、地下道、涵洞)有照明",50,"直路","一般車道(未劃分快慢車道)","水泥","乾燥","良好","正常","行車分向線","未繪設快慢車道分隔線","有",66,"不明",120.949874,23.970887,"南投縣","埔里鎮"
"穿越道路中","2018",3,10,5,"晴","夜間(或隧道、地下道、涵洞)有照明",50,"直路","一般車道(未劃分快慢車道)","水泥","乾燥","良好","正常","行車分向線","未繪設快慢車道分隔線","有",86,"不明",120.949874,23.970887,"南投縣","埔里鎮"
"側撞","2018",3,10,7,"晴","日間自然光線",50,"四岔路","交叉路口內","柏油","乾燥","良好","正常","無","未繪設快慢車道分隔線","無",43,"未使用",120.559506,23.58736,"嘉義縣","梅山鄉"
"側撞","2018",3,10,7,"晴","日間自然光線",50,"四岔路","交叉路口內","柏油","乾燥","良好","正常","無","未繪設快慢車道分隔線","無",22,"未使用",120.559506,23.58736,"嘉義縣","梅山鄉"
"同向擦撞","2018",3,10,8,"晴","日間自然光線",60,"四岔路","交叉路口內","柏油","乾燥","良好","正常","無","未繪設快慢車道分隔線","無",67,"未使用",121.162212,22.756011,"臺東縣","臺東市"
"同向擦撞","2018",3,10,8,"晴","日間自然光線",60,"四岔路","交叉路口內","柏油","乾燥","良好","正常","無","未繪設快慢車道分隔線","無",22,"未使用",121.162212,22.756011,"臺東縣","臺東市"
"同向擦撞","2018",3,10,10,"晴","日間自然光線",50,"直路","一般車道(未劃分快慢車道)","柏油","乾燥","良好","無號誌","雙向禁止超車線","未繪設快慢車道分隔線","有",43,"未使用",120.177706,22.993336,"臺南市","安平區"
"同向擦撞","2018",3,10,10,"晴","日間自然光線",50,"直路","一般車道(未劃分快慢車道)","柏油","乾燥","良好","無號誌","雙向禁止超車線","未繪設快慢車道分隔線","有",20,"未使用",120.177706,22.993336,"臺南市","安平區"
"同向擦撞","2018",3,10,10,"晴","日間自然光線",50,"直路","一般車道(未劃分快慢車道)","柏油","乾燥","良好","無號誌","雙向禁止超車線","未繪設快慢車道分隔線","有",53,"未使用",120.177706,22.993336,"臺南市","安平區"
"同向擦撞","2018",3,10,10,"晴","日間自然光線",50,"直路","一般車道(未劃分快慢車道)","柏油","乾燥","良好","無號誌","雙向禁止超車線","未繪設快慢車道分隔線","有",4,"未使用",120.177706,22.993336,"臺南市","安平區"
"側撞","2018",3,10,11,"晴","日間自然光線",110,"直路","快車道","柏油","乾燥","良好","無號誌","中央分向島","未繪設快慢車道分隔線","有",51,"未使用",120.467914,23.758785,"雲林縣","西螺鎮"
"側撞","2018",3,10,11,"晴","日間自然光線",110,"直路","快車道","柏油","乾燥","良好","無號誌","中央分向島","未繪設快慢車道分隔線","有",39,"非汽(機)車駕駛人",120.467914,23.758785,"雲林縣","西螺鎮"
"側撞","2018",3,10,11,"晴","日間自然光線",110,"直路","快車道","柏油","乾燥","良好","無號誌","中央分向島","未繪設快慢車道分隔線","有",38,"未使用",120.467914,23.758785,"雲林縣","西螺鎮"
"側撞","2018",3,10,12,"晴","日間自然光線",60,"三岔路","交叉路口內","柏油","乾燥","良好","無號誌","無","未繪設快慢車道分隔線","有",27,"未使用",120.692089,23.881649,"南投縣","名間鄉"
"側撞","2018",3,10,12,"晴","日間自然光線",60,"三岔路","交叉路口內","柏油","乾燥","良好","無號誌","無","未繪設快慢車道分隔線","有",87,"未使用",120.692089,23.881649,"南投縣","名間鄉"
"側撞","2018",3,10,17,"晴","日間自然光線",60,"直路","機車優先道","柏油","乾燥","良好","無號誌","中央分向島","快慢車道分隔線","有",34,"未使用",120.175384,22.941984,"臺南市","南區"
"側撞","2018",3,10,17,"晴","日間自然光線",60,"直路","機車優先道","柏油","乾燥","良好","無號誌","中央分向島","快慢車道分隔線","有",60,"未使用",120.175384,22.941984,"臺南市","南區"
"對撞","2018",3,10,23,"晴","夜間(或隧道、地下道、涵洞)有照明",50,"直路","一般車道(未劃分快慢車道)","柏油","乾燥","良好","無號誌","雙向禁止超車線","未繪設快慢車道分隔線","有",56,"未使用",120.269752,23.009983,"臺南市","永康區"
"對撞","2018",3,10,23,"晴","夜間(或隧道、地下道、涵洞)有照明",50,"直路","一般車道(未劃分快慢車道)","柏油","乾燥","良好","無號誌","雙向禁止超車線","未繪設快慢車道分隔線","有",22,"未使用",120.269752,23.009983,"臺南市","永康區"
"路口交岔撞","2018",3,11,23,"晴","夜間(或隧道、地下道、涵洞)有照明",50,"四岔路","交叉路口內","柏油","乾燥","良好","正常","無","未繪設快慢車道分隔線","有",24,"未使用",120.22576,23.085364,"臺南市","安定區"
"路口交岔撞","2018",3,11,23,"晴","夜間(或隧道、地下道、涵洞)有照明",50,"四岔路","交叉路口內","柏油","乾燥","良好","正常","無","未繪設快慢車道分隔線","有",53,"未使用",120.22576,23.085364,"臺南市","安定區"
"撞護欄(樁)","2018",3,12,7,"晴","日間自然光線",50,"直路","快車道","柏油","乾燥","良好","無號誌","中央分向島","未繪設快慢車道分隔線","有",19,"未使用",120.499121,22.515843,"屏東縣","崁頂鄉"
"衝出路外","2018",3,12,15,"晴","日間自然光線",50,"直路","快車道","柏油","乾燥","良好","無號誌","雙向禁止超車線","快慢車道分隔線","無",56,"未使用",120.580882,22.710179,"屏東縣","長治鄉"
"其他","2018",3,12,16,"晴","日間自然光線",50,"四岔路","交叉路口內","柏油","乾燥","良好","正常","無","未繪設快慢車道分隔線","有",35,"不明",120.646564,24.222718,"臺中市","大雅區"
"其他","2018",3,12,16,"晴","日間自然光線",50,"四岔路","交叉路口內","柏油","乾燥","良好","正常","無","未繪設快慢車道分隔線","有",55,"非汽(機)車駕駛人",120.646564,24.222718,"臺中市","大雅區"
"路上翻車、摔倒","2018",3,12,17,"晴","日間自然光線",50,"直路","路肩、路緣","柏油","乾燥","良好","無號誌","中央分向島","未繪設快慢車道分隔線","有",43,"未使用",120.486244,22.567042,"屏東縣","萬丹鄉"
"穿越道路中","2018",3,12,18,"陰","夜間(或隧道、地下道、涵洞)有照明",50,"其他","快車道","柏油","乾燥","良好","無號誌","行車分向線","快慢車道分隔線","有",46,"未使用",120.308552,23.031561,"臺南市","新化區"
"穿越道路中","2018",3,12,18,"陰","夜間(或隧道、地下道、涵洞)有照明",50,"其他","快車道","柏油","乾燥","良好","無號誌","行車分向線","快慢車道分隔線","有",78,"非汽(機)車駕駛人",120.308552,23.031561,"臺南市","新化區"
"側撞","2018",3,13,8,"晴","日間自然光線",40,"三岔路","交叉路口內","柏油","乾燥","良好","正常","無","未繪設快慢車道分隔線","無",32,"不明",120.864046,24.579919,"苗栗縣","頭屋鄉"
"側撞","2018",3,13,8,"晴","日間自然光線",40,"三岔路","交叉路口內","柏油","乾燥","良好","正常","無","未繪設快慢車道分隔線","無",83,"不明",120.864046,24.579919,"苗栗縣","頭屋鄉"
"路口交岔撞","2018",3,13,10,"晴","日間自然光線",50,"四岔路","交叉路口內","柏油","乾燥","良好","正常","無","未繪設快慢車道分隔線","無",64,"不明",120.704384,23.835658,"南投縣","名間鄉"
"路口交岔撞","2018",3,13,10,"晴","日間自然光線",50,"四岔路","交叉路口內","柏油","乾燥","良好","正常","無","未繪設快慢車道分隔線","無",30,"不明",120.704384,23.835658,"南投縣","名間鄉"
"路口交岔撞","2018",3,14,10,"晴","日間自然光線",50,"四岔路","交叉路口內","柏油","乾燥","良好","正常","無","未繪設快慢車道分隔線","無",73,"不明",120.335462,22.601472,"高雄市","鳳山區"
"路口交岔撞","2018",3,14,10,"晴","日間自然光線",50,"四岔路","交叉路口內","柏油","乾燥","良好","正常","無","未繪設快慢車道分隔線","無",24,"未使用",120.335462,22.601472,"高雄市","鳳山區"
"追撞","2018",3,14,15,"晴","日間自然光線",50,"彎曲路及附近","快車道","柏油","乾燥","良好","無號誌","中央分向島","寛式快慢車道分隔島(50公分以上)","有",21,"不明",120.304695,22.562876,"高雄市","旗津區"
"追撞","2018",3,14,15,"晴","日間自然光線",50,"彎曲路及附近","快車道","柏油","乾燥","良好","無號誌","中央分向島","寛式快慢車道分隔島(50公分以上)","有",39,"不明",120.304695,22.562876,"高雄市","旗津區"
"追撞","2018",3,14,15,"晴","日間自然光線",50,"彎曲路及附近","快車道","柏油","乾燥","良好","無號誌","中央分向島","寛式快慢車道分隔島(50公分以上)","有",58,"不明",120.304695,22.562876,"高雄市","旗津區"
"側撞","2018",3,14,16,"晴","日間自然光線",50,"四岔路","交叉路口內","柏油","乾燥","良好","正常","無","未繪設快慢車道分隔線","無",54,"未使用",120.313327,23.024798,"臺南市","新化區"
"側撞","2018",3,14,16,"晴","日間自然光線",50,"四岔路","交叉路口內","柏油","乾燥","良好","正常","無","未繪設快慢車道分隔線","無",25,"未使用",120.313327,23.024798,"臺南市","新化區"
"撞號誌、標誌桿","2018",3,15,18,"晴","夜間(或隧道、地下道、涵洞)有照明",50,"直路","一般車道(未劃分快慢車道)","柏油","乾燥","良好","無號誌","中央分向島","快慢車道分隔線","有",20,"未使用",121.457425,25.116833,"新北市","八里區"
"撞號誌、標誌桿","2018",3,15,18,"晴","夜間(或隧道、地下道、涵洞)有照明",50,"直路","一般車道(未劃分快慢車道)","柏油","乾燥","良好","無號誌","中央分向島","快慢車道分隔線","有",20,"未使用",121.457425,25.116833,"新北市","八里區"