"事故類型及型態子類別名稱","發生年度","發生月份","發生日期","發生時間","天候名稱","光線名稱","速限.第1當事者","道路型態子類別名稱","事故位置子類別名稱","路面狀況.路面鋪裝名稱","路面狀況.路面狀態名稱","道路障礙.視距品質名稱","號誌.號誌動作名稱","車道劃分設施.分向設施大類別名稱","車道劃分設施.分道設施.快慢車道間名稱","車道劃分設施.分道設施.路面邊線名稱","當事者事故發生時年齡","行動電話或電腦或其他相類功能裝置名稱","經度","緯度","縣市","鄉鎮"
"其他","2018",3,15,18,"雨","夜間(或隧道、地下道、涵洞)有照明",50,"其他","其他","柏油","濕潤","良好","正常","雙向禁止超車線","未繪設快慢車道分隔線","有",59,"未使用",120.980725,24.840564,"新竹縣","竹北市"
"其他","2018",3,15,18,"雨","夜間(或隧道、地下道、涵洞)有照明",50,"其他","其他","柏油","濕潤","良好","正常","雙向禁止超車線","未繪設快慢車道分隔線","有",34,"未使用",120.980725,24.840564,"新竹縣","竹北市"
"其他","2018",3,15,19,"雨","夜間(或隧道、地下道、涵洞)無照明",110,"直路","快車道","柏油","濕潤","良好","無號誌","中央分向島","未繪設快慢車道分隔線","有",25,"非汽(機)車駕駛人",120.605676,23.762712,"雲林縣","林內鄉"
"其他","2018",3,15,19,"雨","夜間(或隧道、地下道、涵洞)無照明",110,"直路","快車道","柏油","濕潤","良好","無號誌","中央分向島","未繪設快慢車道分隔線","有",29,"未使用",120.605676,23.762712,"雲林縣","林內鄉"
"其他","2018",3,15,19,"雨","夜間(或隧道、地下道、涵洞)無照明",110,"直路","快車道","柏油","濕潤","良好","無號誌","中央分向島","未繪設快慢車道分隔線","有",29,"未使用",120.605676,23.762712,"雲林縣","林內鄉"
"追撞","2018",3,16,1,"雨","夜間(或隧道、地下道、涵洞)有照明",40,"直路","一般車道(未劃分快慢車道)","柏油","濕潤","良好","無號誌","行車分向線","未繪設快慢車道分隔線","有",24,"未使用",120.313052,23.401874,"嘉義縣","鹿草鄉"
"追撞","2018",3,16,1,"雨","夜間(或隧道、地下道、涵洞)有照明",40,"直路","一般車道(未劃分快慢車道)","柏油","濕潤","良好","無號誌","行車分向線","未繪設快慢車道分隔線","有",17,"未使用",120.313052,23.401874,"嘉義縣","鹿草鄉"
"追撞","2018",3,16,1,"雨","夜間(或隧道、地下道、涵洞)有照明",40,"直路","一般車道(未劃分快慢車道)","柏油","濕潤","良好","無號誌","行車分向線","未繪設快慢車道分隔線","有",22,"未使用",120.313052,23.401874,"嘉義縣","鹿草鄉"
"側撞","2018",3,16,12,"晴","日間自然光線",50,"三岔路","交叉路口內","柏油","乾燥","良好","正常","無","未繪設快慢車道分隔線","無",66,"未使用",120.387306,23.415769,"嘉義縣","水上鄉"
"側撞","2018",3,16,12,"晴","日間自然光線",50,"三岔路","交叉路口內","柏油","乾燥","良好","正常","無","未繪設快慢車道分隔線","無",77,"未使用",120.387306,23.415769,"嘉義縣","水上鄉"
"側撞","2018",3,16,12,"晴","日間自然光線",50,"三岔路","交叉路口內","柏油","乾燥","良好","正常","無","未繪設快慢車道分隔線","無",74,"未使用",120.387306,23.415769,"嘉義縣","水上鄉"
"撞護欄(樁)","2018",3,16,12,"晴","日間自然光線",40,"其他","環道匝道","柏油","乾燥","良好","無號誌","單向禁止超車線","未繪設快慢車道分隔線","有",33,"不明",120.296979,23.31734,"臺南市","新營區"
"側撞","2018",3,17,9,"晴","日間自然光線",50,"直路","慢車道","柏油","乾燥","良好","正常","雙向禁止超車線","快慢車道分隔線","有",51,"未使用",120.254185,22.97676,"臺南市","仁德區"
"側撞","2018",3,17,9,"晴","日間自然光線",50,"直路","慢車道","柏油","乾燥","良好","正常","雙向禁止超車線","快慢車道分隔線","有",59,"未使用",120.254185,22.97676,"臺南市","仁德區"
"追撞","2018",3,17,18,"陰","夜間(或隧道、地下道、涵洞)有照明",50,"直路","一般車道(未劃分快慢車道)","柏油","乾燥","良好","無號誌","行車分向線","快慢車道分隔線","有",17,"未使用",121.044977,24.774922,"新竹縣","竹東鎮"
"追撞","2018",3,17,18,"陰","夜間(或隧道、地下道、涵洞)有照明",50,"直路","一般車道(未劃分快慢車道)","柏油","乾燥","良好","無號誌","行車分向線","快慢車道分隔線","有",54,"未使用",121.044977,24.774922,"新竹縣","竹東鎮"
"穿越道路中","2018",3,17,21,"晴","日間自然光線",60,"四岔路","交叉路口內","柏油","乾燥","良好","正常","中央分向島","快慢車道分隔線","有",57,"非汽(機)車駕駛人",120.519157,23.87576,"彰化縣","北斗鎮"
"穿越道路中","2018",3,17,21,"晴","日間自然光線",60,"四岔路","交叉路口內","柏油","乾燥","良好","正常","中央分向島","快慢車道分隔線","有",46,"未使用",120.519157,23.87576,"彰化縣","北斗鎮"
"路口交岔撞","2018",3,18,6,"晴","日間自然光線",50,"四岔路","交叉路口內","柏油","乾燥","良好","正常","中央分向島","快慢車道分隔線","無",87,"未使用",120.520626,22.549708,"屏東縣","潮州鎮"
"路口交岔撞","2018",3,18,6,"晴","日間自然光線",50,"四岔路","交叉路口內","柏油","乾燥","良好","正常","中央分向島","快慢車道分隔線","無",19,"未使用",120.520626,22.549708,"屏東縣","潮州鎮"
"路口交岔撞","2018",3,18,6,"晴","日間自然光線",50,"四岔路","交叉路口內","柏油","乾燥","良好","正常","中央分向島","快慢車道分隔線","無",22,"使用免持或未有礙駕駛安全",120.520626,22.549708,"屏東縣","潮州鎮"
"其他","2018",3,18,15,"晴","日間自然光線",50,"直路","一般車道(未劃分快慢車道)","柏油","乾燥","良好","無號誌","行車分向線","未繪設快慢車道分隔線","有",55,"不明",120.361748,23.870888,"彰化縣","二林鎮"
"其他","2018",3,18,15,"晴","日間自然光線",50,"直路","一般車道(未劃分快慢車道)","柏油","乾燥","良好","無號誌","行車分向線","未繪設快慢車道分隔線","有",30,"未使用",120.361748,23.870888,"彰化縣","二林鎮"
"其他","2018",3,18,15,"晴","日間自然光線",50,"直路","一般車道(未劃分快慢車道)","柏油","乾燥","良好","無號誌","行車分向線","未繪設快慢車道分隔線","有",28,"未使用",120.361748,23.870888,"彰化縣","二林鎮"
"其他","2018",3,18,15,"晴","日間自然光線",50,"直路","一般車道(未劃分快慢車道)","柏油","乾燥","良好","無號誌","行車分向線","未繪設快慢車道分隔線","有",33,"非汽(機)車駕駛人",120.361748,23.870888,"彰化縣","二林鎮"
"其他","2018",3,18,15,"晴","日間自然光線",50,"直路","一般車道(未劃分快慢車道)","柏油","乾燥","良好","無號誌","行車分向線","未繪設快慢車道分隔線","有",4,"非汽(機)車駕駛人",120.361748,23.870888,"彰化縣","二林鎮"
"其他","2018",3,18,15,"晴","日間自然光線",50,"直路","一般車道(未劃分快慢車道)","柏油","乾燥","良好","無號誌","行車分向線","未繪設快慢車道分隔線","有",34,"不明",120.361748,23.870888,"彰化縣","二林鎮"
"路上翻車、摔倒","2018",3,18,15,"晴","日間自然光線",50,"彎曲路及附近","一般車道(未劃分快慢車道)","柏油","乾燥","不良","無號誌","雙向禁止超車線","未繪設快慢車道分隔線","有",51,"未使用",120.769727,23.867423,"南投縣","中寮鄉"
"衝出路外","2018",3,19,1,"晴","夜間(或隧道、地下道、涵洞)有照明",50,"多岔路","交叉口附近","柏油","乾燥","良好","正常","無","未繪設快慢車道分隔線","無",33,"未使用",120.382914,23.546884,"嘉義縣","民雄鄉"
"側撞","2018",3,19,8,"晴","日間自然光線",60,"三岔路","交叉口附近","柏油","乾燥","良好","無號誌","中央分向島","快慢車道分隔線","有",75,"未使用",120.466704,22.551649,"屏東縣","新園鄉"
"側撞","2018",3,19,8,"晴","日間自然光線",60,"三岔路","交叉口附近","柏油","乾燥","良好","無號誌","中央分向島","快慢車道分隔線","有",33,"未使用",120.466704,22.551649,"屏東縣","新園鄉"
"路口交岔撞","2018",3,19,8,"晴","日間自然光線",30,"四岔路","交叉路口內","柏油","乾燥","良好","正常","無","未繪設快慢車道分隔線","無",44,"不明",121.460423,25.042322,"新北市","新莊區"
"路口交岔撞","2018",3,19,8,"晴","日間自然光線",30,"四岔路","交叉路口內","柏油","乾燥","良好","正常","無","未繪設快慢車道分隔線","無",36,"不明",121.460423,25.042322,"新北市","新莊區"
"路口交岔撞","2018",3,19,8,"晴","日間自然光線",30,"四岔路","交叉路口內","柏油","乾燥","良好","正常","無","未繪設快慢車道分隔線","無",51,"不明",121.460423,25.042322,"新北市","新莊區"
"路口交岔撞","2018",3,19,8,"晴","日間自然光線",30,"四岔路","交叉路口內","柏油","乾燥","良好","正常","無","未繪設快慢車道分隔線","無",19,"不明",121.460423,25.042322,"新北市","新莊區"
"路口交岔撞","2018",3,19,9,"晴","日間自然光線",40,"四岔路","交叉路口內","柏油","乾燥","良好","無號誌","無","未繪設快慢車道分隔線","無",49,"未使用",121.114802,22.753462,"臺東縣","臺東市"
"路口交岔撞","2018",3,19,9,"晴","日間自然光線",40,"四岔路","交叉路口內","柏油","乾燥","良好","無號誌","無","未繪設快慢車道分隔線","無",56,"未使用",121.114802,22.753462,"臺東縣","臺東市"
"追撞","2018",3,19,15,"晴","日間自然光線",50,"四岔路","交叉口附近","柏油","乾燥","良好","正常","中央分向島","快慢車道分隔線","有",30,"未使用",121.494884,23.847838,"花蓮縣","壽豐鄉"
"追撞","2018",3,19,15,"晴","日間自然光線",50,"四岔路","交叉口附近","柏油","乾燥","良好","正常","中央分向島","快慢車道分隔線","有",26,"非汽(機)車駕駛人",121.494884,23.847838,"花蓮縣","壽豐鄉"
"追撞","2018",3,19,15,"晴","日間自然光線",50,"四岔路","交叉口附近","柏油","乾燥","良好","正常","中央分向島","快慢車道分隔線","有",42,"非汽(機)車駕駛人",121.494884,23.847838,"花蓮縣","壽豐鄉"
"追撞","2018",3,19,15,"晴","日間自然光線",50,"四岔路","交叉口附近","柏油","乾燥","良好","正常","中央分向島","快慢車道分隔線","有",58,"非汽(機)車駕駛人",121.494884,23.847838,"花蓮縣","壽豐鄉"
"追撞","2018",3,19,15,"晴","日間自然光線",50,"四岔路","交叉口附近","柏油","乾燥","良好","正常","中央分向島","快慢車道分隔線","有",43,"非汽(機)車駕駛人",121.494884,23.847838,"花蓮縣","壽豐鄉"
"追撞","2018",3,19,15,"晴","日間自然光線",50,"四岔路","交叉口附近","柏油","乾燥","良好","正常","中央分向島","快慢車道分隔線","有",62,"非汽(機)車駕駛人",121.494884,23.847838,"花蓮縣","壽豐鄉"
"追撞","2018",3,19,15,"晴","日間自然光線",50,"四岔路","交叉口附近","柏油","乾燥","良好","正常","中央分向島","快慢車道分隔線","有",54,"未使用",121.494884,23.847838,"花蓮縣","壽豐鄉"
"追撞","2018",3,19,15,"晴","日間自然光線",50,"四岔路","交叉口附近","柏油","乾燥","良好","正常","中央分向島","快慢車道分隔線","有",41,"未使用",121.494884,23.847838,"花蓮縣","壽豐鄉"
"追撞","2018",3,19,15,"晴","日間自然光線",50,"四岔路","交叉口附近","柏油","乾燥","良好","正常","中央分向島","快慢車道分隔線","有",43,"未使用",121.494884,23.847838,"花蓮縣","壽豐鄉"
"追撞","2018",3,19,15,"晴","日間自然光線",50,"四岔路","交叉口附近","柏油","乾燥","良好","正常","中央分向島","快慢車道分隔線","有",65,"未使用",121.494884,23.847838,"花蓮縣","壽豐鄉"
"追撞","2018",3,20,7,"晴","日間自然光線",50,"三岔路","快車道","柏油","濕潤","良好","無號誌","雙向禁止超車線","未繪設快慢車道分隔線","有",21,"未使用",120.542521,22.727367,"屏東縣","鹽埔鄉"
"追撞","2018",3,20,7,"晴","日間自然光線",50,"三岔路","快車道","柏油","濕潤","良好","無號誌","雙向禁止超車線","未繪設快慢車道分隔線","有",23,"未使用",120.542521,22.727367,"屏東縣","鹽埔鄉"
"追撞","2018",3,20,7,"晴","日間自然光線",50,"三岔路","快車道","柏油","濕潤","良好","無號誌","雙向禁止超車線","未繪設快慢車道分隔線","有",34,"未使用",120.542521,22.727367,"屏東縣","鹽埔鄉"
"路口交岔撞","2018",3,20,11,"晴","日間自然光線",50,"四岔路","交叉路口內","柏油","乾燥","不良","正常","無","未繪設快慢車道分隔線","無",52,"不明",120.331045,22.656972,"高雄市","三民區"
"路口交岔撞","2018",3,20,11,"晴","日間自然光線",50,"四岔路","交叉路口內","柏油","乾燥","不良","正常","無","未繪設快慢車道分隔線","無",54,"未使用",120.331045,22.656972,"高雄市","三民區"
"其他","2018",3,20,17,"雨","夜間(或隧道、地下道、涵洞)有照明",50,"四岔路","機車停等區","柏油","濕潤","良好","正常","中央分向島","快慢車道分隔線","無",66,"不明",121.569686,25.054695,"臺北市","松山區"
"其他","2018",3,20,17,"雨","夜間(或隧道、地下道、涵洞)有照明",50,"四岔路","機車停等區","柏油","濕潤","良好","正常","中央分向島","快慢車道分隔線","無",60,"未使用",121.569686,25.054695,"臺北市","松山區"
"其他","2018",3,20,17,"雨","夜間(或隧道、地下道、涵洞)有照明",50,"四岔路","機車停等區","柏油","濕潤","良好","正常","中央分向島","快慢車道分隔線","無",31,"未使用",121.569686,25.054695,"臺北市","松山區"
"其他","2018",3,20,17,"雨","夜間(或隧道、地下道、涵洞)有照明",50,"四岔路","機車停等區","柏油","濕潤","良好","正常","中央分向島","快慢車道分隔線","無",51,"非汽(機)車駕駛人",121.569686,25.054695,"臺北市","松山區"
"其他","2018",3,20,17,"雨","夜間(或隧道、地下道、涵洞)有照明",50,"四岔路","機車停等區","柏油","濕潤","良好","正常","中央分向島","快慢車道分隔線","無",23,"未使用",121.569686,25.054695,"臺北市","松山區"
"其他","2018",3,20,17,"雨","夜間(或隧道、地下道、涵洞)有照明",50,"四岔路","機車停等區","柏油","濕潤","良好","正常","中央分向島","快慢車道分隔線","無",54,"未使用",121.569686,25.054695,"臺北市","松山區"
"側撞","2018",3,20,20,"雨","夜間(或隧道、地下道、涵洞)有照明",70,"三岔路","交叉路口內","柏油","濕潤","良好","正常","無","未繪設快慢車道分隔線","無",19,"不明",120.696517,24.024006,"臺中市","霧峰區"
"側撞","2018",3,20,20,"雨","夜間(或隧道、地下道、涵洞)有照明",70,"三岔路","交叉路口內","柏油","濕潤","良好","正常","無","未繪設快慢車道分隔線","無",36,"未使用",120.696517,24.024006,"臺中市","霧峰區"
"其他","2018",3,21,16,"晴","日間自然光線",60,"直路","路肩、路緣","柏油","乾燥","良好","無號誌","中央分向島","未繪設快慢車道分隔線","有",37,"不明",120.265049,23.765908,"雲林縣","麥寮鄉"
"其他","2018",3,21,16,"晴","日間自然光線",60,"直路","路肩、路緣","柏油","乾燥","良好","無號誌","中央分向島","未繪設快慢車道分隔線","有",41,"不明",120.265049,23.765908,"雲林縣","麥寮鄉"
"其他","2018",3,21,16,"晴","日間自然光線",60,"直路","路肩、路緣","柏油","乾燥","良好","無號誌","中央分向島","未繪設快慢車道分隔線","有",39,"不明",120.265049,23.765908,"雲林縣","麥寮鄉"
"其他","2018",3,21,16,"晴","日間自然光線",60,"直路","路肩、路緣","柏油","乾燥","良好","無號誌","中央分向島","未繪設快慢車道分隔線","有",38,"不明",120.265049,23.765908,"雲林縣","麥寮鄉"
"側撞","2018",3,22,7,"晴","日間自然光線",30,"四岔路","交叉路口內","柏油","乾燥","良好","正常","無","未繪設快慢車道分隔線","無",58,"不明",121.460423,25.042322,"新北市","新莊區"
"側撞","2018",3,22,7,"晴","日間自然光線",30,"四岔路","交叉路口內","柏油","乾燥","良好","正常","無","未繪設快慢車道分隔線","無",29,"不明",121.460423,25.042322,"新北市","新莊區"
"追撞","2018",3,22,10,"晴","日間自然光線",90,"直路","快車道","柏油","乾燥","良好","無號誌","中央分向島","未繪設快慢車道分隔線","有",42,"未使用",120.476278,23.779515,"雲林縣","西螺鎮"
"追撞","2018",3,22,10,"晴","日間自然光線",90,"直路","快車道","柏油","乾燥","良好","無號誌","中央分向島","未繪設快慢車道分隔線","有",24,"非汽(機)車駕駛人",120.476278,23.779515,"雲林縣","西螺鎮"
"追撞","2018",3,22,10,"晴","日間自然光線",90,"直路","快車道","柏油","乾燥","良好","無號誌","中央分向島","未繪設快慢車道分隔線","有",37,"未使用",120.476278,23.779515,"雲林縣","西螺鎮"
"追撞","2018",3,22,10,"晴","日間自然光線",90,"直路","快車道","柏油","乾燥","良好","無號誌","中央分向島","未繪設快慢車道分隔線","有",40,"未使用",120.476278,23.779515,"雲林縣","西螺鎮"
"追撞","2018",3,22,10,"晴","日間自然光線",90,"直路","快車道","柏油","乾燥","良好","無號誌","中央分向島","未繪設快慢車道分隔線","有",36,"非汽(機)車駕駛人",120.476278,23.779515,"雲林縣","西螺鎮"
"追撞","2018",3,22,10,"晴","日間自然光線",90,"直路","快車道","柏油","乾燥","良好","無號誌","中央分向島","未繪設快慢車道分隔線","有",51,"未使用",120.476278,23.779515,"雲林縣","西螺鎮"
"追撞","2018",3,22,13,"晴","日間自然光線",40,"直路","慢車道","柏油","乾燥","不良","無號誌","中央分向島","未繪設快慢車道分隔線","無",23,"不明",120.445347,22.729284,"高雄市","大樹區"
"追撞","2018",3,22,13,"晴","日間自然光線",40,"直路","慢車道","柏油","乾燥","不良","無號誌","中央分向島","未繪設快慢車道分隔線","無",62,"未使用",120.445347,22.729284,"高雄市","大樹區"
"同向擦撞","2018",3,22,14,"晴","日間自然光線",50,"直路","一般車道(未劃分快慢車道)","柏油","乾燥","良好","無號誌","中央分向島","未繪設快慢車道分隔線","有",33,"未使用",121.440773,25.062021,"新北市","泰山區"
"同向擦撞","2018",3,22,14,"晴","日間自然光線",50,"直路","一般車道(未劃分快慢車道)","柏油","乾燥","良好","無號誌","中央分向島","未繪設快慢車道分隔線","有",51,"未使用",121.440773,25.062021,"新北市","泰山區"
"同向擦撞","2018",3,22,14,"晴","日間自然光線",50,"直路","一般車道(未劃分快慢車道)","柏油","乾燥","良好","無號誌","中央分向島","未繪設快慢車道分隔線","有",47,"未使用",121.440773,25.062021,"新北市","泰山區"
"撞路樹、電桿","2018",3,22,14,"晴","日間自然光線",50,"三岔路","路肩、路緣","柏油","濕潤","良好","無號誌","無","未繪設快慢車道分隔線","有",57,"未使用",120.38217,23.065256,"臺南市","左鎮區"
"撞路樹、電桿","2018",3,22,14,"晴","日間自然光線",50,"三岔路","路肩、路緣","柏油","濕潤","良好","無號誌","無","未繪設快慢車道分隔線","有",56,"非汽(機)車駕駛人",120.38217,23.065256,"臺南市","左鎮區"
"追撞","2018",3,22,17,"晴","日間自然光線",50,"橋樑","一般車道(未劃分快慢車道)","柏油","乾燥","良好","無號誌","中央分向島","未繪設快慢車道分隔線","無",24,"不明",121.507221,25.06343,"臺北市","大同區"
"追撞","2018",3,22,17,"晴","日間自然光線",50,"橋樑","一般車道(未劃分快慢車道)","柏油","乾燥","良好","無號誌","中央分向島","未繪設快慢車道分隔線","無",23,"非汽(機)車駕駛人",121.507221,25.06343,"臺北市","大同區"
"追撞","2018",3,22,17,"晴","日間自然光線",50,"橋樑","一般車道(未劃分快慢車道)","柏油","乾燥","良好","無號誌","中央分向島","未繪設快慢車道分隔線","無",51,"不明",121.507221,25.06343,"臺北市","大同區"
"追撞","2018",3,22,17,"晴","日間自然光線",50,"橋樑","一般車道(未劃分快慢車道)","柏油","乾燥","良好","無號誌","中央分向島","未繪設快慢車道分隔線","無",31,"不明",121.507221,25.06343,"臺北市","大同區"
"側撞","2018",3,22,18,"晴","晨或暮光",50,"四岔路","交叉路口內","柏油","乾燥","良好","正常","雙向禁止超車線","快慢車道分隔線","有",88,"未使用",120.528553,22.652849,"屏東縣","麟洛鄉"
"側撞","2018",3,22,18,"晴","晨或暮光",50,"四岔路","交叉路口內","柏油","乾燥","良好","正常","雙向禁止超車線","快慢車道分隔線","有",22,"未使用",120.528553,22.652849,"屏東縣","麟洛鄉"
"路口交岔撞","2018",3,22,18,"陰","夜間(或隧道、地下道、涵洞)有照明",40,"四岔路","交叉路口內","柏油","乾燥","良好","無號誌","無","未繪設快慢車道分隔線","無",32,"未使用",121.566159,23.926141,"花蓮縣","吉安鄉"
"路口交岔撞","2018",3,22,18,"陰","夜間(或隧道、地下道、涵洞)有照明",40,"四岔路","交叉路口內","柏油","乾燥","良好","無號誌","無","未繪設快慢車道分隔線","無",39,"未使用",121.566159,23.926141,"花蓮縣","吉安鄉"
"同向擦撞","2018",3,23,13,"晴","日間自然光線",50,"直路","一般車道(未劃分快慢車道)","柏油","乾燥","良好","無號誌","雙向禁止超車線","未繪設快慢車道分隔線","有",71,"未使用",120.953287,23.971776,"南投縣","埔里鎮"
"同向擦撞","2018",3,23,13,"晴","日間自然光線",50,"直路","一般車道(未劃分快慢車道)","柏油","乾燥","良好","無號誌","雙向禁止超車線","未繪設快慢車道分隔線","有",28,"未使用",120.953287,23.971776,"南投縣","埔里鎮"
"穿越道路中","2018",3,23,15,"晴","日間自然光線",50,"直路","一般車道(未劃分快慢車道)","柏油","乾燥","良好","無號誌","雙向禁止超車線","未繪設快慢車道分隔線","有",20,"未使用",121.304846,24.989486,"桃園市","桃園區"
"穿越道路中","2018",3,23,15,"晴","日間自然光線",50,"直路","一般車道(未劃分快慢車道)","柏油","乾燥","良好","無號誌","雙向禁止超車線","未繪設快慢車道分隔線","有",29,"未使用",121.304846,24.989486,"桃園市","桃園區"
"穿越道路中","2018",3,23,15,"晴","日間自然光線",50,"直路","一般車道(未劃分快慢車道)","柏油","乾燥","良好","無號誌","雙向禁止超車線","未繪設快慢車道分隔線","有",53,"未使用",121.304846,24.989486,"桃園市","桃園區"
"穿越道路中","2018",3,23,15,"晴","日間自然光線",50,"直路","一般車道(未劃分快慢車道)","柏油","乾燥","良好","無號誌","雙向禁止超車線","未繪設快慢車道分隔線","有",58,"未使用",121.304846,24.989486,"桃園市","桃園區"
"同向擦撞","2018",3,23,16,"晴","日間自然光線",50,"四岔路","交叉口附近","柏油","乾燥","良好","正常","行車分向線","快慢車道分隔線","有",36,"不明",121.492562,25.002934,"新北市","中和區"
"同向擦撞","2018",3,23,16,"晴","日間自然光線",50,"四岔路","交叉口附近","柏油","乾燥","良好","正常","行車分向線","快慢車道分隔線","有",64,"不明",121.492562,25.002934,"新北市","中和區"
"其他","2018",3,24,0,"晴","夜間(或隧道、地下道、涵洞)有照明",50,"直路","一般車道(未劃分快慢車道)","柏油","乾燥","良好","無號誌","無","未繪設快慢車道分隔線","有",107,"",120.339012,22.688008,"高雄市","仁武區"
"其他","2018",3,24,0,"晴","夜間(或隧道、地下道、涵洞)有照明",50,"直路","一般車道(未劃分快慢車道)","柏油","乾燥","良好","無號誌","無","未繪設快慢車道分隔線","有",51,"未使用",120.339012,22.688008,"高雄市","仁武區"
"穿越道路中","2018",3,24,9,"陰","日間自然光線",70,"三岔路","交叉路口內","柏油","乾燥","良好","正常","無","未繪設快慢車道分隔線","無",78,"非汽(機)車駕駛人",121.489373,23.817886,"花蓮縣","壽豐鄉"
"穿越道路中","2018",3,24,9,"陰","日間自然光線",70,"三岔路","交叉路口內","柏油","乾燥","良好","正常","無","未繪設快慢車道分隔線","無",70,"未使用",121.489373,23.817886,"花蓮縣","壽豐鄉"
"撞路樹、電桿","2018",3,25,5,"晴","夜間(或隧道、地下道、涵洞)有照明",70,"彎曲路及附近","路肩、路緣","柏油","乾燥","良好","無號誌","中央分向島","快慢車道分隔線","有",31,"不明",120.700191,22.143554,"屏東縣","枋山鄉"
"撞路樹、電桿","2018",3,25,5,"晴","夜間(或隧道、地下道、涵洞)有照明",70,"彎曲路及附近","路肩、路緣","柏油","乾燥","良好","無號誌","中央分向島","快慢車道分隔線","有",24,"非汽(機)車駕駛人",120.700191,22.143554,"屏東縣","枋山鄉"
"撞路樹、電桿","2018",3,25,5,"晴","夜間(或隧道、地下道、涵洞)有照明",70,"彎曲路及附近","路肩、路緣","柏油","乾燥","良好","無號誌","中央分向島","快慢車道分隔線","有",25,"非汽(機)車駕駛人",120.700191,22.143554,"屏東縣","枋山鄉"
"同向擦撞","2018",3,25,12,"晴","日間自然光線",70,"三岔路","交叉口附近","柏油","乾燥","良好","無號誌","中央分向島","窄式快慢車道分隔島(無柵欄)","無",53,"不明",121.470755,25.122625,"臺北市","北投區"
"同向擦撞","2018",3,25,12,"晴","日間自然光線",70,"三岔路","交叉口附近","柏油","乾燥","良好","無號誌","中央分向島","窄式快慢車道分隔島(無柵欄)","無",48,"不明",121.470755,25.122625,"臺北市","北投區"
"同向擦撞","2018",3,25,12,"晴","日間自然光線",70,"三岔路","交叉口附近","柏油","乾燥","良好","無號誌","中央分向島","窄式快慢車道分隔島(無柵欄)","無",27,"不明",121.470755,25.122625,"臺北市","北投區"
"同向擦撞","2018",3,25,12,"晴","日間自然光線",70,"三岔路","交叉口附近","柏油","乾燥","良好","無號誌","中央分向島","窄式快慢車道分隔島(無柵欄)","無",44,"非汽(機)車駕駛人",121.470755,25.122625,"臺北市","北投區"
"同向擦撞","2018",3,25,12,"晴","日間自然光線",70,"三岔路","交叉口附近","柏油","乾燥","良好","無號誌","中央分向島","窄式快慢車道分隔島(無柵欄)","無",9,"非汽(機)車駕駛人",121.470755,25.122625,"臺北市","北投區"
"路口交岔撞","2018",3,25,16,"晴","日間自然光線",50,"多岔路","交叉路口內","柏油","乾燥","良好","正常","無","未繪設快慢車道分隔線","無",76,"未使用",120.359182,23.523973,"嘉義縣","新港鄉"
"路口交岔撞","2018",3,25,16,"晴","日間自然光線",50,"多岔路","交叉路口內","柏油","乾燥","良好","正常","無","未繪設快慢車道分隔線","無",63,"未使用",120.359182,23.523973,"嘉義縣","新港鄉"
"撞交通島","2018",3,26,4,"晴","日間自然光線",60,"直路","一般車道(未劃分快慢車道)","柏油","乾燥","良好","無號誌","中央分向島","未繪設快慢車道分隔線","有",30,"不明",120.253362,23.685207,"雲林縣","東勢鄉"
"撞交通島","2018",3,26,4,"晴","日間自然光線",60,"直路","一般車道(未劃分快慢車道)","柏油","乾燥","良好","無號誌","中央分向島","未繪設快慢車道分隔線","有",35,"非汽(機)車駕駛人",120.253362,23.685207,"雲林縣","東勢鄉"
"同向擦撞","2018",3,26,13,"晴","日間自然光線",50,"四岔路","交叉路口內","柏油","乾燥","良好","正常","無","未繪設快慢車道分隔線","無",42,"未使用",120.341419,22.598238,"高雄市","鳳山區"
"同向擦撞","2018",3,26,13,"晴","日間自然光線",50,"四岔路","交叉路口內","柏油","乾燥","良好","正常","無","未繪設快慢車道分隔線","無",63,"未使用",120.341419,22.598238,"高雄市","鳳山區"
"側撞","2018",3,26,15,"陰","日間自然光線",70,"三岔路","交叉口附近","柏油","乾燥","良好","正常","中央分向島","未繪設快慢車道分隔線","有",70,"未使用",120.491289,22.706016,"屏東縣","屏東市"
"側撞","2018",3,26,15,"陰","日間自然光線",70,"三岔路","交叉口附近","柏油","乾燥","良好","正常","中央分向島","未繪設快慢車道分隔線","有",82,"未使用",120.491289,22.706016,"屏東縣","屏東市"
"對向擦撞","2018",3,26,15,"晴","日間自然光線",70,"四岔路","交叉路口內","柏油","乾燥","良好","正常","中央分向島","快慢車道分隔線","有",39,"未使用",120.523664,22.626593,"屏東縣","內埔鄉"
"對向擦撞","2018",3,26,15,"晴","日間自然光線",70,"四岔路","交叉路口內","柏油","乾燥","良好","正常","中央分向島","快慢車道分隔線","有",61,"未使用",120.523664,22.626593,"屏東縣","內埔鄉"
"路口交岔撞","2018",3,26,17,"晴","日間自然光線",50,"四岔路","交叉路口內","柏油","乾燥","良好","正常","無","未繪設快慢車道分隔線","無",76,"未使用",120.49823,24.058371,"彰化縣","秀水鄉"
"路口交岔撞","2018",3,26,17,"晴","日間自然光線",50,"四岔路","交叉路口內","柏油","乾燥","良好","正常","無","未繪設快慢車道分隔線","無",35,"未使用",120.49823,24.058371,"彰化縣","秀水鄉"