"事故類型及型態子類別名稱","發生年度","發生月份","發生日期","發生時間","天候名稱","光線名稱","速限.第1當事者","道路型態子類別名稱","事故位置子類別名稱","路面狀況.路面鋪裝名稱","路面狀況.路面狀態名稱","道路障礙.視距品質名稱","號誌.號誌動作名稱","車道劃分設施.分向設施大類別名稱","車道劃分設施.分道設施.快慢車道間名稱","車道劃分設施.分道設施.路面邊線名稱","當事者事故發生時年齡","行動電話或電腦或其他相類功能裝置名稱","經度","緯度","縣市","鄉鎮"
"追撞","2018",4,23,4,"晴","夜間(或隧道、地下道、涵洞)有照明",90,"直路","路肩、路緣","柏油","乾燥","良好","無號誌","中央分向島","未繪設快慢車道分隔線","有",49,"非汽(機)車駕駛人",120.236161,23.181745,"臺南市","麻豆區"
"追撞","2018",4,23,4,"晴","夜間(或隧道、地下道、涵洞)有照明",90,"直路","路肩、路緣","柏油","乾燥","良好","無號誌","中央分向島","未繪設快慢車道分隔線","有",42,"非汽(機)車駕駛人",120.236161,23.181745,"臺南市","麻豆區"
"追撞","2018",4,23,4,"晴","夜間(或隧道、地下道、涵洞)有照明",90,"直路","路肩、路緣","柏油","乾燥","良好","無號誌","中央分向島","未繪設快慢車道分隔線","有",42,"未使用",120.236161,23.181745,"臺南市","麻豆區"
"追撞","2018",4,23,4,"晴","夜間(或隧道、地下道、涵洞)有照明",90,"直路","路肩、路緣","柏油","乾燥","良好","無號誌","中央分向島","未繪設快慢車道分隔線","有",37,"未使用",120.236161,23.181745,"臺南市","麻豆區"
"追撞","2018",4,23,4,"晴","夜間(或隧道、地下道、涵洞)有照明",90,"直路","路肩、路緣","柏油","乾燥","良好","無號誌","中央分向島","未繪設快慢車道分隔線","有",42,"未使用",120.236161,23.181745,"臺南市","麻豆區"
"路口交岔撞","2018",4,23,5,"晴","日間自然光線",50,"四岔路","交叉路口內","柏油","乾燥","良好","正常","無","未繪設快慢車道分隔線","無",48,"不明",120.283607,22.663789,"高雄市","鼓山區"
"路口交岔撞","2018",4,23,5,"晴","日間自然光線",50,"四岔路","交叉路口內","柏油","乾燥","良好","正常","無","未繪設快慢車道分隔線","無",75,"未使用",120.283607,22.663789,"高雄市","鼓山區"
"路口交岔撞","2018",4,23,7,"晴","日間自然光線",40,"四岔路","交叉路口內","柏油","乾燥","良好","無號誌","無","未繪設快慢車道分隔線","有",66,"未使用",120.514727,22.434704,"屏東縣","林邊鄉"
"路口交岔撞","2018",4,23,7,"晴","日間自然光線",40,"四岔路","交叉路口內","柏油","乾燥","良好","無號誌","無","未繪設快慢車道分隔線","有",53,"未使用",120.514727,22.434704,"屏東縣","林邊鄉"
"穿越道路中","2018",4,23,8,"晴","日間自然光線",50,"三岔路","交叉口附近","柏油","乾燥","良好","正常","中央分向島","未繪設快慢車道分隔線","無",23,"未使用",121.493253,25.03381,"臺北市","萬華區"
"穿越道路中","2018",4,23,8,"晴","日間自然光線",50,"三岔路","交叉口附近","柏油","乾燥","良好","正常","中央分向島","未繪設快慢車道分隔線","無",77,"非汽(機)車駕駛人",121.493253,25.03381,"臺北市","萬華區"
"側撞","2018",4,23,14,"晴","日間自然光線",50,"三岔路","交叉路口內","柏油","乾燥","良好","正常","無","未繪設快慢車道分隔線","無",49,"未使用",121.321431,24.962825,"桃園市","八德區"
"側撞","2018",4,23,14,"晴","日間自然光線",50,"三岔路","交叉路口內","柏油","乾燥","良好","正常","無","未繪設快慢車道分隔線","無",72,"非汽(機)車駕駛人",121.321431,24.962825,"桃園市","八德區"
"在路上作業中","2018",4,23,14,"晴","日間自然光線",110,"直路","快車道","柏油","乾燥","良好","無號誌","中央分向島","未繪設快慢車道分隔線","有",56,"非汽(機)車駕駛人",120.327439,23.028209,"臺南市","新化區"
"在路上作業中","2018",4,23,14,"晴","日間自然光線",110,"直路","快車道","柏油","乾燥","良好","無號誌","中央分向島","未繪設快慢車道分隔線","有",63,"未使用",120.327439,23.028209,"臺南市","新化區"
"其他","2018",4,23,16,"晴","日間自然光線",40,"直路","一般車道(未劃分快慢車道)","柏油","乾燥","良好","無號誌","雙向禁止超車線","未繪設快慢車道分隔線","有",57,"未使用",120.790589,22.008069,"屏東縣","滿州鄉"
"其他","2018",4,23,16,"晴","日間自然光線",40,"直路","一般車道(未劃分快慢車道)","柏油","乾燥","良好","無號誌","雙向禁止超車線","未繪設快慢車道分隔線","有",35,"未使用",120.790589,22.008069,"屏東縣","滿州鄉"
"側撞","2018",4,23,16,"晴","日間自然光線",50,"四岔路","交叉路口內","柏油","乾燥","良好","正常","無","未繪設快慢車道分隔線","無",61,"未使用",121.295232,25.059011,"桃園市","蘆竹區"
"側撞","2018",4,23,16,"晴","日間自然光線",50,"四岔路","交叉路口內","柏油","乾燥","良好","正常","無","未繪設快慢車道分隔線","無",61,"未使用",121.295232,25.059011,"桃園市","蘆竹區"
"路上翻車、摔倒","2018",4,23,17,"晴","日間自然光線",40,"彎曲路及附近","一般車道(未劃分快慢車道)","柏油","乾燥","良好","無號誌","雙向禁止超車線","未繪設快慢車道分隔線","有",38,"不明",120.397926,23.230628,"臺南市","六甲區"
"路口交岔撞","2018",4,24,0,"晴","夜間(或隧道、地下道、涵洞)有照明",50,"四岔路","交叉路口內","柏油","乾燥","良好","正常","無","未繪設快慢車道分隔線","無",20,"未使用",120.43313,23.519195,"嘉義縣","民雄鄉"
"路口交岔撞","2018",4,24,0,"晴","夜間(或隧道、地下道、涵洞)有照明",50,"四岔路","交叉路口內","柏油","乾燥","良好","正常","無","未繪設快慢車道分隔線","無",60,"未使用",120.43313,23.519195,"嘉義縣","民雄鄉"
"路口交岔撞","2018",4,24,10,"陰","日間自然光線",50,"四岔路","交叉路口內","柏油","乾燥","不良","正常","無","未繪設快慢車道分隔線","有",73,"未使用",120.41312,23.862836,"彰化縣","竹塘鄉"
"路口交岔撞","2018",4,24,10,"陰","日間自然光線",50,"四岔路","交叉路口內","柏油","乾燥","不良","正常","無","未繪設快慢車道分隔線","有",47,"未使用",120.41312,23.862836,"彰化縣","竹塘鄉"
"路口交岔撞","2018",4,24,14,"雨","日間自然光線",40,"四岔路","交叉路口內","柏油","濕潤","良好","無號誌","無","未繪設快慢車道分隔線","有",38,"未使用",121.780467,24.690382,"宜蘭縣","五結鄉"
"路口交岔撞","2018",4,24,14,"雨","日間自然光線",40,"四岔路","交叉路口內","柏油","濕潤","良好","無號誌","無","未繪設快慢車道分隔線","有",24,"未使用",121.780467,24.690382,"宜蘭縣","五結鄉"
"穿越道路中","2018",4,24,19,"雨","夜間(或隧道、地下道、涵洞)有照明",50,"四岔路","行人穿越道","柏油","濕潤","良好","正常","無","未繪設快慢車道分隔線","無",46,"未使用",121.277808,25.057507,"桃園市","蘆竹區"
"穿越道路中","2018",4,24,19,"雨","夜間(或隧道、地下道、涵洞)有照明",50,"四岔路","行人穿越道","柏油","濕潤","良好","正常","無","未繪設快慢車道分隔線","無",89,"非汽(機)車駕駛人",121.277808,25.057507,"桃園市","蘆竹區"
"路口交岔撞","2018",4,25,7,"陰","日間自然光線",40,"四岔路","交叉路口內","柏油","乾燥","良好","無號誌","無","未繪設快慢車道分隔線","有",37,"未使用",120.37917,22.644428,"高雄市","鳥松區"
"路口交岔撞","2018",4,25,7,"陰","日間自然光線",40,"四岔路","交叉路口內","柏油","乾燥","良好","無號誌","無","未繪設快慢車道分隔線","有",60,"未使用",120.37917,22.644428,"高雄市","鳥松區"
"穿越道路中","2018",4,25,18,"陰","夜間(或隧道、地下道、涵洞)有照明",50,"直路","快車道","柏油","乾燥","良好","無號誌","雙向禁止超車線","快慢車道分隔線","有",47,"未使用",121.779231,24.68247,"宜蘭縣","五結鄉"
"穿越道路中","2018",4,25,18,"陰","夜間(或隧道、地下道、涵洞)有照明",50,"直路","快車道","柏油","乾燥","良好","無號誌","雙向禁止超車線","快慢車道分隔線","有",81,"非汽(機)車駕駛人",121.779231,24.68247,"宜蘭縣","五結鄉"
"同向擦撞","2018",4,26,2,"晴","夜間(或隧道、地下道、涵洞)有照明",100,"直路","快車道","柏油","乾燥","良好","無號誌","中央分向島","未繪設快慢車道分隔線","有",46,"未使用",121.589748,25.065472,"臺北市","內湖區"
"同向擦撞","2018",4,26,2,"晴","夜間(或隧道、地下道、涵洞)有照明",100,"直路","快車道","柏油","乾燥","良好","無號誌","中央分向島","未繪設快慢車道分隔線","有",58,"未使用",121.589748,25.065472,"臺北市","內湖區"
"同向擦撞","2018",4,26,2,"晴","夜間(或隧道、地下道、涵洞)有照明",100,"直路","快車道","柏油","乾燥","良好","無號誌","中央分向島","未繪設快慢車道分隔線","有",46,"未使用",121.589748,25.065472,"臺北市","內湖區"
"側撞","2018",4,26,5,"雨","晨或暮光",40,"四岔路","交叉路口內","柏油","濕潤","不良","正常","無","未繪設快慢車道分隔線","無",71,"不明",120.463062,22.654258,"屏東縣","屏東市"
"側撞","2018",4,26,5,"雨","晨或暮光",40,"四岔路","交叉路口內","柏油","濕潤","不良","正常","無","未繪設快慢車道分隔線","無",38,"未使用",120.463062,22.654258,"屏東縣","屏東市"
"路口交岔撞","2018",4,26,8,"晴","日間自然光線",60,"四岔路","交叉路口內","柏油","乾燥","良好","正常","無","未繪設快慢車道分隔線","無",84,"未使用",120.325069,23.482957,"嘉義縣","太保市"
"路口交岔撞","2018",4,26,8,"晴","日間自然光線",60,"四岔路","交叉路口內","柏油","乾燥","良好","正常","無","未繪設快慢車道分隔線","無",43,"未使用",120.325069,23.482957,"嘉義縣","太保市"
"側撞","2018",4,26,8,"晴","日間自然光線",50,"四岔路","交叉路口內","柏油","乾燥","良好","正常","無","未繪設快慢車道分隔線","無",57,"未使用",121.317009,25.001158,"桃園市","桃園區"
"側撞","2018",4,26,8,"晴","日間自然光線",50,"四岔路","交叉路口內","柏油","乾燥","良好","正常","無","未繪設快慢車道分隔線","無",20,"未使用",121.317009,25.001158,"桃園市","桃園區"
"對撞","2018",4,26,19,"晴","夜間(或隧道、地下道、涵洞)有照明",50,"直路","一般車道(未劃分快慢車道)","柏油","乾燥","良好","無號誌","雙向禁止超車線","未繪設快慢車道分隔線","有",33,"未使用",121.247008,24.95713,"桃園市","中壢區"
"對撞","2018",4,26,19,"晴","夜間(或隧道、地下道、涵洞)有照明",50,"直路","一般車道(未劃分快慢車道)","柏油","乾燥","良好","無號誌","雙向禁止超車線","未繪設快慢車道分隔線","有",31,"未使用",121.247008,24.95713,"桃園市","中壢區"
"追撞","2018",4,27,18,"陰","夜間(或隧道、地下道、涵洞)有照明",40,"直路","一般車道(未劃分快慢車道)","柏油","乾燥","良好","無號誌","無","未繪設快慢車道分隔線","有",53,"未使用",121.092984,22.782912,"臺東縣","卑南鄉"
"追撞","2018",4,27,18,"陰","夜間(或隧道、地下道、涵洞)有照明",40,"直路","一般車道(未劃分快慢車道)","柏油","乾燥","良好","無號誌","無","未繪設快慢車道分隔線","有",35,"未使用",121.092984,22.782912,"臺東縣","卑南鄉"
"追撞","2018",4,27,21,"晴","夜間(或隧道、地下道、涵洞)有照明",50,"橋樑","機車專用道","柏油","乾燥","良好","無號誌","中央分向島","未繪設快慢車道分隔線","有",2,"非汽(機)車駕駛人",121.501173,25.084946,"新北市","三重區"
"追撞","2018",4,27,21,"晴","夜間(或隧道、地下道、涵洞)有照明",50,"橋樑","機車專用道","柏油","乾燥","良好","無號誌","中央分向島","未繪設快慢車道分隔線","有",32,"未使用",121.501173,25.084946,"新北市","三重區"
"追撞","2018",4,27,21,"晴","夜間(或隧道、地下道、涵洞)有照明",50,"橋樑","機車專用道","柏油","乾燥","良好","無號誌","中央分向島","未繪設快慢車道分隔線","有",18,"未使用",121.501173,25.084946,"新北市","三重區"
"追撞","2018",4,27,21,"晴","夜間(或隧道、地下道、涵洞)有照明",50,"橋樑","機車專用道","柏油","乾燥","良好","無號誌","中央分向島","未繪設快慢車道分隔線","有",28,"未使用",121.501173,25.084946,"新北市","三重區"
"其他","2018",4,28,8,"陰","日間自然光線",50,"四岔路","交叉口附近","柏油","乾燥","良好","正常","雙向禁止超車線","未繪設快慢車道分隔線","有",27,"未使用",121.47405,25.015086,"新北市","板橋區"
"其他","2018",4,28,8,"陰","日間自然光線",50,"四岔路","交叉口附近","柏油","乾燥","良好","正常","雙向禁止超車線","未繪設快慢車道分隔線","有",39,"未使用",121.47405,25.015086,"新北市","板橋區"
"衝出路外","2018",4,28,12,"晴","日間自然光線",40,"三岔路","交叉路口內","柏油","乾燥","良好","無號誌","雙向禁止超車線","未繪設快慢車道分隔線","有",60,"不明",120.856633,23.824452,"南投縣","水里鄉"
"路口交岔撞","2018",4,28,13,"晴","日間自然光線",50,"四岔路","交叉路口內","柏油","乾燥","良好","無號誌","無","未繪設快慢車道分隔線","有",38,"未使用",120.317684,22.860932,"高雄市","阿蓮區"
"路口交岔撞","2018",4,28,13,"晴","日間自然光線",50,"四岔路","交叉路口內","柏油","乾燥","良好","無號誌","無","未繪設快慢車道分隔線","有",58,"未使用",120.317684,22.860932,"高雄市","阿蓮區"
"其他","2018",4,28,15,"晴","日間自然光線",50,"直路","路肩、路緣","柏油","乾燥","良好","無號誌","雙向禁止超車線","未繪設快慢車道分隔線","有",29,"未使用",121.005488,24.861439,"新竹縣","湖口鄉"
"其他","2018",4,28,15,"晴","日間自然光線",50,"直路","路肩、路緣","柏油","乾燥","良好","無號誌","雙向禁止超車線","未繪設快慢車道分隔線","有",51,"未使用",121.005488,24.861439,"新竹縣","湖口鄉"
"撞護欄(樁)","2018",4,29,3,"晴","夜間(或隧道、地下道、涵洞)有照明",40,"直路","交通島(含槽化線)","柏油","乾燥","良好","無號誌","中央分向島","快慢車道分隔線","無",20,"未使用",120.718754,24.197023,"臺中市","潭子區"
"路口交岔撞","2018",4,30,7,"晴","日間自然光線",50,"四岔路","交叉路口內","柏油","乾燥","良好","正常","行車分向線","未繪設快慢車道分隔線","有",34,"未使用",120.947356,24.680348,"苗栗縣","頭份市"
"路口交岔撞","2018",4,30,7,"晴","日間自然光線",50,"四岔路","交叉路口內","柏油","乾燥","良好","正常","行車分向線","未繪設快慢車道分隔線","有",62,"未使用",120.947356,24.680348,"苗栗縣","頭份市"
"側撞","2018",4,30,8,"晴","日間自然光線",50,"三岔路","交叉路口內","柏油","乾燥","良好","無號誌","行車分向線","未繪設快慢車道分隔線","有",20,"未使用",120.210802,23.143953,"臺南市","西港區"
"側撞","2018",4,30,8,"晴","日間自然光線",50,"三岔路","交叉路口內","柏油","乾燥","良好","無號誌","行車分向線","未繪設快慢車道分隔線","有",80,"未使用",120.210802,23.143953,"臺南市","西港區"
"其他","2018",4,30,21,"晴","夜間(或隧道、地下道、涵洞)有照明",50,"直路","一般車道(未劃分快慢車道)","柏油","乾燥","良好","無號誌","中央分向島","未繪設快慢車道分隔線","有",84,"不明",120.985787,24.810788,"新竹市","東區"
"其他","2018",4,30,21,"晴","夜間(或隧道、地下道、涵洞)有照明",50,"直路","一般車道(未劃分快慢車道)","柏油","乾燥","良好","無號誌","中央分向島","未繪設快慢車道分隔線","有",21,"不明",120.985787,24.810788,"新竹市","東區"
"其他","2018",4,30,21,"晴","夜間(或隧道、地下道、涵洞)有照明",50,"直路","一般車道(未劃分快慢車道)","柏油","乾燥","良好","無號誌","中央分向島","未繪設快慢車道分隔線","有",29,"使用手持或有礙駕駛安全",120.985787,24.810788,"新竹市","東區"
"穿越道路中","2018",5,1,0,"晴","夜間(或隧道、地下道、涵洞)有照明",50,"三岔路","交叉路口內","柏油","乾燥","良好","正常","無","未繪設快慢車道分隔線","無",37,"未使用",120.227801,23.032777,"臺南市","永康區"
"穿越道路中","2018",5,1,0,"晴","夜間(或隧道、地下道、涵洞)有照明",50,"三岔路","交叉路口內","柏油","乾燥","良好","正常","無","未繪設快慢車道分隔線","無",68,"非汽(機)車駕駛人",120.227801,23.032777,"臺南市","永康區"
"側撞","2018",5,1,8,"晴","日間自然光線",50,"四岔路","交叉口附近","柏油","乾燥","良好","正常","無","未繪設快慢車道分隔線","無",36,"未使用",120.696033,24.168166,"臺中市","北屯區"
"側撞","2018",5,1,8,"晴","日間自然光線",50,"四岔路","交叉口附近","柏油","乾燥","良好","正常","無","未繪設快慢車道分隔線","無",47,"非汽(機)車駕駛人",120.696033,24.168166,"臺中市","北屯區"
"側撞","2018",5,2,6,"晴","日間自然光線",50,"三岔路","交叉路口內","柏油","乾燥","良好","正常","中央分向島","未繪設快慢車道分隔線","有",68,"未使用",121.493136,25.062532,"新北市","三重區"
"側撞","2018",5,2,6,"晴","日間自然光線",50,"三岔路","交叉路口內","柏油","乾燥","良好","正常","中央分向島","未繪設快慢車道分隔線","有",55,"未使用",121.493136,25.062532,"新北市","三重區"
"撞路樹、電桿","2018",5,2,7,"晴","日間自然光線",50,"直路","一般車道(未劃分快慢車道)","柏油","乾燥","良好","無號誌","無","未繪設快慢車道分隔線","有",18,"未使用",121.535354,25.108417,"臺北市","士林區"
"其他","2018",5,2,10,"晴","日間自然光線",50,"彎曲路及附近","一般車道(未劃分快慢車道)","柏油","乾燥","良好","無號誌","雙向禁止超車線","未繪設快慢車道分隔線","有",47,"未使用",121.647649,24.707022,"宜蘭縣","員山鄉"
"其他","2018",5,2,10,"晴","日間自然光線",50,"彎曲路及附近","一般車道(未劃分快慢車道)","柏油","乾燥","良好","無號誌","雙向禁止超車線","未繪設快慢車道分隔線","有",48,"未使用",121.647649,24.707022,"宜蘭縣","員山鄉"
"穿越道路中","2018",5,2,18,"晴","夜間(或隧道、地下道、涵洞)有照明",50,"三岔路","行人穿越道","柏油","乾燥","良好","正常","無","未繪設快慢車道分隔線","無",33,"不明",120.747541,24.195708,"臺中市","北屯區"
"穿越道路中","2018",5,2,18,"晴","夜間(或隧道、地下道、涵洞)有照明",50,"三岔路","行人穿越道","柏油","乾燥","良好","正常","無","未繪設快慢車道分隔線","無",60,"非汽(機)車駕駛人",120.747541,24.195708,"臺中市","北屯區"
"同向擦撞","2018",5,3,11,"晴","日間自然光線",70,"三岔路","交叉路口內","柏油","乾燥","良好","正常","中央分向島","快慢車道分隔線","有",29,"未使用",120.567218,23.984357,"彰化縣","大村鄉"
"同向擦撞","2018",5,3,11,"晴","日間自然光線",70,"三岔路","交叉路口內","柏油","乾燥","良好","正常","中央分向島","快慢車道分隔線","有",61,"未使用",120.567218,23.984357,"彰化縣","大村鄉"
"穿越道路中","2018",5,3,16,"晴","日間自然光線",50,"四岔路","交叉路口內","柏油","乾燥","良好","正常","無","未繪設快慢車道分隔線","有",25,"未使用",121.448394,24.995331,"新北市","板橋區"
"穿越道路中","2018",5,3,16,"晴","日間自然光線",50,"四岔路","交叉路口內","柏油","乾燥","良好","正常","無","未繪設快慢車道分隔線","有",63,"非汽(機)車駕駛人",121.448394,24.995331,"新北市","板橋區"
"側撞","2018",5,3,17,"晴","日間自然光線",70,"四岔路","交叉口附近","柏油","乾燥","良好","正常","中央分向島","寛式快慢車道分隔島(50公分以上)","無",22,"未使用",121.486387,25.121899,"臺北市","北投區"
"側撞","2018",5,3,17,"晴","日間自然光線",70,"四岔路","交叉口附近","柏油","乾燥","良好","正常","中央分向島","寛式快慢車道分隔島(50公分以上)","無",31,"未使用",121.486387,25.121899,"臺北市","北投區"
"撞路樹、電桿","2018",5,4,1,"晴","夜間(或隧道、地下道、涵洞)有照明",40,"彎曲路及附近","一般車道(未劃分快慢車道)","柏油","乾燥","不良","無號誌","無","未繪設快慢車道分隔線","有",35,"未使用",120.665249,23.876784,"南投縣","名間鄉"
"路口交岔撞","2018",5,4,2,"雨","夜間(或隧道、地下道、涵洞)有照明",50,"四岔路","交叉路口內","柏油","濕潤","良好","正常","無","未繪設快慢車道分隔線","無",34,"未使用",120.493753,24.106831,"彰化縣","和美鎮"
"路口交岔撞","2018",5,4,2,"雨","夜間(或隧道、地下道、涵洞)有照明",50,"四岔路","交叉路口內","柏油","濕潤","良好","正常","無","未繪設快慢車道分隔線","無",45,"未使用",120.493753,24.106831,"彰化縣","和美鎮"
"側撞","2018",5,4,17,"晴","日間自然光線",50,"直路","一般車道(未劃分快慢車道)","柏油","乾燥","良好","無號誌","行車分向線","未繪設快慢車道分隔線","無",63,"不明",120.200087,22.984527,"臺南市","西區"
"側撞","2018",5,4,17,"晴","日間自然光線",50,"直路","一般車道(未劃分快慢車道)","柏油","乾燥","良好","無號誌","行車分向線","未繪設快慢車道分隔線","無",16,"未使用",120.200087,22.984527,"臺南市","西區"
"撞護欄(樁)","2018",5,5,1,"晴","夜間(或隧道、地下道、涵洞)有照明",50,"橋樑","慢車道","柏油","乾燥","良好","無號誌","中央分向島","窄式快慢車道分隔島(無柵欄)","有",19,"未使用",121.279335,24.874359,"桃園市","大溪區"
"撞護欄(樁)","2018",5,5,1,"晴","夜間(或隧道、地下道、涵洞)有照明",50,"橋樑","慢車道","柏油","乾燥","良好","無號誌","中央分向島","窄式快慢車道分隔島(無柵欄)","有",25,"未使用",121.279335,24.874359,"桃園市","大溪區"
"對撞","2018",5,5,10,"晴","日間自然光線",50,"直路","一般車道(未劃分快慢車道)","柏油","乾燥","良好","無號誌","雙向禁止超車線","未繪設快慢車道分隔線","有",56,"未使用",120.943828,24.167926,"臺中市","和平區"
"對撞","2018",5,5,10,"晴","日間自然光線",50,"直路","一般車道(未劃分快慢車道)","柏油","乾燥","良好","無號誌","雙向禁止超車線","未繪設快慢車道分隔線","有",80,"未使用",120.943828,24.167926,"臺中市","和平區"
"其他","2018",5,5,23,"晴","夜間(或隧道、地下道、涵洞)有照明",50,"四岔路","交叉路口內","柏油","乾燥","良好","正常","無","未繪設快慢車道分隔線","無",36,"未使用",120.3455,22.61295,"高雄市","鳳山區"
"其他","2018",5,5,23,"晴","夜間(或隧道、地下道、涵洞)有照明",50,"四岔路","交叉路口內","柏油","乾燥","良好","正常","無","未繪設快慢車道分隔線","無",47,"未使用",120.3455,22.61295,"高雄市","鳳山區"
"其他","2018",5,5,23,"晴","夜間(或隧道、地下道、涵洞)有照明",50,"四岔路","交叉路口內","柏油","乾燥","良好","正常","無","未繪設快慢車道分隔線","無",43,"非汽(機)車駕駛人",120.3455,22.61295,"高雄市","鳳山區"
"路口交岔撞","2018",5,6,19,"晴","夜間(或隧道、地下道、涵洞)有照明",50,"三岔路","交叉路口內","柏油","乾燥","良好","正常","中央分向島","快慢車道分隔線","有",65,"不明",120.647078,24.012613,"彰化縣","芬園鄉"
"路口交岔撞","2018",5,6,19,"晴","夜間(或隧道、地下道、涵洞)有照明",50,"三岔路","交叉路口內","柏油","乾燥","良好","正常","中央分向島","快慢車道分隔線","有",66,"不明",120.647078,24.012613,"彰化縣","芬園鄉"
"側撞","2018",5,7,1,"晴","夜間(或隧道、地下道、涵洞)有照明",50,"四岔路","交叉口附近","柏油","乾燥","良好","正常","行車分向線","未繪設快慢車道分隔線","有",19,"未使用",121.444143,25.179109,"新北市","淡水區"
"側撞","2018",5,7,1,"晴","夜間(或隧道、地下道、涵洞)有照明",50,"四岔路","交叉口附近","柏油","乾燥","良好","正常","行車分向線","未繪設快慢車道分隔線","有",19,"非汽(機)車駕駛人",121.444143,25.179109,"新北市","淡水區"
"側撞","2018",5,7,1,"晴","夜間(或隧道、地下道、涵洞)有照明",50,"四岔路","交叉口附近","柏油","乾燥","良好","正常","行車分向線","未繪設快慢車道分隔線","有",54,"未使用",121.444143,25.179109,"新北市","淡水區"
"同向擦撞","2018",5,7,11,"晴","日間自然光線",50,"多岔路","交叉路口內","柏油","乾燥","良好","正常","無","未繪設快慢車道分隔線","無",55,"未使用",121.352651,25.055136,"桃園市","龜山區"
"同向擦撞","2018",5,7,11,"晴","日間自然光線",50,"多岔路","交叉路口內","柏油","乾燥","良好","正常","無","未繪設快慢車道分隔線","無",63,"未使用",121.352651,25.055136,"桃園市","龜山區"
"撞路樹、電桿","2018",5,7,13,"晴","日間自然光線",50,"直路","一般車道(未劃分快慢車道)","柏油","乾燥","良好","無號誌","中央分向島","未繪設快慢車道分隔線","有",76,"未使用",121.616656,24.039986,"花蓮縣","新城鄉"
"對撞","2018",5,7,14,"雨","夜間(或隧道、地下道、涵洞)有照明",50,"隧道","一般車道(未劃分快慢車道)","柏油","乾燥","良好","無號誌","雙向禁止超車線","未繪設快慢車道分隔線","有",64,"不明",121.842028,25.122113,"新北市","瑞芳區"
"對撞","2018",5,7,14,"雨","夜間(或隧道、地下道、涵洞)有照明",50,"隧道","一般車道(未劃分快慢車道)","柏油","乾燥","良好","無號誌","雙向禁止超車線","未繪設快慢車道分隔線","有",64,"不明",121.842028,25.122113,"新北市","瑞芳區"
"路口交岔撞","2018",5,8,0,"晴","夜間(或隧道、地下道、涵洞)有照明",50,"四岔路","交叉路口內","柏油","乾燥","良好","正常","無","未繪設快慢車道分隔線","無",18,"未使用",121.509643,24.958403,"新北市","新店區"
"路口交岔撞","2018",5,8,0,"晴","夜間(或隧道、地下道、涵洞)有照明",50,"四岔路","交叉路口內","柏油","乾燥","良好","正常","無","未繪設快慢車道分隔線","無",63,"未使用",121.509643,24.958403,"新北市","新店區"
"路口交岔撞","2018",5,8,0,"晴","夜間(或隧道、地下道、涵洞)有照明",50,"四岔路","交叉路口內","柏油","乾燥","良好","正常","無","未繪設快慢車道分隔線","無",18,"非汽(機)車駕駛人",121.509643,24.958403,"新北市","新店區"
"追撞","2018",5,8,1,"雨","夜間(或隧道、地下道、涵洞)無照明",110,"直路","快車道","柏油","濕潤","不良","無號誌","中央分向島","未繪設快慢車道分隔線","有",45,"不明",120.593726,24.237133,"臺中市","沙鹿區"
"追撞","2018",5,8,1,"雨","夜間(或隧道、地下道、涵洞)無照明",110,"直路","快車道","柏油","濕潤","不良","無號誌","中央分向島","未繪設快慢車道分隔線","有",44,"未使用",120.593726,24.237133,"臺中市","沙鹿區"
"追撞","2018",5,8,1,"雨","夜間(或隧道、地下道、涵洞)無照明",110,"直路","快車道","柏油","濕潤","不良","無號誌","中央分向島","未繪設快慢車道分隔線","有",47,"未使用",120.593726,24.237133,"臺中市","沙鹿區"
"同向通行中","2018",5,8,4,"雨","夜間(或隧道、地下道、涵洞)有照明",50,"直路","一般車道(未劃分快慢車道)","柏油","濕潤","良好","無號誌","雙向禁止超車線","未繪設快慢車道分隔線","有",25,"不明",121.304,24.98108,"桃園市","桃園區"
"同向通行中","2018",5,8,4,"雨","夜間(或隧道、地下道、涵洞)有照明",50,"直路","一般車道(未劃分快慢車道)","柏油","濕潤","良好","無號誌","雙向禁止超車線","未繪設快慢車道分隔線","有",49,"不明",121.304,24.98108,"桃園市","桃園區"
"同向通行中","2018",5,8,4,"雨","夜間(或隧道、地下道、涵洞)有照明",50,"直路","一般車道(未劃分快慢車道)","柏油","濕潤","良好","無號誌","雙向禁止超車線","未繪設快慢車道分隔線","有",81,"非汽(機)車駕駛人",121.304,24.98108,"桃園市","桃園區"
"穿越道路中","2018",5,8,5,"雨","日間自然光線",50,"三岔路","交叉路口內","柏油","濕潤","良好","正常","雙向禁止超車線","未繪設快慢車道分隔線","有",23,"未使用",121.47246,25.011674,"新北市","板橋區"
"穿越道路中","2018",5,8,5,"雨","日間自然光線",50,"三岔路","交叉路口內","柏油","濕潤","良好","正常","雙向禁止超車線","未繪設快慢車道分隔線","有",78,"非汽(機)車駕駛人",121.47246,25.011674,"新北市","板橋區"
"追撞","2018",5,8,5,"雨","日間自然光線",50,"直路","快車道","柏油","濕潤","良好","無號誌","雙向禁止超車線","快慢車道分隔線","無",78,"非汽(機)車駕駛人",121.5135,25.025882,"臺北市","中正區"
"追撞","2018",5,8,5,"雨","日間自然光線",50,"直路","快車道","柏油","濕潤","良好","無號誌","雙向禁止超車線","快慢車道分隔線","無",71,"未使用",121.5135,25.025882,"臺北市","中正區"
"撞交通島","2018",5,8,6,"陰","日間自然光線",60,"直路","快車道","柏油","濕潤","良好","無號誌","行車分向線","快慢車道分隔線","有",59,"未使用",120.195691,22.951557,"臺南市","南區"