"事故類型及型態子類別名稱","發生年度","發生月份","發生日期","發生時間","天候名稱","光線名稱","速限.第1當事者","道路型態子類別名稱","事故位置子類別名稱","路面狀況.路面鋪裝名稱","路面狀況.路面狀態名稱","道路障礙.視距品質名稱","號誌.號誌動作名稱","車道劃分設施.分向設施大類別名稱","車道劃分設施.分道設施.快慢車道間名稱","車道劃分設施.分道設施.路面邊線名稱","當事者事故發生時年齡","行動電話或電腦或其他相類功能裝置名稱","經度","緯度","縣市","鄉鎮"
"路口交岔撞","2018",5,8,14,"晴","日間自然光線",40,"四岔路","交叉路口內","柏油","乾燥","良好","無號誌","無","未繪設快慢車道分隔線","無",61,"未使用",119.617594,23.591318,"澎湖縣","湖西鄉"
"路口交岔撞","2018",5,8,14,"晴","日間自然光線",40,"四岔路","交叉路口內","柏油","乾燥","良好","無號誌","無","未繪設快慢車道分隔線","無",56,"未使用",119.617594,23.591318,"澎湖縣","湖西鄉"
"側撞","2018",5,8,18,"晴","夜間(或隧道、地下道、涵洞)有照明",50,"四岔路","交叉路口內","柏油","乾燥","良好","無號誌","無","未繪設快慢車道分隔線","無",23,"未使用",121.044811,24.908821,"新竹縣","湖口鄉"
"側撞","2018",5,8,18,"晴","夜間(或隧道、地下道、涵洞)有照明",50,"四岔路","交叉路口內","柏油","乾燥","良好","無號誌","無","未繪設快慢車道分隔線","無",80,"未使用",121.044811,24.908821,"新竹縣","湖口鄉"
"路口交岔撞","2018",5,9,6,"陰","晨或暮光",50,"四岔路","交叉路口內","柏油","乾燥","良好","正常","無","未繪設快慢車道分隔線","無",75,"不明",120.40043,22.485786,"高雄市","林園區"
"路口交岔撞","2018",5,9,6,"陰","晨或暮光",50,"四岔路","交叉路口內","柏油","乾燥","良好","正常","無","未繪設快慢車道分隔線","無",34,"未使用",120.40043,22.485786,"高雄市","林園區"
"對撞","2018",5,9,8,"雨","日間自然光線",40,"彎曲路及附近","一般車道(未劃分快慢車道)","柏油","濕潤","良好","無號誌","單向禁止超車線","未繪設快慢車道分隔線","有",19,"未使用",121.491175,24.577317,"宜蘭縣","大同鄉"
"對撞","2018",5,9,8,"雨","日間自然光線",40,"彎曲路及附近","一般車道(未劃分快慢車道)","柏油","濕潤","良好","無號誌","單向禁止超車線","未繪設快慢車道分隔線","有",52,"未使用",121.491175,24.577317,"宜蘭縣","大同鄉"
"對向通行中","2018",5,9,14,"雨","日間自然光線",40,"四岔路","行人穿越道","柏油","濕潤","良好","正常","無","未繪設快慢車道分隔線","無",36,"不明",120.639488,24.174663,"臺中市","西屯區"
"對向通行中","2018",5,9,14,"雨","日間自然光線",40,"四岔路","行人穿越道","柏油","濕潤","良好","正常","無","未繪設快慢車道分隔線","無",66,"非汽(機)車駕駛人",120.639488,24.174663,"臺中市","西屯區"
"穿越道路中","2018",5,9,19,"晴","夜間(或隧道、地下道、涵洞)有照明",50,"直路","一般車道(未劃分快慢車道)","柏油","乾燥","良好","無號誌","中央分向島","未繪設快慢車道分隔線","無",22,"未使用",120.542188,24.256813,"臺中市","梧棲區"
"穿越道路中","2018",5,9,19,"晴","夜間(或隧道、地下道、涵洞)有照明",50,"直路","一般車道(未劃分快慢車道)","柏油","乾燥","良好","無號誌","中央分向島","未繪設快慢車道分隔線","無",88,"非汽(機)車駕駛人",120.542188,24.256813,"臺中市","梧棲區"
"追撞","2018",5,10,0,"晴","夜間(或隧道、地下道、涵洞)有照明",100,"直路","快車道","柏油","乾燥","良好","無號誌","中央分向島","未繪設快慢車道分隔線","有",45,"不明",121.355026,25.064302,"桃園市","龜山區"
"追撞","2018",5,10,0,"晴","夜間(或隧道、地下道、涵洞)有照明",100,"直路","快車道","柏油","乾燥","良好","無號誌","中央分向島","未繪設快慢車道分隔線","有",41,"未使用",121.355026,25.064302,"桃園市","龜山區"
"其他","2018",5,10,1,"陰","晨或暮光",60,"直路","一般車道(未劃分快慢車道)","柏油","乾燥","良好","無號誌","雙向禁止超車線","未繪設快慢車道分隔線","有",22,"未使用",120.398456,23.898035,"彰化縣","二林鎮"
"撞交通島","2018",5,10,7,"晴","日間自然光線",50,"四岔路","交叉口附近","柏油","乾燥","良好","無號誌","中央分向島","快慢車道分隔線","有",72,"未使用",121.757324,24.754763,"宜蘭縣","宜蘭市"
"側撞","2018",5,11,8,"晴","日間自然光線",50,"直路","一般車道(未劃分快慢車道)","柏油","乾燥","良好","無號誌","行車分向線","未繪設快慢車道分隔線","無",21,"未使用",121.097698,24.734433,"新竹縣","竹東鎮"
"側撞","2018",5,11,8,"晴","日間自然光線",50,"直路","一般車道(未劃分快慢車道)","柏油","乾燥","良好","無號誌","行車分向線","未繪設快慢車道分隔線","無",45,"未使用",121.097698,24.734433,"新竹縣","竹東鎮"
"倒車撞","2018",5,11,11,"晴","日間自然光線",40,"直路","一般車道(未劃分快慢車道)","柏油","乾燥","良好","無號誌","無","未繪設快慢車道分隔線","無",79,"不明",120.331022,23.540063,"嘉義縣","新港鄉"
"倒車撞","2018",5,11,11,"晴","日間自然光線",40,"直路","一般車道(未劃分快慢車道)","柏油","乾燥","良好","無號誌","無","未繪設快慢車道分隔線","無",40,"未使用",120.331022,23.540063,"嘉義縣","新港鄉"
"衝出路外","2018",5,12,8,"晴","日間自然光線",40,"彎曲路及附近","路肩、路緣","柏油","乾燥","不良","無號誌","雙向禁止超車線","未繪設快慢車道分隔線","有",22,"未使用",120.589071,23.278817,"嘉義縣","大埔鄉"
"側撞","2018",5,12,11,"晴","日間自然光線",60,"四岔路","交叉路口內","柏油","乾燥","良好","正常","無","未繪設快慢車道分隔線","無",72,"未使用",120.405101,22.633167,"高雄市","大寮區"
"側撞","2018",5,12,11,"晴","日間自然光線",60,"四岔路","交叉路口內","柏油","乾燥","良好","正常","無","未繪設快慢車道分隔線","無",39,"未使用",120.405101,22.633167,"高雄市","大寮區"
"撞號誌、標誌桿","2018",5,12,23,"晴","夜間(或隧道、地下道、涵洞)有照明",60,"直路","路肩、路緣","柏油","乾燥","良好","無號誌","雙向禁止超車線","未繪設快慢車道分隔線","有",21,"未使用",120.493374,23.076511,"臺南市","南化區"
"撞號誌、標誌桿","2018",5,12,23,"晴","夜間(或隧道、地下道、涵洞)有照明",60,"直路","路肩、路緣","柏油","乾燥","良好","無號誌","雙向禁止超車線","未繪設快慢車道分隔線","有",29,"非汽(機)車駕駛人",120.493374,23.076511,"臺南市","南化區"
"撞路樹、電桿","2018",5,13,1,"晴","夜間(或隧道、地下道、涵洞)有照明",40,"彎曲路及附近","一般車道(未劃分快慢車道)","柏油","乾燥","良好","無號誌","雙向禁止超車線","未繪設快慢車道分隔線","有",36,"不明",120.99381,24.90432,"新竹縣","新豐鄉"
"穿越道路中","2018",5,13,21,"晴","夜間(或隧道、地下道、涵洞)有照明",50,"直路","行人穿越道","柏油","乾燥","良好","無號誌","行車分向線","未繪設快慢車道分隔線","有",64,"非汽(機)車駕駛人",121.552553,25.0343,"臺北市","大安區"
"穿越道路中","2018",5,13,21,"晴","夜間(或隧道、地下道、涵洞)有照明",50,"直路","行人穿越道","柏油","乾燥","良好","無號誌","行車分向線","未繪設快慢車道分隔線","有",56,"未使用",121.552553,25.0343,"臺北市","大安區"
"穿越道路中","2018",5,13,21,"晴","夜間(或隧道、地下道、涵洞)有照明",50,"多岔路","交叉口附近","柏油","乾燥","良好","正常","雙向禁止超車線","未繪設快慢車道分隔線","有",53,"未使用",121.256915,24.949619,"桃園市","中壢區"
"穿越道路中","2018",5,13,21,"晴","夜間(或隧道、地下道、涵洞)有照明",50,"多岔路","交叉口附近","柏油","乾燥","良好","正常","雙向禁止超車線","未繪設快慢車道分隔線","有",53,"非汽(機)車駕駛人",121.256915,24.949619,"桃園市","中壢區"
"其他","2018",5,14,6,"晴","日間自然光線",40,"直路","慢車道","柏油","乾燥","良好","無號誌","中央分向島","寛式快慢車道分隔島(50公分以上)","無",49,"未使用",120.66875,24.152515,"臺中市","西區"
"其他","2018",5,14,10,"晴","日間自然光線",110,"直路","路肩、路緣","柏油","乾燥","良好","無號誌","中央分向島","未繪設快慢車道分隔線","有",80,"未使用",120.286214,23.300949,"臺南市","新營區"
"路口交岔撞","2018",5,14,13,"晴","日間自然光線",40,"四岔路","交叉路口內","柏油","乾燥","不良","無號誌","無","未繪設快慢車道分隔線","無",34,"未使用",120.253119,23.607525,"雲林縣","水林鄉"
"路口交岔撞","2018",5,14,13,"晴","日間自然光線",40,"四岔路","交叉路口內","柏油","乾燥","不良","無號誌","無","未繪設快慢車道分隔線","無",58,"不明",120.253119,23.607525,"雲林縣","水林鄉"
"衝出路外","2018",5,15,7,"晴","日間自然光線",40,"直路","路肩、路緣","無鋪裝","乾燥","良好","無號誌","無","未繪設快慢車道分隔線","有",87,"不明",121.46286,23.665454,"花蓮縣","光復鄉"
"側撞","2018",5,15,11,"晴","日間自然光線",40,"四岔路","交叉路口內","柏油","乾燥","良好","無號誌","雙向禁止超車線","快慢車道分隔線","有",74,"未使用",120.743317,22.007907,"屏東縣","恆春鎮"
"側撞","2018",5,15,11,"晴","日間自然光線",40,"四岔路","交叉路口內","柏油","乾燥","良好","無號誌","雙向禁止超車線","快慢車道分隔線","有",22,"未使用",120.743317,22.007907,"屏東縣","恆春鎮"
"路口交岔撞","2018",5,15,12,"晴","日間自然光線",50,"多岔路","交叉路口內","柏油","乾燥","良好","正常","無","未繪設快慢車道分隔線","無",21,"不明",120.980914,24.814786,"新竹市","北區"
"路口交岔撞","2018",5,15,12,"晴","日間自然光線",50,"多岔路","交叉路口內","柏油","乾燥","良好","正常","無","未繪設快慢車道分隔線","無",30,"不明",120.980914,24.814786,"新竹市","北區"
"側撞","2018",5,15,13,"晴","日間自然光線",50,"四岔路","交叉路口內","柏油","乾燥","良好","正常","中央分向島","未繪設快慢車道分隔線","有",61,"未使用",121.478973,25.02392,"新北市","板橋區"
"側撞","2018",5,15,13,"晴","日間自然光線",50,"四岔路","交叉路口內","柏油","乾燥","良好","正常","中央分向島","未繪設快慢車道分隔線","有",28,"未使用",121.478973,25.02392,"新北市","板橋區"
"側撞","2018",5,15,13,"晴","日間自然光線",50,"四岔路","交叉路口內","柏油","乾燥","良好","正常","中央分向島","未繪設快慢車道分隔線","有",64,"未使用",121.478973,25.02392,"新北市","板橋區"
"追撞","2018",5,15,14,"晴","日間自然光線",60,"三岔路","交叉路口內","柏油","乾燥","良好","正常","無","未繪設快慢車道分隔線","無",24,"未使用",121.341604,25.001059,"桃園市","龜山區"
"追撞","2018",5,15,14,"晴","日間自然光線",60,"三岔路","交叉路口內","柏油","乾燥","良好","正常","無","未繪設快慢車道分隔線","無",26,"未使用",121.341604,25.001059,"桃園市","龜山區"
"追撞","2018",5,15,14,"晴","日間自然光線",60,"三岔路","交叉路口內","柏油","乾燥","良好","正常","無","未繪設快慢車道分隔線","無",21,"未使用",121.341604,25.001059,"桃園市","龜山區"
"追撞","2018",5,15,14,"晴","日間自然光線",60,"三岔路","交叉路口內","柏油","乾燥","良好","正常","無","未繪設快慢車道分隔線","無",67,"未使用",121.341604,25.001059,"桃園市","龜山區"
"路口交岔撞","2018",5,15,14,"晴","日間自然光線",50,"四岔路","交叉路口內","柏油","乾燥","良好","正常","雙向禁止超車線","快慢車道分隔線","有",42,"未使用",120.385591,23.676686,"雲林縣","土庫鎮"
"路口交岔撞","2018",5,15,14,"晴","日間自然光線",50,"四岔路","交叉路口內","柏油","乾燥","良好","正常","雙向禁止超車線","快慢車道分隔線","有",55,"未使用",120.385591,23.676686,"雲林縣","土庫鎮"
"撞護欄(樁)","2018",5,15,15,"晴","日間自然光線",40,"彎曲路及附近","一般車道(未劃分快慢車道)","柏油","乾燥","良好","無號誌","無","未繪設快慢車道分隔線","無",50,"未使用",120.189461,23.232019,"臺南市","學甲區"
"佇立路邊(外)","2018",5,15,19,"晴","夜間(或隧道、地下道、涵洞)有照明",70,"三岔路","交叉口附近","柏油","乾燥","良好","無號誌","中央分向島","快慢車道分隔線","有",28,"未使用",120.491893,23.736162,"雲林縣","虎尾鎮"
"佇立路邊(外)","2018",5,15,19,"晴","夜間(或隧道、地下道、涵洞)有照明",70,"三岔路","交叉口附近","柏油","乾燥","良好","無號誌","中央分向島","快慢車道分隔線","有",51,"非汽(機)車駕駛人",120.491893,23.736162,"雲林縣","虎尾鎮"
"側撞","2018",5,15,21,"晴","夜間(或隧道、地下道、涵洞)有照明",50,"四岔路","交叉路口內","柏油","乾燥","良好","正常","雙向禁止超車線","未繪設快慢車道分隔線","無",34,"不明",121.550245,24.987633,"臺北市","文山區"
"側撞","2018",5,15,21,"晴","夜間(或隧道、地下道、涵洞)有照明",50,"四岔路","交叉路口內","柏油","乾燥","良好","正常","雙向禁止超車線","未繪設快慢車道分隔線","無",45,"不明",121.550245,24.987633,"臺北市","文山區"
"對撞","2018",5,16,0,"晴","夜間(或隧道、地下道、涵洞)有照明",50,"直路","快車道","柏油","乾燥","良好","無號誌","雙向禁止超車線","快慢車道分隔線","有",44,"未使用",120.637046,24.342769,"臺中市","外埔區"
"對撞","2018",5,16,0,"晴","夜間(或隧道、地下道、涵洞)有照明",50,"直路","快車道","柏油","乾燥","良好","無號誌","雙向禁止超車線","快慢車道分隔線","有",19,"不明",120.637046,24.342769,"臺中市","外埔區"
"對撞","2018",5,16,0,"晴","夜間(或隧道、地下道、涵洞)有照明",50,"直路","快車道","柏油","乾燥","良好","無號誌","雙向禁止超車線","快慢車道分隔線","有",23,"不明",120.637046,24.342769,"臺中市","外埔區"
"路口交岔撞","2018",5,16,15,"晴","日間自然光線",50,"四岔路","交叉路口內","柏油","乾燥","良好","正常","無","未繪設快慢車道分隔線","無",82,"不明",120.17819,23.165385,"臺南市","佳里區"
"路口交岔撞","2018",5,16,15,"晴","日間自然光線",50,"四岔路","交叉路口內","柏油","乾燥","良好","正常","無","未繪設快慢車道分隔線","無",45,"未使用",120.17819,23.165385,"臺南市","佳里區"
"對向擦撞","2018",5,16,18,"晴","夜間(或隧道、地下道、涵洞)有照明",50,"四岔路","交叉路口內","柏油","乾燥","良好","正常","中央分向島","未繪設快慢車道分隔線","有",24,"未使用",121.534731,25.118138,"臺北市","士林區"
"對向擦撞","2018",5,16,18,"晴","夜間(或隧道、地下道、涵洞)有照明",50,"四岔路","交叉路口內","柏油","乾燥","良好","正常","中央分向島","未繪設快慢車道分隔線","有",19,"未使用",121.534731,25.118138,"臺北市","士林區"
"撞護欄(樁)","2018",5,16,21,"晴","日間自然光線",30,"直路","一般車道(未劃分快慢車道)","柏油","乾燥","良好","無號誌","雙向禁止超車線","未繪設快慢車道分隔線","有",41,"未使用",120.164107,23.619168,"雲林縣","口湖鄉"
"路口交岔撞","2018",5,17,16,"晴","日間自然光線",50,"四岔路","交叉路口內","柏油","乾燥","良好","無號誌","無","未繪設快慢車道分隔線","有",23,"未使用",120.237917,22.884971,"高雄市","湖內區"
"路口交岔撞","2018",5,17,16,"晴","日間自然光線",50,"四岔路","交叉路口內","柏油","乾燥","良好","無號誌","無","未繪設快慢車道分隔線","有",30,"未使用",120.237917,22.884971,"高雄市","湖內區"
"路口交岔撞","2018",5,17,16,"晴","日間自然光線",50,"四岔路","交叉路口內","柏油","乾燥","良好","無號誌","無","未繪設快慢車道分隔線","有",41,"未使用",120.237917,22.884971,"高雄市","湖內區"
"穿越道路中","2018",5,17,17,"晴","日間自然光線",40,"直路","一般車道(未劃分快慢車道)","柏油","乾燥","良好","無號誌","無","未繪設快慢車道分隔線","無",77,"非汽(機)車駕駛人",120.449778,23.78259,"雲林縣","西螺鎮"
"穿越道路中","2018",5,17,17,"晴","日間自然光線",40,"直路","一般車道(未劃分快慢車道)","柏油","乾燥","良好","無號誌","無","未繪設快慢車道分隔線","無",27,"未使用",120.449778,23.78259,"雲林縣","西螺鎮"
"路口交岔撞","2018",5,17,22,"晴","夜間(或隧道、地下道、涵洞)有照明",50,"四岔路","交叉路口內","柏油","乾燥","良好","正常","雙向禁止超車線","未繪設快慢車道分隔線","有",34,"未使用",120.529522,22.779312,"屏東縣","里港鄉"
"路口交岔撞","2018",5,17,22,"晴","夜間(或隧道、地下道、涵洞)有照明",50,"四岔路","交叉路口內","柏油","乾燥","良好","正常","雙向禁止超車線","未繪設快慢車道分隔線","有",34,"非汽(機)車駕駛人",120.529522,22.779312,"屏東縣","里港鄉"
"路口交岔撞","2018",5,17,22,"晴","夜間(或隧道、地下道、涵洞)有照明",50,"四岔路","交叉路口內","柏油","乾燥","良好","正常","雙向禁止超車線","未繪設快慢車道分隔線","有",31,"非汽(機)車駕駛人",120.529522,22.779312,"屏東縣","里港鄉"
"路口交岔撞","2018",5,17,22,"晴","夜間(或隧道、地下道、涵洞)有照明",50,"四岔路","交叉路口內","柏油","乾燥","良好","正常","雙向禁止超車線","未繪設快慢車道分隔線","有",41,"未使用",120.529522,22.779312,"屏東縣","里港鄉"
"路口交岔撞","2018",5,17,22,"晴","夜間(或隧道、地下道、涵洞)有照明",50,"四岔路","交叉路口內","柏油","乾燥","良好","正常","雙向禁止超車線","未繪設快慢車道分隔線","有",28,"非汽(機)車駕駛人",120.529522,22.779312,"屏東縣","里港鄉"
"穿越道路中","2018",5,18,9,"晴","日間自然光線",50,"三岔路","交叉路口內","柏油","乾燥","良好","正常","無","未繪設快慢車道分隔線","有",27,"未使用",121.24793,24.879491,"桃園市","平鎮區"
"穿越道路中","2018",5,18,9,"晴","日間自然光線",50,"三岔路","交叉路口內","柏油","乾燥","良好","正常","無","未繪設快慢車道分隔線","有",80,"非汽(機)車駕駛人",121.24793,24.879491,"桃園市","平鎮區"
"追撞","2018",5,18,14,"晴","日間自然光線",50,"四岔路","交叉口附近","柏油","乾燥","良好","正常","無","未繪設快慢車道分隔線","無",18,"未使用",120.455832,23.469502,"嘉義市","東區"
"追撞","2018",5,18,14,"晴","日間自然光線",50,"四岔路","交叉口附近","柏油","乾燥","良好","正常","無","未繪設快慢車道分隔線","無",79,"未使用",120.455832,23.469502,"嘉義市","東區"
"同向擦撞","2018",5,19,14,"晴","日間自然光線",50,"彎曲路及附近","一般車道(未劃分快慢車道)","柏油","乾燥","良好","無號誌","無","未繪設快慢車道分隔線","有",37,"未使用",120.260679,22.934454,"臺南市","仁德區"
"同向擦撞","2018",5,19,14,"晴","日間自然光線",50,"彎曲路及附近","一般車道(未劃分快慢車道)","柏油","乾燥","良好","無號誌","無","未繪設快慢車道分隔線","有",20,"未使用",120.260679,22.934454,"臺南市","仁德區"
"同向擦撞","2018",5,19,14,"晴","日間自然光線",50,"彎曲路及附近","一般車道(未劃分快慢車道)","柏油","乾燥","良好","無號誌","無","未繪設快慢車道分隔線","有",19,"非汽(機)車駕駛人",120.260679,22.934454,"臺南市","仁德區"
"側撞","2018",5,19,14,"晴","日間自然光線",60,"四岔路","交叉路口內","柏油","乾燥","良好","正常","無","未繪設快慢車道分隔線","無",28,"不明",120.681744,23.903361,"南投縣","南投市"
"側撞","2018",5,19,14,"晴","日間自然光線",60,"四岔路","交叉路口內","柏油","乾燥","良好","正常","無","未繪設快慢車道分隔線","無",47,"非汽(機)車駕駛人",120.681744,23.903361,"南投縣","南投市"
"側撞","2018",5,19,14,"晴","日間自然光線",60,"四岔路","交叉路口內","柏油","乾燥","良好","正常","無","未繪設快慢車道分隔線","無",47,"未使用",120.681744,23.903361,"南投縣","南投市"
"穿越道路中","2018",5,19,19,"陰","夜間(或隧道、地下道、涵洞)有照明",30,"直路","一般車道(未劃分快慢車道)","柏油","乾燥","良好","無號誌","無","未繪設快慢車道分隔線","有",55,"未使用",120.488964,22.663213,"屏東縣","屏東市"
"穿越道路中","2018",5,19,19,"陰","夜間(或隧道、地下道、涵洞)有照明",30,"直路","一般車道(未劃分快慢車道)","柏油","乾燥","良好","無號誌","無","未繪設快慢車道分隔線","有",70,"非汽(機)車駕駛人",120.488964,22.663213,"屏東縣","屏東市"
"路口交岔撞","2018",5,19,23,"晴","夜間(或隧道、地下道、涵洞)有照明",50,"四岔路","交叉路口內","柏油","乾燥","良好","正常","無","未繪設快慢車道分隔線","無",29,"不明",121.123569,24.955155,"桃園市","新屋區"
"路口交岔撞","2018",5,19,23,"晴","夜間(或隧道、地下道、涵洞)有照明",50,"四岔路","交叉路口內","柏油","乾燥","良好","正常","無","未繪設快慢車道分隔線","無",25,"不明",121.123569,24.955155,"桃園市","新屋區"
"追撞","2018",5,19,23,"晴","夜間(或隧道、地下道、涵洞)有照明",50,"直路","一般車道(未劃分快慢車道)","柏油","乾燥","良好","無號誌","雙向禁止超車線","未繪設快慢車道分隔線","無",64,"不明",120.963218,24.813444,"新竹市","北區"
"追撞","2018",5,19,23,"晴","夜間(或隧道、地下道、涵洞)有照明",50,"直路","一般車道(未劃分快慢車道)","柏油","乾燥","良好","無號誌","雙向禁止超車線","未繪設快慢車道分隔線","無",27,"不明",120.963218,24.813444,"新竹市","北區"
"路口交岔撞","2018",5,20,6,"晴","日間自然光線",60,"四岔路","交叉路口內","柏油","乾燥","良好","正常","雙向禁止超車線","未繪設快慢車道分隔線","無",21,"未使用",120.213491,23.055862,"臺南市","南區"
"路口交岔撞","2018",5,20,6,"晴","日間自然光線",60,"四岔路","交叉路口內","柏油","乾燥","良好","正常","雙向禁止超車線","未繪設快慢車道分隔線","無",30,"未使用",120.213491,23.055862,"臺南市","南區"
"側撞","2018",5,20,16,"晴","日間自然光線",40,"直路","一般車道(未劃分快慢車道)","柏油","乾燥","良好","無號誌","行車分向線","未繪設快慢車道分隔線","有",18,"不明",120.638088,23.935956,"南投縣","南投市"
"側撞","2018",5,20,16,"晴","日間自然光線",40,"直路","一般車道(未劃分快慢車道)","柏油","乾燥","良好","無號誌","行車分向線","未繪設快慢車道分隔線","有",69,"未使用",120.638088,23.935956,"南投縣","南投市"
"側撞","2018",5,20,16,"晴","日間自然光線",40,"直路","一般車道(未劃分快慢車道)","柏油","乾燥","良好","無號誌","行車分向線","未繪設快慢車道分隔線","有",53,"未使用",120.638088,23.935956,"南投縣","南投市"
"撞路樹、電桿","2018",5,20,17,"晴","日間自然光線",50,"彎曲路及附近","路肩、路緣","柏油","乾燥","良好","無號誌","雙向禁止超車線","未繪設快慢車道分隔線","有",55,"不明",120.20123,23.249727,"臺南市","學甲區"
"側撞","2018",5,20,20,"晴","夜間(或隧道、地下道、涵洞)有照明",50,"四岔路","交叉路口內","柏油","乾燥","良好","正常","雙向禁止超車線","未繪設快慢車道分隔線","無",27,"未使用",120.345947,22.565566,"高雄市","小港區"
"側撞","2018",5,20,20,"晴","夜間(或隧道、地下道、涵洞)有照明",50,"四岔路","交叉路口內","柏油","乾燥","良好","正常","雙向禁止超車線","未繪設快慢車道分隔線","無",35,"未使用",120.345947,22.565566,"高雄市","小港區"
"撞路樹、電桿","2018",5,20,22,"晴","夜間(或隧道、地下道、涵洞)有照明",40,"直路","一般車道(未劃分快慢車道)","柏油","乾燥","良好","無號誌","無","未繪設快慢車道分隔線","無",32,"不明",120.18906,23.686727,"雲林縣","臺西鄉"
"撞路樹、電桿","2018",5,21,8,"晴","日間自然光線",50,"直路","路肩、路緣","柏油","乾燥","良好","無號誌","行車分向線","未繪設快慢車道分隔線","有",20,"未使用",120.472914,22.486317,"屏東縣","東港鎮"
"追撞","2018",5,21,16,"晴","日間自然光線",70,"四岔路","交叉路口內","柏油","乾燥","良好","正常","中央分向島","未繪設快慢車道分隔線","有",54,"未使用",120.419533,24.052857,"彰化縣","福興鄉"
"追撞","2018",5,21,16,"晴","日間自然光線",70,"四岔路","交叉路口內","柏油","乾燥","良好","正常","中央分向島","未繪設快慢車道分隔線","有",51,"非汽(機)車駕駛人",120.419533,24.052857,"彰化縣","福興鄉"
"追撞","2018",5,21,16,"晴","日間自然光線",70,"四岔路","交叉路口內","柏油","乾燥","良好","正常","中央分向島","未繪設快慢車道分隔線","有",76,"非汽(機)車駕駛人",120.419533,24.052857,"彰化縣","福興鄉"
"追撞","2018",5,21,16,"晴","日間自然光線",70,"四岔路","交叉路口內","柏油","乾燥","良好","正常","中央分向島","未繪設快慢車道分隔線","有",73,"非汽(機)車駕駛人",120.419533,24.052857,"彰化縣","福興鄉"
"追撞","2018",5,21,16,"晴","日間自然光線",70,"四岔路","交叉路口內","柏油","乾燥","良好","正常","中央分向島","未繪設快慢車道分隔線","有",21,"未使用",120.419533,24.052857,"彰化縣","福興鄉"
"追撞","2018",5,21,16,"晴","日間自然光線",70,"四岔路","交叉路口內","柏油","乾燥","良好","正常","中央分向島","未繪設快慢車道分隔線","有",62,"未使用",120.419533,24.052857,"彰化縣","福興鄉"
"追撞","2018",5,21,16,"晴","日間自然光線",70,"四岔路","交叉路口內","柏油","乾燥","良好","正常","中央分向島","未繪設快慢車道分隔線","有",47,"未使用",120.419533,24.052857,"彰化縣","福興鄉"
"其他","2018",5,22,1,"晴","夜間(或隧道、地下道、涵洞)有照明",50,"直路","交通島(含槽化線)","柏油","乾燥","良好","無號誌","中央分向島","快慢車道分隔線","無",38,"不明",121.553584,25.051564,"臺北市","松山區"
"其他","2018",5,22,1,"晴","夜間(或隧道、地下道、涵洞)有照明",50,"直路","交通島(含槽化線)","柏油","乾燥","良好","無號誌","中央分向島","快慢車道分隔線","無",36,"不明",121.553584,25.051564,"臺北市","松山區"
"其他","2018",5,22,1,"晴","夜間(或隧道、地下道、涵洞)有照明",50,"直路","交通島(含槽化線)","柏油","乾燥","良好","無號誌","中央分向島","快慢車道分隔線","無",28,"不明",121.553584,25.051564,"臺北市","松山區"
"其他","2018",5,22,1,"晴","夜間(或隧道、地下道、涵洞)有照明",50,"直路","交通島(含槽化線)","柏油","乾燥","良好","無號誌","中央分向島","快慢車道分隔線","無",53,"非汽(機)車駕駛人",121.553584,25.051564,"臺北市","松山區"
"其他","2018",5,22,1,"晴","夜間(或隧道、地下道、涵洞)有照明",50,"直路","交通島(含槽化線)","柏油","乾燥","良好","無號誌","中央分向島","快慢車道分隔線","無",88,"非汽(機)車駕駛人",121.553584,25.051564,"臺北市","松山區"
"其他","2018",5,22,10,"晴","日間自然光線",50,"直路","一般車道(未劃分快慢車道)","柏油","乾燥","良好","無號誌","雙向禁止超車線","未繪設快慢車道分隔線","有",74,"未使用",120.796993,24.478889,"苗栗縣","銅鑼鄉"
"衝出路外","2018",5,22,14,"晴","日間自然光線",15,"坡路","一般車道(未劃分快慢車道)","柏油","乾燥","良好","無號誌","無","未繪設快慢車道分隔線","無",76,"未使用",120.872862,24.056443,"南投縣","國姓鄉"
"追撞","2018",5,22,22,"晴","夜間(或隧道、地下道、涵洞)有照明",40,"直路","慢車道","柏油","乾燥","良好","正常","中央分向島","快慢車道分隔線","有",51,"未使用",120.592824,24.113121,"臺中市","烏日區"
"追撞","2018",5,22,22,"晴","夜間(或隧道、地下道、涵洞)有照明",40,"直路","慢車道","柏油","乾燥","良好","正常","中央分向島","快慢車道分隔線","有",54,"未使用",120.592824,24.113121,"臺中市","烏日區"
"穿越道路中","2018",5,23,3,"晴","夜間(或隧道、地下道、涵洞)有照明",60,"直路","一般車道(未劃分快慢車道)","柏油","乾燥","良好","無號誌","中央分向島","快慢車道分隔線","有",32,"未使用",120.98307,24.916074,"新竹縣","新豐鄉"
"穿越道路中","2018",5,23,3,"晴","夜間(或隧道、地下道、涵洞)有照明",60,"直路","一般車道(未劃分快慢車道)","柏油","乾燥","良好","無號誌","中央分向島","快慢車道分隔線","有",76,"非汽(機)車駕駛人",120.98307,24.916074,"新竹縣","新豐鄉"
"穿越道路中","2018",5,23,9,"晴","日間自然光線",50,"直路","一般車道(未劃分快慢車道)","柏油","乾燥","良好","無號誌","行車分向線","未繪設快慢車道分隔線","有",88,"非汽(機)車駕駛人",120.476652,23.042827,"臺南市","南化區"
"穿越道路中","2018",5,23,9,"晴","日間自然光線",50,"直路","一般車道(未劃分快慢車道)","柏油","乾燥","良好","無號誌","行車分向線","未繪設快慢車道分隔線","有",48,"未使用",120.476652,23.042827,"臺南市","南化區"