"事故類型及型態子類別名稱","發生年度","發生月份","發生日期","發生時間","天候名稱","光線名稱","速限.第1當事者","道路型態子類別名稱","事故位置子類別名稱","路面狀況.路面鋪裝名稱","路面狀況.路面狀態名稱","道路障礙.視距品質名稱","號誌.號誌動作名稱","車道劃分設施.分向設施大類別名稱","車道劃分設施.分道設施.快慢車道間名稱","車道劃分設施.分道設施.路面邊線名稱","當事者事故發生時年齡","行動電話或電腦或其他相類功能裝置名稱","經度","緯度","縣市","鄉鎮"
"同向擦撞","2018",5,23,10,"晴","日間自然光線",40,"三岔路","交叉路口內","柏油","乾燥","良好","無號誌","無","未繪設快慢車道分隔線","無",68,"未使用",120.230118,22.983079,"臺南市","東區"
"同向擦撞","2018",5,23,10,"晴","日間自然光線",40,"三岔路","交叉路口內","柏油","乾燥","良好","無號誌","無","未繪設快慢車道分隔線","無",80,"不明",120.230118,22.983079,"臺南市","東區"
"其他","2018",5,23,21,"晴","夜間(或隧道、地下道、涵洞)有照明",60,"四岔路","交叉口附近","柏油","乾燥","良好","無號誌","中央分向島","快慢車道分隔線","有",28,"未使用",120.909941,24.688761,"苗栗縣","頭份市"
"其他","2018",5,23,21,"晴","夜間(或隧道、地下道、涵洞)有照明",60,"四岔路","交叉口附近","柏油","乾燥","良好","無號誌","中央分向島","快慢車道分隔線","有",1,"不明",120.909941,24.688761,"苗栗縣","頭份市"
"追撞","2018",5,24,3,"晴","夜間(或隧道、地下道、涵洞)無照明",110,"直路","快車道","柏油","乾燥","良好","無號誌","中央分向島","未繪設快慢車道分隔線","有",59,"不明",120.334181,23.137384,"臺南市","善化區"
"追撞","2018",5,24,3,"晴","夜間(或隧道、地下道、涵洞)無照明",110,"直路","快車道","柏油","乾燥","良好","無號誌","中央分向島","未繪設快慢車道分隔線","有",59,"不明",120.334181,23.137384,"臺南市","善化區"
"追撞","2018",5,24,3,"晴","夜間(或隧道、地下道、涵洞)無照明",110,"直路","快車道","柏油","乾燥","良好","無號誌","中央分向島","未繪設快慢車道分隔線","有",65,"未使用",120.334181,23.137384,"臺南市","善化區"
"追撞","2018",5,24,3,"晴","夜間(或隧道、地下道、涵洞)無照明",110,"直路","快車道","柏油","乾燥","良好","無號誌","中央分向島","未繪設快慢車道分隔線","有",61,"未使用",120.334181,23.137384,"臺南市","善化區"
"追撞","2018",5,24,3,"晴","夜間(或隧道、地下道、涵洞)無照明",110,"直路","快車道","柏油","乾燥","良好","無號誌","中央分向島","未繪設快慢車道分隔線","有",23,"未使用",120.334181,23.137384,"臺南市","善化區"
"側撞","2018",5,24,7,"晴","日間自然光線",50,"三岔路","交叉路口內","柏油","乾燥","良好","無號誌","無","未繪設快慢車道分隔線","無",79,"未使用",121.282517,24.936048,"桃園市","八德區"
"側撞","2018",5,24,7,"晴","日間自然光線",50,"三岔路","交叉路口內","柏油","乾燥","良好","無號誌","無","未繪設快慢車道分隔線","無",54,"未使用",121.282517,24.936048,"桃園市","八德區"
"其他","2018",5,25,14,"晴","日間自然光線",50,"直路","一般車道(未劃分快慢車道)","柏油","乾燥","良好","無號誌","行車分向線","未繪設快慢車道分隔線","無",36,"未使用",120.334846,23.882805,"彰化縣","芳苑鄉"
"其他","2018",5,25,14,"晴","日間自然光線",50,"直路","一般車道(未劃分快慢車道)","柏油","乾燥","良好","無號誌","行車分向線","未繪設快慢車道分隔線","無",79,"非汽(機)車駕駛人",120.334846,23.882805,"彰化縣","芳苑鄉"
"同向通行中","2018",5,25,16,"晴","日間自然光線",50,"直路","一般車道(未劃分快慢車道)","柏油","乾燥","良好","無號誌","行車分向線","未繪設快慢車道分隔線","有",72,"非汽(機)車駕駛人",120.413357,23.388026,"臺南市","白河區"
"同向通行中","2018",5,25,16,"晴","日間自然光線",50,"直路","一般車道(未劃分快慢車道)","柏油","乾燥","良好","無號誌","行車分向線","未繪設快慢車道分隔線","有",38,"未使用",120.413357,23.388026,"臺南市","白河區"
"側撞","2018",5,25,21,"晴","夜間(或隧道、地下道、涵洞)有照明",40,"四岔路","交叉路口內","柏油","乾燥","良好","正常","無","未繪設快慢車道分隔線","無",19,"未使用",120.3447,22.6249,"高雄市","鳳山區"
"側撞","2018",5,25,21,"晴","夜間(或隧道、地下道、涵洞)有照明",40,"四岔路","交叉路口內","柏油","乾燥","良好","正常","無","未繪設快慢車道分隔線","無",78,"未使用",120.3447,22.6249,"高雄市","鳳山區"
"側撞","2018",5,25,22,"晴","夜間(或隧道、地下道、涵洞)有照明",60,"三岔路","交叉路口內","柏油","乾燥","良好","正常","無","未繪設快慢車道分隔線","無",55,"未使用",120.529153,24.125142,"彰化縣","和美鎮"
"側撞","2018",5,25,22,"晴","夜間(或隧道、地下道、涵洞)有照明",60,"三岔路","交叉路口內","柏油","乾燥","良好","正常","無","未繪設快慢車道分隔線","無",53,"未使用",120.529153,24.125142,"彰化縣","和美鎮"
"其他","2018",5,26,7,"晴","日間自然光線",40,"彎曲路及附近","一般車道(未劃分快慢車道)","柏油","乾燥","良好","無號誌","雙向禁止超車線","未繪設快慢車道分隔線","有",18,"未使用",121.677618,24.937839,"新北市","石碇區"
"其他","2018",5,26,7,"晴","日間自然光線",40,"彎曲路及附近","一般車道(未劃分快慢車道)","柏油","乾燥","良好","無號誌","雙向禁止超車線","未繪設快慢車道分隔線","有",41,"未使用",121.677618,24.937839,"新北市","石碇區"
"穿越道路中","2018",5,26,7,"晴","日間自然光線",50,"直路","一般車道(未劃分快慢車道)","柏油","乾燥","良好","正常","中央分向島","未繪設快慢車道分隔線","有",83,"未使用",121.385773,24.932166,"新北市","三峽區"
"穿越道路中","2018",5,26,7,"晴","日間自然光線",50,"直路","一般車道(未劃分快慢車道)","柏油","乾燥","良好","正常","中央分向島","未繪設快慢車道分隔線","有",78,"非汽(機)車駕駛人",121.385773,24.932166,"新北市","三峽區"
"路口交岔撞","2018",5,27,6,"晴","日間自然光線",40,"四岔路","交叉路口內","柏油","乾燥","良好","無號誌","無","未繪設快慢車道分隔線","有",42,"",120.68305,24.384743,"苗栗縣","苑裡鎮"
"路口交岔撞","2018",5,27,6,"晴","日間自然光線",40,"四岔路","交叉路口內","柏油","乾燥","良好","無號誌","無","未繪設快慢車道分隔線","有",26,"不明",120.68305,24.384743,"苗栗縣","苑裡鎮"
"路口交岔撞","2018",5,27,6,"晴","日間自然光線",40,"四岔路","交叉路口內","柏油","乾燥","良好","無號誌","無","未繪設快慢車道分隔線","有",56,"不明",120.68305,24.384743,"苗栗縣","苑裡鎮"
"穿越道路中","2018",5,27,11,"晴","日間自然光線",60,"直路","快車道","柏油","乾燥","良好","無號誌","中央分向島","快慢車道分隔線","有",31,"未使用",121.354347,25.0618,"桃園市","龜山區"
"穿越道路中","2018",5,27,11,"晴","日間自然光線",60,"直路","快車道","柏油","乾燥","良好","無號誌","中央分向島","快慢車道分隔線","有",33,"未使用",121.354347,25.0618,"桃園市","龜山區"
"撞交通島","2018",5,27,19,"晴","夜間(或隧道、地下道、涵洞)無照明",100,"直路","快車道","柏油","乾燥","良好","無號誌","中央分向島","未繪設快慢車道分隔線","有",53,"未使用",120.214529,23.234959,"臺南市","學甲區"
"撞交通島","2018",5,27,19,"晴","夜間(或隧道、地下道、涵洞)無照明",100,"直路","快車道","柏油","乾燥","良好","無號誌","中央分向島","未繪設快慢車道分隔線","有",44,"未使用",120.214529,23.234959,"臺南市","學甲區"
"追撞","2018",5,27,19,"晴","夜間(或隧道、地下道、涵洞)有照明",50,"直路","一般車道(未劃分快慢車道)","柏油","乾燥","不良","無號誌","行車分向線","未繪設快慢車道分隔線","有",73,"未使用",120.541533,22.532429,"屏東縣","潮州鎮"
"追撞","2018",5,27,19,"晴","夜間(或隧道、地下道、涵洞)有照明",50,"直路","一般車道(未劃分快慢車道)","柏油","乾燥","不良","無號誌","行車分向線","未繪設快慢車道分隔線","有",53,"未使用",120.541533,22.532429,"屏東縣","潮州鎮"
"對撞","2018",5,27,20,"晴","夜間(或隧道、地下道、涵洞)有照明",40,"三岔路","交叉路口內","柏油","乾燥","良好","無號誌","無","未繪設快慢車道分隔線","無",26,"不明",120.61398,23.821893,"彰化縣","二水鄉"
"對撞","2018",5,27,20,"晴","夜間(或隧道、地下道、涵洞)有照明",40,"三岔路","交叉路口內","柏油","乾燥","良好","無號誌","無","未繪設快慢車道分隔線","無",47,"未使用",120.61398,23.821893,"彰化縣","二水鄉"
"路上翻車、摔倒","2018",5,27,22,"晴","夜間(或隧道、地下道、涵洞)有照明",50,"直路","一般車道(未劃分快慢車道)","柏油","乾燥","良好","無號誌","雙向禁止超車線","未繪設快慢車道分隔線","無",16,"未使用",120.638002,24.270782,"臺中市","清水區"
"路上翻車、摔倒","2018",5,28,18,"晴","晨或暮光",50,"彎曲路及附近","一般車道(未劃分快慢車道)","柏油","乾燥","良好","無號誌","無","未繪設快慢車道分隔線","有",41,"未使用",121.122535,24.65982,"新竹縣","竹東鎮"
"側撞","2018",5,28,18,"晴","夜間(或隧道、地下道、涵洞)有照明",60,"三岔路","交叉路口內","柏油","乾燥","良好","正常","無","未繪設快慢車道分隔線","無",78,"未使用",121.321578,23.328442,"花蓮縣","玉里鎮"
"側撞","2018",5,28,18,"晴","夜間(或隧道、地下道、涵洞)有照明",60,"三岔路","交叉路口內","柏油","乾燥","良好","正常","無","未繪設快慢車道分隔線","無",39,"未使用",121.321578,23.328442,"花蓮縣","玉里鎮"
"其他","2018",5,29,1,"晴","夜間(或隧道、地下道、涵洞)有照明",70,"直路","路肩、路緣","柏油","乾燥","良好","無號誌","行車分向線","快慢車道分隔線","有",21,"未使用",120.439921,22.647479,"屏東縣","屏東市"
"其他","2018",5,29,1,"晴","夜間(或隧道、地下道、涵洞)有照明",70,"直路","路肩、路緣","柏油","乾燥","良好","無號誌","行車分向線","快慢車道分隔線","有",17,"未使用",120.439921,22.647479,"屏東縣","屏東市"
"路口交岔撞","2018",5,29,6,"晴","日間自然光線",40,"四岔路","交叉路口內","柏油","乾燥","良好","無號誌","無","未繪設快慢車道分隔線","無",62,"不明",121.295654,24.865857,"桃園市","大溪區"
"路口交岔撞","2018",5,29,6,"晴","日間自然光線",40,"四岔路","交叉路口內","柏油","乾燥","良好","無號誌","無","未繪設快慢車道分隔線","無",33,"不明",121.295654,24.865857,"桃園市","大溪區"
"其他","2018",5,29,7,"晴","日間自然光線",40,"三岔路","交叉路口內","柏油","乾燥","良好","無號誌","無","未繪設快慢車道分隔線","無",55,"未使用",120.303894,23.599662,"雲林縣","北港鎮"
"其他","2018",5,29,7,"晴","日間自然光線",40,"三岔路","交叉路口內","柏油","乾燥","良好","無號誌","無","未繪設快慢車道分隔線","無",58,"未使用",120.303894,23.599662,"雲林縣","北港鎮"
"其他","2018",5,29,7,"晴","日間自然光線",60,"三岔路","交叉口附近","柏油","乾燥","良好","正常","雙向禁止超車線","快慢車道分隔線","有",66,"非汽(機)車駕駛人",120.263536,23.647371,"雲林縣","四湖鄉"
"其他","2018",5,29,7,"晴","日間自然光線",60,"三岔路","交叉口附近","柏油","乾燥","良好","正常","雙向禁止超車線","快慢車道分隔線","有",31,"未使用",120.263536,23.647371,"雲林縣","四湖鄉"
"穿越道路中","2018",5,29,17,"晴","日間自然光線",70,"直路","快車道","柏油","乾燥","良好","無號誌","中央分向島","快慢車道分隔線","有",71,"非汽(機)車駕駛人",120.477378,23.777727,"雲林縣","西螺鎮"
"穿越道路中","2018",5,29,17,"晴","日間自然光線",70,"直路","快車道","柏油","乾燥","良好","無號誌","中央分向島","快慢車道分隔線","有",54,"不明",120.477378,23.777727,"雲林縣","西螺鎮"
"其他","2018",5,30,14,"雨","日間自然光線",40,"彎曲路及附近","一般車道(未劃分快慢車道)","柏油","濕潤","良好","無號誌","無","未繪設快慢車道分隔線","無",66,"未使用",120.496845,23.433457,"嘉義縣","中埔鄉"
"其他","2018",5,30,14,"雨","日間自然光線",40,"彎曲路及附近","一般車道(未劃分快慢車道)","柏油","濕潤","良好","無號誌","無","未繪設快慢車道分隔線","無",23,"未使用",120.496845,23.433457,"嘉義縣","中埔鄉"
"撞路樹、電桿","2018",5,30,16,"晴","日間自然光線",50,"直路","一般車道(未劃分快慢車道)","柏油","乾燥","良好","無號誌","行車分向線","未繪設快慢車道分隔線","有",55,"不明",120.621708,22.370139,"屏東縣","枋寮鄉"
"穿越道路中","2018",5,31,3,"晴","夜間(或隧道、地下道、涵洞)有照明",50,"四岔路","交叉路口內","柏油","乾燥","良好","正常","無","未繪設快慢車道分隔線","無",55,"未使用",121.302426,24.998966,"桃園市","桃園區"
"穿越道路中","2018",5,31,3,"晴","夜間(或隧道、地下道、涵洞)有照明",50,"四岔路","交叉路口內","柏油","乾燥","良好","正常","無","未繪設快慢車道分隔線","無",93,"非汽(機)車駕駛人",121.302426,24.998966,"桃園市","桃園區"
"撞路樹、電桿","2018",5,31,4,"晴","晨或暮光",40,"直路","機車專用道","柏油","乾燥","良好","無號誌","中央分向島","寛式快慢車道分隔島(50公分以上)","無",107,"",120.3725,22.53969,"高雄市","小港區"
"撞路樹、電桿","2018",5,31,4,"晴","晨或暮光",40,"直路","機車專用道","柏油","乾燥","良好","無號誌","中央分向島","寛式快慢車道分隔島(50公分以上)","無",33,"未使用",120.3725,22.53969,"高雄市","小港區"
"撞橋樑、建築物","2018",5,31,15,"晴","日間自然光線",60,"四岔路","交叉路口內","柏油","乾燥","良好","正常","無","未繪設快慢車道分隔線","無",51,"未使用",120.424588,23.74616,"雲林縣","西螺鎮"
"其他","2018",5,31,17,"晴","日間自然光線",50,"三岔路","交叉路口內","柏油","乾燥","良好","無號誌","無","未繪設快慢車道分隔線","無",35,"未使用",120.989811,24.779057,"新竹市","東區"
"其他","2018",5,31,17,"晴","日間自然光線",50,"三岔路","交叉路口內","柏油","乾燥","良好","無號誌","無","未繪設快慢車道分隔線","無",22,"未使用",120.989811,24.779057,"新竹市","東區"
"側撞","2018",6,1,7,"晴","日間自然光線",50,"四岔路","交叉路口內","柏油","乾燥","良好","正常","無","未繪設快慢車道分隔線","無",69,"未使用",120.384221,23.593264,"嘉義縣","溪口鄉"
"側撞","2018",6,1,7,"晴","日間自然光線",50,"四岔路","交叉路口內","柏油","乾燥","良好","正常","無","未繪設快慢車道分隔線","無",73,"未使用",120.384221,23.593264,"嘉義縣","溪口鄉"
"對撞","2018",6,1,7,"陰","日間自然光線",50,"多岔路","交叉路口內","柏油","濕潤","良好","正常","雙向禁止超車線","未繪設快慢車道分隔線","有",25,"未使用",121.426237,25.002193,"新北市","樹林區"
"對撞","2018",6,1,7,"陰","日間自然光線",50,"多岔路","交叉路口內","柏油","濕潤","良好","正常","雙向禁止超車線","未繪設快慢車道分隔線","有",38,"未使用",121.426237,25.002193,"新北市","樹林區"
"撞護欄(樁)","2018",6,1,15,"晴","日間自然光線",70,"直路","慢車道","柏油","乾燥","良好","無號誌","中央分向島","寛式快慢車道分隔島(50公分以上)","有",19,"不明",120.334875,23.475486,"嘉義縣","太保市"
"路口交岔撞","2018",6,1,16,"陰","日間自然光線",50,"四岔路","交叉路口內","柏油","乾燥","良好","無號誌","無","未繪設快慢車道分隔線","無",46,"未使用",121.293498,24.999996,"桃園市","桃園區"
"路口交岔撞","2018",6,1,16,"陰","日間自然光線",50,"四岔路","交叉路口內","柏油","乾燥","良好","無號誌","無","未繪設快慢車道分隔線","無",25,"未使用",121.293498,24.999996,"桃園市","桃園區"
"追撞","2018",6,1,16,"陰","日間自然光線",110,"直路","快車道","柏油","濕潤","良好","無號誌","中央分向島","未繪設快慢車道分隔線","有",30,"不明",120.381735,22.851159,"高雄市","田寮區"
"追撞","2018",6,1,16,"陰","日間自然光線",110,"直路","快車道","柏油","濕潤","良好","無號誌","中央分向島","未繪設快慢車道分隔線","有",46,"未使用",120.381735,22.851159,"高雄市","田寮區"
"追撞","2018",6,1,16,"陰","日間自然光線",110,"直路","快車道","柏油","濕潤","良好","無號誌","中央分向島","未繪設快慢車道分隔線","有",49,"未使用",120.381735,22.851159,"高雄市","田寮區"
"路口交岔撞","2018",6,1,21,"晴","日間自然光線",50,"四岔路","交叉路口內","柏油","乾燥","良好","正常","無","未繪設快慢車道分隔線","無",66,"非汽(機)車駕駛人",120.542365,23.92161,"彰化縣","永靖鄉"
"路口交岔撞","2018",6,1,21,"晴","日間自然光線",50,"四岔路","交叉路口內","柏油","乾燥","良好","正常","無","未繪設快慢車道分隔線","無",77,"未使用",120.542365,23.92161,"彰化縣","永靖鄉"
"路口交岔撞","2018",6,1,21,"晴","日間自然光線",50,"四岔路","交叉路口內","柏油","乾燥","良好","正常","無","未繪設快慢車道分隔線","無",57,"未使用",120.542365,23.92161,"彰化縣","永靖鄉"
"穿越道路中","2018",6,3,0,"陰","夜間(或隧道、地下道、涵洞)無照明",50,"三岔路","交叉口附近","柏油","乾燥","良好","正常","無","未繪設快慢車道分隔線","無",25,"未使用",121.741816,25.11388,"基隆市","仁愛區"
"穿越道路中","2018",6,3,0,"陰","夜間(或隧道、地下道、涵洞)無照明",50,"三岔路","交叉口附近","柏油","乾燥","良好","正常","無","未繪設快慢車道分隔線","無",38,"非汽(機)車駕駛人",121.741816,25.11388,"基隆市","仁愛區"
"其他","2018",6,3,12,"晴","日間自然光線",50,"三岔路","交叉路口內","柏油","乾燥","良好","正常","無","未繪設快慢車道分隔線","無",46,"未使用",121.261125,25.10063,"桃園市","蘆竹區"
"其他","2018",6,3,12,"晴","日間自然光線",50,"三岔路","交叉路口內","柏油","乾燥","良好","正常","無","未繪設快慢車道分隔線","無",56,"未使用",121.261125,25.10063,"桃園市","蘆竹區"
"其他","2018",6,3,12,"晴","日間自然光線",50,"三岔路","交叉路口內","柏油","乾燥","良好","正常","無","未繪設快慢車道分隔線","無",67,"未使用",121.261125,25.10063,"桃園市","蘆竹區"
"穿越道路中","2018",6,3,18,"晴","日間自然光線",50,"彎曲路及附近","一般車道(未劃分快慢車道)","柏油","乾燥","不良","無號誌","行車分向線","未繪設快慢車道分隔線","有",49,"未使用",121.501677,25.255779,"新北市","三芝區"
"穿越道路中","2018",6,3,18,"晴","日間自然光線",50,"彎曲路及附近","一般車道(未劃分快慢車道)","柏油","乾燥","不良","無號誌","行車分向線","未繪設快慢車道分隔線","有",72,"非汽(機)車駕駛人",121.501677,25.255779,"新北市","三芝區"
"同向擦撞","2018",6,3,19,"晴","夜間(或隧道、地下道、涵洞)有照明",60,"直路","慢車道","柏油","乾燥","良好","無號誌","雙向禁止超車線","快慢車道分隔線","有",61,"未使用",120.236813,23.150152,"臺南市","麻豆區"
"同向擦撞","2018",6,3,19,"晴","夜間(或隧道、地下道、涵洞)有照明",60,"直路","慢車道","柏油","乾燥","良好","無號誌","雙向禁止超車線","快慢車道分隔線","有",68,"未使用",120.236813,23.150152,"臺南市","麻豆區"
"撞路樹、電桿","2018",6,3,20,"陰","夜間(或隧道、地下道、涵洞)無照明",40,"彎曲路及附近","一般車道(未劃分快慢車道)","柏油","濕潤","良好","無號誌","雙向禁止超車線","未繪設快慢車道分隔線","有",35,"未使用",121.175686,23.130561,"臺東縣","海端鄉"
"側撞","2018",6,3,22,"晴","夜間(或隧道、地下道、涵洞)有照明",50,"直路","一般車道(未劃分快慢車道)","柏油","乾燥","良好","無號誌","雙向禁止超車線","未繪設快慢車道分隔線","有",19,"未使用",121.729071,25.108337,"基隆市","暖暖區"
"側撞","2018",6,3,22,"晴","夜間(或隧道、地下道、涵洞)有照明",50,"直路","一般車道(未劃分快慢車道)","柏油","乾燥","良好","無號誌","雙向禁止超車線","未繪設快慢車道分隔線","有",70,"未使用",121.729071,25.108337,"基隆市","暖暖區"
"側撞","2018",6,3,22,"晴","夜間(或隧道、地下道、涵洞)有照明",50,"直路","一般車道(未劃分快慢車道)","柏油","乾燥","良好","無號誌","雙向禁止超車線","未繪設快慢車道分隔線","有",39,"未使用",121.729071,25.108337,"基隆市","暖暖區"
"側撞","2018",6,3,22,"晴","夜間(或隧道、地下道、涵洞)有照明",50,"直路","一般車道(未劃分快慢車道)","柏油","乾燥","良好","無號誌","雙向禁止超車線","未繪設快慢車道分隔線","有",23,"未使用",121.729071,25.108337,"基隆市","暖暖區"
"衝出路外","2018",6,4,13,"晴","日間自然光線",110,"直路","路肩、路緣","柏油","乾燥","良好","無號誌","中央分向島","未繪設快慢車道分隔線","有",48,"未使用",121.204587,24.853464,"桃園市","龍潭區"
"衝出路外","2018",6,4,13,"晴","日間自然光線",110,"直路","路肩、路緣","柏油","乾燥","良好","無號誌","中央分向島","未繪設快慢車道分隔線","有",48,"非汽(機)車駕駛人",121.204587,24.853464,"桃園市","龍潭區"
"撞橋樑、建築物","2018",6,4,14,"晴","日間自然光線",60,"直路","路肩、路緣","柏油","乾燥","良好","正常","中央分向島","快慢車道分隔線","有",29,"不明",121.521709,23.882584,"花蓮縣","壽豐鄉"
"路口交岔撞","2018",6,5,9,"晴","日間自然光線",40,"四岔路","交叉路口內","柏油","乾燥","良好","無號誌","無","未繪設快慢車道分隔線","有",58,"未使用",120.466,24.09899,"彰化縣","鹿港鎮"
"路口交岔撞","2018",6,5,9,"晴","日間自然光線",40,"四岔路","交叉路口內","柏油","乾燥","良好","無號誌","無","未繪設快慢車道分隔線","有",23,"未使用",120.466,24.09899,"彰化縣","鹿港鎮"
"側撞","2018",6,5,20,"晴","夜間(或隧道、地下道、涵洞)有照明",50,"三岔路","交叉路口內","柏油","乾燥","良好","正常","無","未繪設快慢車道分隔線","無",43,"未使用",120.185413,23.036953,"臺南市","南區"
"側撞","2018",6,5,20,"晴","夜間(或隧道、地下道、涵洞)有照明",50,"三岔路","交叉路口內","柏油","乾燥","良好","正常","無","未繪設快慢車道分隔線","無",61,"非汽(機)車駕駛人",120.185413,23.036953,"臺南市","南區"
"側撞","2018",6,6,8,"晴","日間自然光線",40,"四岔路","交叉路口內","柏油","乾燥","良好","無號誌","無","未繪設快慢車道分隔線","有",61,"不明",120.310023,23.862271,"彰化縣","大城鄉"
"側撞","2018",6,6,8,"晴","日間自然光線",40,"四岔路","交叉路口內","柏油","乾燥","良好","無號誌","無","未繪設快慢車道分隔線","有",76,"未使用",120.310023,23.862271,"彰化縣","大城鄉"
"穿越道路中","2018",6,6,9,"晴","日間自然光線",50,"直路","一般車道(未劃分快慢車道)","柏油","乾燥","良好","正常","雙向禁止超車線","快慢車道分隔線","有",33,"未使用",120.50977,24.151756,"彰化縣","和美鎮"
"穿越道路中","2018",6,6,9,"晴","日間自然光線",50,"直路","一般車道(未劃分快慢車道)","柏油","乾燥","良好","正常","雙向禁止超車線","快慢車道分隔線","有",64,"非汽(機)車駕駛人",120.50977,24.151756,"彰化縣","和美鎮"
"其他","2018",6,6,22,"晴","夜間(或隧道、地下道、涵洞)有照明",50,"直路","一般車道(未劃分快慢車道)","柏油","乾燥","良好","無號誌","雙向禁止超車線","未繪設快慢車道分隔線","有",22,"未使用",120.867376,24.427321,"苗栗縣","大湖鄉"
"其他","2018",6,6,22,"晴","夜間(或隧道、地下道、涵洞)有照明",50,"直路","一般車道(未劃分快慢車道)","柏油","乾燥","良好","無號誌","雙向禁止超車線","未繪設快慢車道分隔線","有",1,"非汽(機)車駕駛人",120.867376,24.427321,"苗栗縣","大湖鄉"
"其他","2018",6,6,22,"晴","夜間(或隧道、地下道、涵洞)有照明",50,"直路","一般車道(未劃分快慢車道)","柏油","乾燥","良好","無號誌","雙向禁止超車線","未繪設快慢車道分隔線","有",42,"不明",120.867376,24.427321,"苗栗縣","大湖鄉"
"其他","2018",6,6,22,"晴","夜間(或隧道、地下道、涵洞)有照明",50,"直路","一般車道(未劃分快慢車道)","柏油","乾燥","良好","無號誌","雙向禁止超車線","未繪設快慢車道分隔線","有",24,"非汽(機)車駕駛人",120.867376,24.427321,"苗栗縣","大湖鄉"
"其他","2018",6,6,22,"晴","夜間(或隧道、地下道、涵洞)有照明",50,"直路","一般車道(未劃分快慢車道)","柏油","乾燥","良好","無號誌","雙向禁止超車線","未繪設快慢車道分隔線","有",23,"非汽(機)車駕駛人",120.867376,24.427321,"苗栗縣","大湖鄉"
"其他","2018",6,6,22,"晴","夜間(或隧道、地下道、涵洞)有照明",50,"直路","一般車道(未劃分快慢車道)","柏油","乾燥","良好","無號誌","雙向禁止超車線","未繪設快慢車道分隔線","有",63,"不明",120.867376,24.427321,"苗栗縣","大湖鄉"
"其他","2018",6,6,22,"晴","夜間(或隧道、地下道、涵洞)有照明",50,"直路","一般車道(未劃分快慢車道)","柏油","乾燥","良好","無號誌","雙向禁止超車線","未繪設快慢車道分隔線","有",42,"不明",120.867376,24.427321,"苗栗縣","大湖鄉"
"其他","2018",6,7,3,"晴","晨或暮光",60,"多岔路","交叉口附近","柏油","乾燥","良好","正常","中央分向島","快慢車道分隔線","無",50,"未使用",121.353709,25.040235,"桃園市","龜山區"
"其他","2018",6,7,3,"晴","晨或暮光",60,"多岔路","交叉口附近","柏油","乾燥","良好","正常","中央分向島","快慢車道分隔線","無",43,"未使用",121.353709,25.040235,"桃園市","龜山區"
"其他","2018",6,7,3,"晴","晨或暮光",60,"多岔路","交叉口附近","柏油","乾燥","良好","正常","中央分向島","快慢車道分隔線","無",39,"未使用",121.353709,25.040235,"桃園市","龜山區"
"其他","2018",6,7,3,"晴","晨或暮光",60,"多岔路","交叉口附近","柏油","乾燥","良好","正常","中央分向島","快慢車道分隔線","無",39,"未使用",121.353709,25.040235,"桃園市","龜山區"
"路口交岔撞","2018",6,7,4,"晴","晨或暮光",50,"四岔路","交叉路口內","柏油","乾燥","良好","正常","無","未繪設快慢車道分隔線","無",22,"不明",120.481139,22.666725,"屏東縣","屏東市"
"路口交岔撞","2018",6,7,4,"晴","晨或暮光",50,"四岔路","交叉路口內","柏油","乾燥","良好","正常","無","未繪設快慢車道分隔線","無",26,"不明",120.481139,22.666725,"屏東縣","屏東市"
"路口交岔撞","2018",6,7,4,"晴","晨或暮光",50,"四岔路","交叉路口內","柏油","乾燥","良好","正常","無","未繪設快慢車道分隔線","無",24,"非汽(機)車駕駛人",120.481139,22.666725,"屏東縣","屏東市"
"路口交岔撞","2018",6,7,4,"晴","晨或暮光",50,"四岔路","交叉路口內","柏油","乾燥","良好","正常","無","未繪設快慢車道分隔線","無",25,"非汽(機)車駕駛人",120.481139,22.666725,"屏東縣","屏東市"
"路口交岔撞","2018",6,7,4,"晴","晨或暮光",50,"四岔路","交叉路口內","柏油","乾燥","良好","正常","無","未繪設快慢車道分隔線","無",20,"未使用",120.481139,22.666725,"屏東縣","屏東市"
"路口交岔撞","2018",6,7,4,"晴","晨或暮光",50,"四岔路","交叉路口內","柏油","乾燥","良好","正常","無","未繪設快慢車道分隔線","無",20,"未使用",120.481139,22.666725,"屏東縣","屏東市"
"其他","2018",6,7,5,"晴","日間自然光線",60,"直路","一般車道(未劃分快慢車道)","柏油","乾燥","良好","無號誌","雙向禁止超車線","未繪設快慢車道分隔線","有",40,"不明",121.791947,24.842078,"宜蘭縣","頭城鎮"
"其他","2018",6,7,5,"晴","日間自然光線",60,"直路","一般車道(未劃分快慢車道)","柏油","乾燥","良好","無號誌","雙向禁止超車線","未繪設快慢車道分隔線","有",62,"不明",121.791947,24.842078,"宜蘭縣","頭城鎮"
"側撞","2018",6,7,8,"晴","日間自然光線",50,"直路","一般車道(未劃分快慢車道)","柏油","乾燥","良好","無號誌","雙向禁止超車線","未繪設快慢車道分隔線","有",46,"",120.696569,24.25311,"臺中市","神岡區"
"側撞","2018",6,7,8,"晴","日間自然光線",50,"直路","一般車道(未劃分快慢車道)","柏油","乾燥","良好","無號誌","雙向禁止超車線","未繪設快慢車道分隔線","有",51,"不明",120.696569,24.25311,"臺中市","神岡區"
"側撞","2018",6,7,8,"晴","日間自然光線",50,"直路","一般車道(未劃分快慢車道)","柏油","乾燥","良好","無號誌","雙向禁止超車線","未繪設快慢車道分隔線","有",61,"未使用",120.696569,24.25311,"臺中市","神岡區"