"事故類型及型態子類別名稱","發生年度","發生月份","發生日期","發生時間","天候名稱","光線名稱","速限.第1當事者","道路型態子類別名稱","事故位置子類別名稱","路面狀況.路面鋪裝名稱","路面狀況.路面狀態名稱","道路障礙.視距品質名稱","號誌.號誌動作名稱","車道劃分設施.分向設施大類別名稱","車道劃分設施.分道設施.快慢車道間名稱","車道劃分設施.分道設施.路面邊線名稱","當事者事故發生時年齡","行動電話或電腦或其他相類功能裝置名稱","經度","緯度","縣市","鄉鎮"
"穿越道路中","2018",6,21,9,"晴","日間自然光線",50,"三岔路","交叉路口內","柏油","乾燥","良好","無號誌","雙向禁止超車線","未繪設快慢車道分隔線","無",69,"非汽(機)車駕駛人",121.5406,24.977463,"新北市","新店區"
"撞路樹、電桿","2018",6,21,9,"晴","日間自然光線",40,"直路","一般車道(未劃分快慢車道)","柏油","乾燥","良好","無號誌","無","未繪設快慢車道分隔線","有",41,"不明",120.991905,24.932416,"新竹縣","新豐鄉"
"追撞","2018",6,21,10,"晴","日間自然光線",80,"直路","快車道","柏油","乾燥","良好","無號誌","中央分向島","未繪設快慢車道分隔線","無",38,"不明",120.64971,24.196953,"臺中市","北屯區"
"追撞","2018",6,21,10,"晴","日間自然光線",80,"直路","快車道","柏油","乾燥","良好","無號誌","中央分向島","未繪設快慢車道分隔線","無",26,"不明",120.64971,24.196953,"臺中市","北屯區"
"其他","2018",6,21,14,"雨","日間自然光線",50,"直路","直線匝道","柏油","濕潤","良好","無號誌","無","未繪設快慢車道分隔線","有",54,"非汽(機)車駕駛人",120.296979,23.31734,"臺南市","新營區"
"其他","2018",6,21,14,"雨","日間自然光線",50,"直路","直線匝道","柏油","濕潤","良好","無號誌","無","未繪設快慢車道分隔線","有",41,"未使用",120.296979,23.31734,"臺南市","新營區"
"衝出路外","2018",6,21,21,"晴","日間自然光線",50,"彎曲路及附近","一般車道(未劃分快慢車道)","柏油","乾燥","良好","無號誌","雙向禁止超車線","未繪設快慢車道分隔線","有",31,"不明",120.837263,22.101075,"屏東縣","滿州鄉"
"路口交岔撞","2018",6,22,5,"晴","晨或暮光",50,"四岔路","交叉路口內","柏油","乾燥","良好","正常","無","未繪設快慢車道分隔線","無",54,"未使用",120.467762,23.128519,"臺南市","玉井區"
"路口交岔撞","2018",6,22,5,"晴","晨或暮光",50,"四岔路","交叉路口內","柏油","乾燥","良好","正常","無","未繪設快慢車道分隔線","無",81,"未使用",120.467762,23.128519,"臺南市","玉井區"
"路口交岔撞","2018",6,22,10,"陰","日間自然光線",40,"四岔路","交叉路口內","柏油","乾燥","良好","無號誌","無","未繪設快慢車道分隔線","無",60,"不明",120.502523,24.093073,"彰化縣","和美鎮"
"路口交岔撞","2018",6,22,10,"陰","日間自然光線",40,"四岔路","交叉路口內","柏油","乾燥","良好","無號誌","無","未繪設快慢車道分隔線","無",58,"未使用",120.502523,24.093073,"彰化縣","和美鎮"
"撞護欄(樁)","2018",6,22,13,"雨","日間自然光線",100,"直路","快車道","柏油","濕潤","良好","無號誌","中央分向島","未繪設快慢車道分隔線","有",28,"不明",120.484402,22.809868,"屏東縣","里港鄉"
"穿越道路中","2018",6,22,15,"陰","日間自然光線",60,"四岔路","交叉路口內","柏油","乾燥","良好","正常","中央分向島","快慢車道分隔線","無",30,"未使用",120.311154,22.75547,"高雄市","橋頭區"
"穿越道路中","2018",6,22,15,"陰","日間自然光線",60,"四岔路","交叉路口內","柏油","乾燥","良好","正常","中央分向島","快慢車道分隔線","無",68,"非汽(機)車駕駛人",120.311154,22.75547,"高雄市","橋頭區"
"路口交岔撞","2018",6,23,11,"晴","日間自然光線",40,"四岔路","交叉路口內","柏油","乾燥","不良","無號誌","行車分向線","未繪設快慢車道分隔線","無",65,"未使用",120.379441,23.733519,"雲林縣","土庫鎮"
"路口交岔撞","2018",6,23,11,"晴","日間自然光線",40,"四岔路","交叉路口內","柏油","乾燥","不良","無號誌","行車分向線","未繪設快慢車道分隔線","無",48,"未使用",120.379441,23.733519,"雲林縣","土庫鎮"
"追撞","2018",6,23,20,"晴","夜間(或隧道、地下道、涵洞)有照明",50,"直路","快車道","柏油","乾燥","良好","無號誌","行車分向線","快慢車道分隔線","有",35,"不明",120.4289,22.57389,"高雄市","大寮區"
"追撞","2018",6,23,20,"晴","夜間(或隧道、地下道、涵洞)有照明",50,"直路","快車道","柏油","乾燥","良好","無號誌","行車分向線","快慢車道分隔線","有",50,"未使用",120.4289,22.57389,"高雄市","大寮區"
"路口交岔撞","2018",6,25,3,"晴","夜間(或隧道、地下道、涵洞)有照明",50,"四岔路","交叉路口內","柏油","乾燥","良好","正常","無","未繪設快慢車道分隔線","無",19,"不明",120.302204,22.620068,"高雄市","新興區"
"路口交岔撞","2018",6,25,3,"晴","夜間(或隧道、地下道、涵洞)有照明",50,"四岔路","交叉路口內","柏油","乾燥","良好","正常","無","未繪設快慢車道分隔線","無",41,"未使用",120.302204,22.620068,"高雄市","新興區"
"同向通行中","2018",6,25,8,"晴","日間自然光線",50,"直路","路肩、路緣","柏油","乾燥","良好","無號誌","雙向禁止超車線","未繪設快慢車道分隔線","有",73,"非汽(機)車駕駛人",120.51152,23.403984,"嘉義縣","中埔鄉"
"同向通行中","2018",6,25,8,"晴","日間自然光線",50,"直路","路肩、路緣","柏油","乾燥","良好","無號誌","雙向禁止超車線","未繪設快慢車道分隔線","有",37,"未使用",120.51152,23.403984,"嘉義縣","中埔鄉"
"路上翻車、摔倒","2018",6,25,13,"晴","日間自然光線",40,"橋樑","機車專用道","柏油","乾燥","良好","無號誌","行車分向線","未繪設快慢車道分隔線","無",53,"未使用",121.511184,25.062998,"臺北市","大同區"
"撞路樹、電桿","2018",6,25,21,"陰","夜間(或隧道、地下道、涵洞)有照明",30,"三岔路","路肩、路緣","柏油","乾燥","良好","無號誌","無","未繪設快慢車道分隔線","無",61,"未使用",121.239963,22.962243,"臺東縣","東河鄉"
"撞路樹、電桿","2018",6,25,21,"陰","夜間(或隧道、地下道、涵洞)有照明",30,"三岔路","路肩、路緣","柏油","乾燥","良好","無號誌","無","未繪設快慢車道分隔線","無",53,"非汽(機)車駕駛人",121.239963,22.962243,"臺東縣","東河鄉"
"對向通行中","2018",6,26,4,"晴","夜間(或隧道、地下道、涵洞)有照明",50,"多岔路","交叉口附近","柏油","乾燥","良好","正常","行車分向線","快慢車道分隔線","有",55,"未使用",121.512405,25.068506,"臺北市","大同區"
"對向通行中","2018",6,26,4,"晴","夜間(或隧道、地下道、涵洞)有照明",50,"多岔路","交叉口附近","柏油","乾燥","良好","正常","行車分向線","快慢車道分隔線","有",78,"未使用",121.512405,25.068506,"臺北市","大同區"
"其他","2018",6,26,10,"晴","日間自然光線",40,"直路","慢車道","柏油","乾燥","良好","無號誌","雙向禁止超車線","快慢車道分隔線","有",44,"未使用",121.195372,22.809048,"臺東縣","卑南鄉"
"其他","2018",6,26,10,"晴","日間自然光線",40,"直路","慢車道","柏油","乾燥","良好","無號誌","雙向禁止超車線","快慢車道分隔線","有",61,"未使用",121.195372,22.809048,"臺東縣","卑南鄉"
"穿越道路中","2018",6,26,10,"晴","日間自然光線",30,"圓環","其他","柏油","乾燥","不良","無號誌","行車分向線","未繪設快慢車道分隔線","有",48,"未使用",120.59905,24.253215,"臺中市","沙鹿區"
"穿越道路中","2018",6,26,10,"晴","日間自然光線",30,"圓環","其他","柏油","乾燥","不良","無號誌","行車分向線","未繪設快慢車道分隔線","有",83,"未使用",120.59905,24.253215,"臺中市","沙鹿區"
"側撞","2018",6,26,10,"晴","日間自然光線",50,"直路","一般車道(未劃分快慢車道)","柏油","乾燥","良好","無號誌","雙向禁止超車線","未繪設快慢車道分隔線","有",19,"未使用",120.21104,23.010952,"臺南市","北區"
"側撞","2018",6,26,10,"晴","日間自然光線",50,"直路","一般車道(未劃分快慢車道)","柏油","乾燥","良好","無號誌","雙向禁止超車線","未繪設快慢車道分隔線","有",58,"未使用",120.21104,23.010952,"臺南市","北區"
"側撞","2018",6,26,12,"晴","日間自然光線",40,"四岔路","交叉口附近","柏油","乾燥","良好","無號誌","行車分向線","未繪設快慢車道分隔線","有",81,"非汽(機)車駕駛人",120.603329,23.857463,"彰化縣","田中鎮"
"側撞","2018",6,26,12,"晴","日間自然光線",40,"四岔路","交叉口附近","柏油","乾燥","良好","無號誌","行車分向線","未繪設快慢車道分隔線","有",62,"不明",120.603329,23.857463,"彰化縣","田中鎮"
"側撞","2018",6,26,18,"晴","日間自然光線",50,"直路","一般車道(未劃分快慢車道)","柏油","乾燥","良好","無號誌","行車分向線","未繪設快慢車道分隔線","有",32,"不明",120.544762,22.619421,"屏東縣","內埔鄉"
"側撞","2018",6,26,18,"晴","日間自然光線",50,"直路","一般車道(未劃分快慢車道)","柏油","乾燥","良好","無號誌","行車分向線","未繪設快慢車道分隔線","有",64,"未使用",120.544762,22.619421,"屏東縣","內埔鄉"
"對撞","2018",6,26,19,"晴","夜間(或隧道、地下道、涵洞)有照明",40,"直路","一般車道(未劃分快慢車道)","柏油","乾燥","良好","無號誌","無","未繪設快慢車道分隔線","有",36,"未使用",120.467563,23.967142,"彰化縣","溪湖鎮"
"對撞","2018",6,26,19,"晴","夜間(或隧道、地下道、涵洞)有照明",40,"直路","一般車道(未劃分快慢車道)","柏油","乾燥","良好","無號誌","無","未繪設快慢車道分隔線","有",34,"未使用",120.467563,23.967142,"彰化縣","溪湖鎮"
"穿越道路中","2018",6,27,7,"晴","日間自然光線",60,"直路","快車道","柏油","乾燥","良好","無號誌","中央分向島","快慢車道分隔線","有",88,"非汽(機)車駕駛人",121.058306,24.825203,"新竹縣","新埔鎮"
"穿越道路中","2018",6,27,7,"晴","日間自然光線",60,"直路","快車道","柏油","乾燥","良好","無號誌","中央分向島","快慢車道分隔線","有",45,"未使用",121.058306,24.825203,"新竹縣","新埔鎮"
"撞號誌、標誌桿","2018",6,27,8,"晴","日間自然光線",50,"三岔路","交叉口附近","柏油","乾燥","良好","無號誌","行車分向線","快慢車道分隔線","有",31,"未使用",120.994192,24.853183,"新竹縣","竹北市"
"撞路樹、電桿","2018",6,27,13,"陰","日間自然光線",50,"直路","快車道","柏油","乾燥","不良","無號誌","中央分向島","快慢車道分隔線","有",62,"未使用",120.210977,23.080824,"臺南市","安定區"
"撞路樹、電桿","2018",6,27,13,"陰","日間自然光線",50,"直路","快車道","柏油","乾燥","不良","無號誌","中央分向島","快慢車道分隔線","有",88,"非汽(機)車駕駛人",120.210977,23.080824,"臺南市","安定區"
"路口交岔撞","2018",6,27,14,"晴","日間自然光線",50,"四岔路","交叉路口內","柏油","乾燥","良好","正常","無","未繪設快慢車道分隔線","無",66,"不明",120.9304,24.841498,"新竹市","北區"
"路口交岔撞","2018",6,27,14,"晴","日間自然光線",50,"四岔路","交叉路口內","柏油","乾燥","良好","正常","無","未繪設快慢車道分隔線","無",38,"不明",120.9304,24.841498,"新竹市","北區"
"追撞","2018",6,27,16,"雨","日間自然光線",60,"直路","快車道","柏油","濕潤","良好","無號誌","行車分向線","快慢車道分隔線","有",31,"不明",120.58285,23.446134,"嘉義縣","番路鄉"
"追撞","2018",6,27,16,"雨","日間自然光線",60,"直路","快車道","柏油","濕潤","良好","無號誌","行車分向線","快慢車道分隔線","有",39,"未使用",120.58285,23.446134,"嘉義縣","番路鄉"
"追撞","2018",6,27,16,"雨","日間自然光線",60,"直路","快車道","柏油","濕潤","良好","無號誌","行車分向線","快慢車道分隔線","有",29,"未使用",120.58285,23.446134,"嘉義縣","番路鄉"
"路口交岔撞","2018",6,28,16,"晴","日間自然光線",50,"四岔路","交叉口附近","柏油","乾燥","良好","無號誌","雙向禁止超車線","未繪設快慢車道分隔線","有",25,"未使用",120.397622,24.038597,"彰化縣","福興鄉"
"路口交岔撞","2018",6,28,16,"晴","日間自然光線",50,"四岔路","交叉口附近","柏油","乾燥","良好","無號誌","雙向禁止超車線","未繪設快慢車道分隔線","有",43,"未使用",120.397622,24.038597,"彰化縣","福興鄉"
"穿越道路中","2018",6,28,17,"晴","日間自然光線",50,"四岔路","交叉路口內","柏油","乾燥","良好","正常","中央分向島","寛式快慢車道分隔島(50公分以上)","無",54,"不明",120.99841,24.802625,"新竹市","東區"
"穿越道路中","2018",6,28,17,"晴","日間自然光線",50,"四岔路","交叉路口內","柏油","乾燥","良好","正常","中央分向島","寛式快慢車道分隔島(50公分以上)","無",83,"非汽(機)車駕駛人",120.99841,24.802625,"新竹市","東區"
"其他","2018",6,28,17,"晴","日間自然光線",40,"四岔路","交叉路口內","柏油","乾燥","良好","無號誌","無","未繪設快慢車道分隔線","無",43,"不明",120.831601,24.504464,"苗栗縣","公館鄉"
"其他","2018",6,28,17,"晴","日間自然光線",40,"四岔路","交叉路口內","柏油","乾燥","良好","無號誌","無","未繪設快慢車道分隔線","無",64,"不明",120.831601,24.504464,"苗栗縣","公館鄉"
"穿越道路中","2018",6,28,17,"雨","晨或暮光",30,"直路","一般車道(未劃分快慢車道)","柏油","濕潤","良好","無號誌","行車分向線","未繪設快慢車道分隔線","有",83,"非汽(機)車駕駛人",120.580574,23.458227,"嘉義縣","番路鄉"
"穿越道路中","2018",6,28,17,"雨","晨或暮光",30,"直路","一般車道(未劃分快慢車道)","柏油","濕潤","良好","無號誌","行車分向線","未繪設快慢車道分隔線","有",82,"未使用",120.580574,23.458227,"嘉義縣","番路鄉"
"對撞","2018",6,28,21,"晴","夜間(或隧道、地下道、涵洞)有照明",60,"多岔路","交叉路口內","柏油","乾燥","良好","正常","無","未繪設快慢車道分隔線","無",22,"未使用",120.417799,23.773683,"雲林縣","二崙鄉"
"對撞","2018",6,28,21,"晴","夜間(或隧道、地下道、涵洞)有照明",60,"多岔路","交叉路口內","柏油","乾燥","良好","正常","無","未繪設快慢車道分隔線","無",16,"未使用",120.417799,23.773683,"雲林縣","二崙鄉"
"對撞","2018",6,28,21,"晴","夜間(或隧道、地下道、涵洞)有照明",60,"多岔路","交叉路口內","柏油","乾燥","良好","正常","無","未繪設快慢車道分隔線","無",25,"未使用",120.417799,23.773683,"雲林縣","二崙鄉"
"路上翻車、摔倒","2018",6,28,23,"晴","夜間(或隧道、地下道、涵洞)有照明",40,"直路","一般車道(未劃分快慢車道)","柏油","乾燥","良好","無號誌","雙向禁止超車線","未繪設快慢車道分隔線","有",22,"未使用",121.547246,24.951566,"新北市","新店區"
"撞交通島","2018",6,29,4,"晴","夜間(或隧道、地下道、涵洞)有照明",60,"直路","快車道","柏油","乾燥","良好","無號誌","中央分向島","未繪設快慢車道分隔線","有",21,"未使用",120.308686,22.994001,"臺南市","關廟區"
"撞交通島","2018",6,29,4,"晴","夜間(或隧道、地下道、涵洞)有照明",60,"直路","快車道","柏油","乾燥","良好","無號誌","中央分向島","未繪設快慢車道分隔線","有",21,"非汽(機)車駕駛人",120.308686,22.994001,"臺南市","關廟區"
"側撞","2018",6,29,8,"晴","日間自然光線",70,"四岔路","交叉路口內","柏油","乾燥","良好","正常","無","未繪設快慢車道分隔線","無",56,"未使用",120.3638,22.63523,"高雄市","鳳山區"
"側撞","2018",6,29,8,"晴","日間自然光線",70,"四岔路","交叉路口內","柏油","乾燥","良好","正常","無","未繪設快慢車道分隔線","無",76,"未使用",120.3638,22.63523,"高雄市","鳳山區"
"撞護欄(樁)","2018",6,29,8,"晴","日間自然光線",110,"直路","快車道","柏油","乾燥","良好","無號誌","中央分向島","未繪設快慢車道分隔線","有",65,"未使用",120.381735,22.851159,"高雄市","田寮區"
"撞路樹、電桿","2018",6,29,8,"晴","日間自然光線",70,"直路","路肩、路緣","柏油","乾燥","良好","無號誌","中央分向島","未繪設快慢車道分隔線","有",22,"未使用",120.8072,23.989119,"南投縣","草屯鎮"
"路上翻車、摔倒","2018",6,29,13,"雨","日間自然光線",40,"橋樑","機車專用道","柏油","濕潤","良好","無號誌","無","未繪設快慢車道分隔線","有",26,"不明",121.493439,25.048728,"新北市","三重區"
"路口交岔撞","2018",6,29,15,"晴","日間自然光線",50,"四岔路","交叉口附近","柏油","乾燥","良好","正常","無","未繪設快慢車道分隔線","無",18,"未使用",120.2016,23.03952,"臺南市","南區"
"路口交岔撞","2018",6,29,15,"晴","日間自然光線",50,"四岔路","交叉口附近","柏油","乾燥","良好","正常","無","未繪設快慢車道分隔線","無",86,"非汽(機)車駕駛人",120.2016,23.03952,"臺南市","南區"
"路口交岔撞","2018",6,29,15,"晴","日間自然光線",40,"四岔路","交叉路口內","柏油","乾燥","良好","無號誌","無","未繪設快慢車道分隔線","有",69,"不明",120.559803,23.851908,"彰化縣","北斗鎮"
"路口交岔撞","2018",6,29,15,"晴","日間自然光線",40,"四岔路","交叉路口內","柏油","乾燥","良好","無號誌","無","未繪設快慢車道分隔線","有",48,"不明",120.559803,23.851908,"彰化縣","北斗鎮"
"路口交岔撞","2018",6,29,15,"晴","日間自然光線",40,"四岔路","交叉路口內","柏油","乾燥","良好","無號誌","無","未繪設快慢車道分隔線","有",7,"非汽(機)車駕駛人",120.559803,23.851908,"彰化縣","北斗鎮"
"同向擦撞","2018",6,29,17,"晴","日間自然光線",5,"四岔路","交叉口附近","柏油","乾燥","良好","正常","無","未繪設快慢車道分隔線","無",47,"未使用",120.66212,24.232677,"臺中市","大雅區"
"同向擦撞","2018",6,29,17,"晴","日間自然光線",5,"四岔路","交叉口附近","柏油","乾燥","良好","正常","無","未繪設快慢車道分隔線","無",50,"非汽(機)車駕駛人",120.66212,24.232677,"臺中市","大雅區"
"衝出路外","2018",6,29,17,"晴","日間自然光線",60,"直路","路肩、路緣","柏油","乾燥","良好","無號誌","中央分向島","未繪設快慢車道分隔線","有",19,"未使用",121.123898,22.730239,"臺東縣","臺東市"
"側撞","2018",6,30,6,"晴","日間自然光線",50,"三岔路","交叉路口內","柏油","乾燥","良好","無號誌","無","未繪設快慢車道分隔線","有",25,"未使用",120.371111,23.932363,"彰化縣","芳苑鄉"
"側撞","2018",6,30,6,"晴","日間自然光線",50,"三岔路","交叉路口內","柏油","乾燥","良好","無號誌","無","未繪設快慢車道分隔線","有",76,"不明",120.371111,23.932363,"彰化縣","芳苑鄉"
"側撞","2018",6,30,7,"陰","日間自然光線",40,"三岔路","交叉路口內","柏油","乾燥","良好","無號誌","無","未繪設快慢車道分隔線","無",68,"不明",121.291196,24.840701,"桃園市","大溪區"
"側撞","2018",6,30,7,"陰","日間自然光線",40,"三岔路","交叉路口內","柏油","乾燥","良好","無號誌","無","未繪設快慢車道分隔線","無",35,"不明",121.291196,24.840701,"桃園市","大溪區"
"側撞","2018",6,30,7,"陰","日間自然光線",40,"三岔路","交叉路口內","柏油","乾燥","良好","無號誌","無","未繪設快慢車道分隔線","無",46,"不明",121.291196,24.840701,"桃園市","大溪區"
"對撞","2018",6,30,21,"雨","夜間(或隧道、地下道、涵洞)有照明",50,"三岔路","一般車道(未劃分快慢車道)","柏油","濕潤","不良","無號誌","雙向禁止超車線","未繪設快慢車道分隔線","有",66,"不明",120.967483,23.959603,"南投縣","埔里鎮"
"對撞","2018",6,30,21,"雨","夜間(或隧道、地下道、涵洞)有照明",50,"三岔路","一般車道(未劃分快慢車道)","柏油","濕潤","不良","無號誌","雙向禁止超車線","未繪設快慢車道分隔線","有",78,"不明",120.967483,23.959603,"南投縣","埔里鎮"
"對撞","2018",6,30,21,"雨","夜間(或隧道、地下道、涵洞)有照明",50,"三岔路","一般車道(未劃分快慢車道)","柏油","濕潤","不良","無號誌","雙向禁止超車線","未繪設快慢車道分隔線","有",49,"不明",120.967483,23.959603,"南投縣","埔里鎮"
"路口交岔撞","2018",6,30,23,"雨","夜間(或隧道、地下道、涵洞)有照明",50,"四岔路","交叉路口內","柏油","濕潤","良好","正常","無","未繪設快慢車道分隔線","無",25,"未使用",120.50619,23.766196,"雲林縣","莿桐鄉"
"路口交岔撞","2018",6,30,23,"雨","夜間(或隧道、地下道、涵洞)有照明",50,"四岔路","交叉路口內","柏油","濕潤","良好","正常","無","未繪設快慢車道分隔線","無",54,"未使用",120.50619,23.766196,"雲林縣","莿桐鄉"
"撞路樹、電桿","2018",6,30,23,"晴","夜間(或隧道、地下道、涵洞)無照明",50,"直路","其他","柏油","乾燥","良好","無號誌","雙向禁止超車線","未繪設快慢車道分隔線","有",25,"不明",121.344813,23.347694,"花蓮縣","玉里鎮"
"路口交岔撞","2018",7,1,1,"陰","夜間(或隧道、地下道、涵洞)有照明",50,"四岔路","交叉路口內","柏油","乾燥","良好","正常","無","未繪設快慢車道分隔線","無",48,"未使用",121.179064,24.914519,"桃園市","楊梅區"
"路口交岔撞","2018",7,1,1,"陰","夜間(或隧道、地下道、涵洞)有照明",50,"四岔路","交叉路口內","柏油","乾燥","良好","正常","無","未繪設快慢車道分隔線","無",23,"未使用",121.179064,24.914519,"桃園市","楊梅區"
"路口交岔撞","2018",7,1,1,"陰","夜間(或隧道、地下道、涵洞)有照明",50,"四岔路","交叉路口內","柏油","乾燥","良好","正常","無","未繪設快慢車道分隔線","無",45,"未使用",121.179064,24.914519,"桃園市","楊梅區"
"路口交岔撞","2018",7,1,13,"晴","日間自然光線",40,"四岔路","交叉路口內","柏油","乾燥","良好","無號誌","無","未繪設快慢車道分隔線","無",37,"未使用",121.737909,24.737218,"宜蘭縣","宜蘭市"
"路口交岔撞","2018",7,1,13,"晴","日間自然光線",40,"四岔路","交叉路口內","柏油","乾燥","良好","無號誌","無","未繪設快慢車道分隔線","無",35,"未使用",121.737909,24.737218,"宜蘭縣","宜蘭市"
"路上翻車、摔倒","2018",7,1,17,"晴","日間自然光線",40,"坡路","一般車道(未劃分快慢車道)","柏油","乾燥","良好","無號誌","無","未繪設快慢車道分隔線","有",61,"未使用",121.456929,24.958215,"新北市","土城區"
"路上翻車、摔倒","2018",7,1,17,"晴","日間自然光線",40,"坡路","一般車道(未劃分快慢車道)","柏油","乾燥","良好","無號誌","無","未繪設快慢車道分隔線","有",89,"未使用",121.456929,24.958215,"新北市","土城區"
"對撞","2018",7,1,17,"晴","晨或暮光",40,"彎曲路及附近","一般車道(未劃分快慢車道)","柏油","乾燥","不良","無號誌","雙向禁止超車線","未繪設快慢車道分隔線","有",16,"未使用",121.642364,25.09741,"新北市","汐止區"
"對撞","2018",7,1,17,"晴","晨或暮光",40,"彎曲路及附近","一般車道(未劃分快慢車道)","柏油","乾燥","不良","無號誌","雙向禁止超車線","未繪設快慢車道分隔線","有",42,"未使用",121.642364,25.09741,"新北市","汐止區"
"穿越道路中","2018",7,1,19,"雨","夜間(或隧道、地下道、涵洞)有照明",50,"直路","一般車道(未劃分快慢車道)","柏油","濕潤","不良","無號誌","行車分向線","未繪設快慢車道分隔線","有",52,"未使用",120.289664,22.763396,"高雄市","橋頭區"
"穿越道路中","2018",7,1,19,"雨","夜間(或隧道、地下道、涵洞)有照明",50,"直路","一般車道(未劃分快慢車道)","柏油","濕潤","不良","無號誌","行車分向線","未繪設快慢車道分隔線","有",87,"非汽(機)車駕駛人",120.289664,22.763396,"高雄市","橋頭區"
"撞路樹、電桿","2018",7,2,5,"陰","晨或暮光",40,"直路","路肩、路緣","柏油","乾燥","良好","無號誌","無","未繪設快慢車道分隔線","有",63,"未使用",121.124861,22.908588,"臺東縣","鹿野鄉"
"對撞","2018",7,2,7,"晴","日間自然光線",50,"直路","一般車道(未劃分快慢車道)","柏油","乾燥","良好","無號誌","雙向禁止超車線","未繪設快慢車道分隔線","有",41,"未使用",121.724521,25.118904,"基隆市","安樂區"
"對撞","2018",7,2,7,"晴","日間自然光線",50,"直路","一般車道(未劃分快慢車道)","柏油","乾燥","良好","無號誌","雙向禁止超車線","未繪設快慢車道分隔線","有",39,"未使用",121.724521,25.118904,"基隆市","安樂區"
"對撞","2018",7,2,7,"晴","日間自然光線",50,"直路","一般車道(未劃分快慢車道)","柏油","乾燥","良好","無號誌","雙向禁止超車線","未繪設快慢車道分隔線","有",47,"未使用",121.724521,25.118904,"基隆市","安樂區"
"側撞","2018",7,2,17,"晴","日間自然光線",60,"四岔路","交叉路口內","柏油","乾燥","良好","正常","雙向禁止超車線","未繪設快慢車道分隔線","有",41,"未使用",120.884334,24.6769,"苗栗縣","頭份市"
"側撞","2018",7,2,17,"晴","日間自然光線",60,"四岔路","交叉路口內","柏油","乾燥","良好","正常","雙向禁止超車線","未繪設快慢車道分隔線","有",55,"未使用",120.884334,24.6769,"苗栗縣","頭份市"
"追撞","2018",7,2,19,"雨","夜間(或隧道、地下道、涵洞)無照明",100,"直路","快車道","柏油","濕潤","良好","無號誌","中央分向島","未繪設快慢車道分隔線","有",46,"不明",120.251692,23.211556,"臺南市","下營區"
"追撞","2018",7,2,19,"雨","夜間(或隧道、地下道、涵洞)無照明",100,"直路","快車道","柏油","濕潤","良好","無號誌","中央分向島","未繪設快慢車道分隔線","有",30,"未使用",120.251692,23.211556,"臺南市","下營區"
"追撞","2018",7,2,19,"雨","夜間(或隧道、地下道、涵洞)無照明",100,"直路","快車道","柏油","濕潤","良好","無號誌","中央分向島","未繪設快慢車道分隔線","有",57,"未使用",120.251692,23.211556,"臺南市","下營區"
"路上翻車、摔倒","2018",7,3,0,"晴","夜間(或隧道、地下道、涵洞)有照明",40,"三岔路","交叉路口內","柏油","乾燥","良好","正常","無","未繪設快慢車道分隔線","無",16,"未使用",120.70692,24.128857,"臺中市","太平區"
"路上翻車、摔倒","2018",7,3,0,"晴","夜間(或隧道、地下道、涵洞)有照明",40,"三岔路","交叉路口內","柏油","乾燥","良好","正常","無","未繪設快慢車道分隔線","無",14,"非汽(機)車駕駛人",120.70692,24.128857,"臺中市","太平區"
"路上翻車、摔倒","2018",7,3,4,"陰","夜間(或隧道、地下道、涵洞)有照明",60,"直路","快車道","柏油","濕潤","良好","無號誌","中央分向島","快慢車道分隔線","有",22,"未使用",120.465439,24.056,"彰化縣","鹿港鎮"
"撞護欄(樁)","2018",7,3,8,"晴","日間自然光線",50,"直路","路肩、路緣","柏油","乾燥","良好","無號誌","行車分向線","未繪設快慢車道分隔線","有",61,"不明",121.231976,25.077012,"桃園市","大園區"
"追撞","2018",7,3,10,"晴","日間自然光線",90,"直路","直線匝道","柏油","乾燥","良好","無號誌","中央分向島","未繪設快慢車道分隔線","有",28,"不明",120.165808,23.454192,"嘉義縣","東石鄉"
"追撞","2018",7,3,10,"晴","日間自然光線",90,"直路","直線匝道","柏油","乾燥","良好","無號誌","中央分向島","未繪設快慢車道分隔線","有",19,"不明",120.165808,23.454192,"嘉義縣","東石鄉"
"追撞","2018",7,3,10,"晴","日間自然光線",90,"直路","直線匝道","柏油","乾燥","良好","無號誌","中央分向島","未繪設快慢車道分隔線","有",51,"不明",120.165808,23.454192,"嘉義縣","東石鄉"
"追撞","2018",7,3,10,"晴","日間自然光線",90,"直路","直線匝道","柏油","乾燥","良好","無號誌","中央分向島","未繪設快慢車道分隔線","有",55,"不明",120.165808,23.454192,"嘉義縣","東石鄉"
"路口交岔撞","2018",7,3,12,"陰","日間自然光線",50,"四岔路","交叉路口內","柏油","乾燥","不良","正常","中央分向島","未繪設快慢車道分隔線","有",56,"未使用",120.274381,22.950633,"臺南市","歸仁區"
"路口交岔撞","2018",7,3,12,"陰","日間自然光線",50,"四岔路","交叉路口內","柏油","乾燥","不良","正常","中央分向島","未繪設快慢車道分隔線","有",40,"未使用",120.274381,22.950633,"臺南市","歸仁區"
"路上翻車、摔倒","2018",7,4,1,"晴","夜間(或隧道、地下道、涵洞)有照明",40,"直路","機車優先道","柏油","濕潤","良好","無號誌","中央分向島","寛式快慢車道分隔島(50公分以上)","無",107,"",120.324866,22.707771,"高雄市","楠梓區"
"路上翻車、摔倒","2018",7,4,1,"晴","夜間(或隧道、地下道、涵洞)有照明",40,"直路","機車優先道","柏油","濕潤","良好","無號誌","中央分向島","寛式快慢車道分隔島(50公分以上)","無",21,"非汽(機)車駕駛人",120.324866,22.707771,"高雄市","楠梓區"