"事故類型及型態子類別名稱","發生年度","發生月份","發生日期","發生時間","天候名稱","光線名稱","速限.第1當事者","道路型態子類別名稱","事故位置子類別名稱","路面狀況.路面鋪裝名稱","路面狀況.路面狀態名稱","道路障礙.視距品質名稱","號誌.號誌動作名稱","車道劃分設施.分向設施大類別名稱","車道劃分設施.分道設施.快慢車道間名稱","車道劃分設施.分道設施.路面邊線名稱","當事者事故發生時年齡","行動電話或電腦或其他相類功能裝置名稱","經度","緯度","縣市","鄉鎮"
"路上翻車、摔倒","2018",7,4,1,"晴","夜間(或隧道、地下道、涵洞)有照明",40,"直路","機車優先道","柏油","濕潤","良好","無號誌","中央分向島","寛式快慢車道分隔島(50公分以上)","無",21,"不明",120.324866,22.707771,"高雄市","楠梓區"
"對向擦撞","2018",7,4,13,"陰","日間自然光線",40,"彎曲路及附近","一般車道(未劃分快慢車道)","柏油","乾燥","良好","無號誌","無","未繪設快慢車道分隔線","無",27,"不明",120.258185,23.011436,"臺南市","永康區"
"對向擦撞","2018",7,4,13,"陰","日間自然光線",40,"彎曲路及附近","一般車道(未劃分快慢車道)","柏油","乾燥","良好","無號誌","無","未繪設快慢車道分隔線","無",26,"不明",120.258185,23.011436,"臺南市","永康區"
"對向擦撞","2018",7,4,13,"陰","日間自然光線",40,"彎曲路及附近","一般車道(未劃分快慢車道)","柏油","乾燥","良好","無號誌","無","未繪設快慢車道分隔線","無",71,"不明",120.258185,23.011436,"臺南市","永康區"
"對向擦撞","2018",7,4,13,"陰","日間自然光線",40,"彎曲路及附近","一般車道(未劃分快慢車道)","柏油","乾燥","良好","無號誌","無","未繪設快慢車道分隔線","無",81,"非汽(機)車駕駛人",120.258185,23.011436,"臺南市","永康區"
"對向擦撞","2018",7,4,13,"陰","日間自然光線",40,"彎曲路及附近","一般車道(未劃分快慢車道)","柏油","乾燥","良好","無號誌","無","未繪設快慢車道分隔線","無",37,"未使用",120.258185,23.011436,"臺南市","永康區"
"對向擦撞","2018",7,4,13,"陰","日間自然光線",40,"彎曲路及附近","一般車道(未劃分快慢車道)","柏油","乾燥","良好","無號誌","無","未繪設快慢車道分隔線","無",67,"未使用",120.258185,23.011436,"臺南市","永康區"
"路口交岔撞","2018",7,4,14,"雨","日間自然光線",50,"多岔路","交叉路口內","柏油","濕潤","良好","不正常","無","未繪設快慢車道分隔線","無",29,"未使用",120.428764,23.736015,"雲林縣","虎尾鎮"
"路口交岔撞","2018",7,4,14,"雨","日間自然光線",50,"多岔路","交叉路口內","柏油","濕潤","良好","不正常","無","未繪設快慢車道分隔線","無",36,"未使用",120.428764,23.736015,"雲林縣","虎尾鎮"
"撞路樹、電桿","2018",7,4,21,"陰","夜間(或隧道、地下道、涵洞)有照明",50,"直路","一般車道(未劃分快慢車道)","柏油","乾燥","良好","無號誌","雙向禁止超車線","未繪設快慢車道分隔線","有",35,"不明",120.843224,24.561517,"苗栗縣","頭屋鄉"
"撞護欄(樁)","2018",7,5,6,"晴","晨或暮光",50,"直路","一般車道(未劃分快慢車道)","柏油","乾燥","良好","無號誌","行車分向線","未繪設快慢車道分隔線","有",26,"未使用",121.512732,25.085509,"臺北市","士林區"
"同向擦撞","2018",7,5,9,"晴","日間自然光線",50,"四岔路","交叉路口內","柏油","乾燥","良好","正常","無","未繪設快慢車道分隔線","無",52,"不明",120.976856,24.814526,"新竹市","東區"
"同向擦撞","2018",7,5,9,"晴","日間自然光線",50,"四岔路","交叉路口內","柏油","乾燥","良好","正常","無","未繪設快慢車道分隔線","無",66,"不明",120.976856,24.814526,"新竹市","東區"
"其他","2018",7,5,12,"晴","日間自然光線",50,"直路","路肩、路緣","柏油","濕潤","良好","無號誌","行車分向線","未繪設快慢車道分隔線","有",48,"不明",120.162101,23.475898,"嘉義縣","東石鄉"
"其他","2018",7,5,19,"陰","夜間(或隧道、地下道、涵洞)無照明",40,"直路","一般車道(未劃分快慢車道)","柏油","乾燥","不良","無號誌","無","未繪設快慢車道分隔線","無",46,"不明",120.503636,24.123176,"彰化縣","和美鎮"
"其他","2018",7,5,19,"陰","夜間(或隧道、地下道、涵洞)無照明",40,"直路","一般車道(未劃分快慢車道)","柏油","乾燥","不良","無號誌","無","未繪設快慢車道分隔線","無",15,"未使用",120.503636,24.123176,"彰化縣","和美鎮"
"其他","2018",7,5,19,"陰","夜間(或隧道、地下道、涵洞)無照明",40,"直路","一般車道(未劃分快慢車道)","柏油","乾燥","不良","無號誌","無","未繪設快慢車道分隔線","無",17,"非汽(機)車駕駛人",120.503636,24.123176,"彰化縣","和美鎮"
"對撞","2018",7,5,20,"雨","夜間(或隧道、地下道、涵洞)有照明",50,"直路","慢車道","柏油","濕潤","良好","無號誌","行車分向線","快慢車道分隔線","無",37,"未使用",120.656637,24.251089,"臺中市","神岡區"
"對撞","2018",7,5,20,"雨","夜間(或隧道、地下道、涵洞)有照明",50,"直路","慢車道","柏油","濕潤","良好","無號誌","行車分向線","快慢車道分隔線","無",44,"未使用",120.656637,24.251089,"臺中市","神岡區"
"路口交岔撞","2018",7,6,6,"晴","日間自然光線",50,"多岔路","交叉路口內","柏油","乾燥","良好","正常","雙向禁止超車線","快慢車道分隔線","無",49,"未使用",120.715436,24.248251,"臺中市","豐原區"
"路口交岔撞","2018",7,6,6,"晴","日間自然光線",50,"多岔路","交叉路口內","柏油","乾燥","良好","正常","雙向禁止超車線","快慢車道分隔線","無",36,"未使用",120.715436,24.248251,"臺中市","豐原區"
"其他","2018",7,6,15,"晴","日間自然光線",50,"彎曲路及附近","一般車道(未劃分快慢車道)","柏油","乾燥","良好","正常","中央分向島","未繪設快慢車道分隔線","無",51,"未使用",121.516724,25.035235,"臺北市","中正區"
"其他","2018",7,6,15,"晴","日間自然光線",50,"彎曲路及附近","一般車道(未劃分快慢車道)","柏油","乾燥","良好","正常","中央分向島","未繪設快慢車道分隔線","無",18,"未使用",121.516724,25.035235,"臺北市","中正區"
"其他","2018",7,6,15,"晴","日間自然光線",50,"彎曲路及附近","一般車道(未劃分快慢車道)","柏油","乾燥","良好","正常","中央分向島","未繪設快慢車道分隔線","無",18,"未使用",121.516724,25.035235,"臺北市","中正區"
"側撞","2018",7,6,18,"晴","日間自然光線",50,"四岔路","交叉路口內","柏油","乾燥","良好","正常","無","未繪設快慢車道分隔線","無",39,"不明",120.416119,23.682075,"雲林縣","虎尾鎮"
"側撞","2018",7,6,18,"晴","日間自然光線",50,"四岔路","交叉路口內","柏油","乾燥","良好","正常","無","未繪設快慢車道分隔線","無",64,"未使用",120.416119,23.682075,"雲林縣","虎尾鎮"
"撞路樹、電桿","2018",7,6,23,"晴","夜間(或隧道、地下道、涵洞)有照明",50,"直路","路肩、路緣","柏油","乾燥","良好","無號誌","雙向禁止超車線","未繪設快慢車道分隔線","有",25,"不明",120.957391,23.990948,"南投縣","埔里鎮"
"對撞","2018",7,7,1,"晴","夜間(或隧道、地下道、涵洞)有照明",40,"彎曲路及附近","一般車道(未劃分快慢車道)","柏油","乾燥","不良","無號誌","雙向禁止超車線","未繪設快慢車道分隔線","有",25,"未使用",121.330985,25.060157,"桃園市","蘆竹區"
"對撞","2018",7,7,1,"晴","夜間(或隧道、地下道、涵洞)有照明",40,"彎曲路及附近","一般車道(未劃分快慢車道)","柏油","乾燥","不良","無號誌","雙向禁止超車線","未繪設快慢車道分隔線","有",21,"未使用",121.330985,25.060157,"桃園市","蘆竹區"
"追撞","2018",7,7,5,"晴","夜間(或隧道、地下道、涵洞)有照明",40,"隧道","一般車道(未劃分快慢車道)","柏油","乾燥","良好","無號誌","單向禁止超車線","未繪設快慢車道分隔線","有",24,"不明",121.545217,25.083408,"臺北市","士林區"
"追撞","2018",7,7,5,"晴","夜間(或隧道、地下道、涵洞)有照明",40,"隧道","一般車道(未劃分快慢車道)","柏油","乾燥","良好","無號誌","單向禁止超車線","未繪設快慢車道分隔線","有",27,"不明",121.545217,25.083408,"臺北市","士林區"
"追撞","2018",7,7,5,"晴","夜間(或隧道、地下道、涵洞)有照明",40,"隧道","一般車道(未劃分快慢車道)","柏油","乾燥","良好","無號誌","單向禁止超車線","未繪設快慢車道分隔線","有",49,"不明",121.545217,25.083408,"臺北市","士林區"
"追撞","2018",7,7,5,"晴","夜間(或隧道、地下道、涵洞)有照明",40,"隧道","一般車道(未劃分快慢車道)","柏油","乾燥","良好","無號誌","單向禁止超車線","未繪設快慢車道分隔線","有",20,"不明",121.545217,25.083408,"臺北市","士林區"
"追撞","2018",7,7,5,"晴","夜間(或隧道、地下道、涵洞)有照明",40,"隧道","一般車道(未劃分快慢車道)","柏油","乾燥","良好","無號誌","單向禁止超車線","未繪設快慢車道分隔線","有",36,"不明",121.545217,25.083408,"臺北市","士林區"
"其他","2018",7,7,19,"雨","夜間(或隧道、地下道、涵洞)有照明",50,"直路","一般車道(未劃分快慢車道)","柏油","濕潤","良好","無號誌","行車分向線","未繪設快慢車道分隔線","有",25,"未使用",120.552384,23.756802,"雲林縣","莿桐鄉"
"其他","2018",7,7,19,"雨","夜間(或隧道、地下道、涵洞)有照明",50,"直路","一般車道(未劃分快慢車道)","柏油","濕潤","良好","無號誌","行車分向線","未繪設快慢車道分隔線","有",70,"非汽(機)車駕駛人",120.552384,23.756802,"雲林縣","莿桐鄉"
"撞號誌、標誌桿","2018",7,8,8,"晴","日間自然光線",50,"四岔路","交叉路口內","柏油","乾燥","良好","無號誌","雙向禁止超車線","未繪設快慢車道分隔線","有",64,"未使用",120.51557,24.106045,"彰化縣","和美鎮"
"撞號誌、標誌桿","2018",7,8,8,"晴","日間自然光線",50,"四岔路","交叉路口內","柏油","乾燥","良好","無號誌","雙向禁止超車線","未繪設快慢車道分隔線","有",50,"未使用",120.51557,24.106045,"彰化縣","和美鎮"
"側撞","2018",7,8,11,"晴","日間自然光線",50,"三岔路","交叉路口內","柏油","乾燥","良好","正常","無","未繪設快慢車道分隔線","無",31,"未使用",120.304502,23.317321,"臺南市","新營區"
"側撞","2018",7,8,11,"晴","日間自然光線",50,"三岔路","交叉路口內","柏油","乾燥","良好","正常","無","未繪設快慢車道分隔線","無",46,"未使用",120.304502,23.317321,"臺南市","新營區"
"路口交岔撞","2018",7,9,0,"陰","夜間(或隧道、地下道、涵洞)有照明",50,"四岔路","交叉路口內","柏油","乾燥","良好","正常","行車分向線","未繪設快慢車道分隔線","有",47,"未使用",121.777492,24.65295,"宜蘭縣","冬山鄉"
"路口交岔撞","2018",7,9,0,"陰","夜間(或隧道、地下道、涵洞)有照明",50,"四岔路","交叉路口內","柏油","乾燥","良好","正常","行車分向線","未繪設快慢車道分隔線","有",25,"未使用",121.777492,24.65295,"宜蘭縣","冬山鄉"
"路口交岔撞","2018",7,9,0,"陰","夜間(或隧道、地下道、涵洞)有照明",50,"四岔路","交叉路口內","柏油","乾燥","良好","正常","行車分向線","未繪設快慢車道分隔線","有",29,"未使用",121.777492,24.65295,"宜蘭縣","冬山鄉"
"路口交岔撞","2018",7,9,0,"陰","夜間(或隧道、地下道、涵洞)有照明",50,"四岔路","交叉路口內","柏油","乾燥","良好","正常","行車分向線","未繪設快慢車道分隔線","有",32,"非汽(機)車駕駛人",121.777492,24.65295,"宜蘭縣","冬山鄉"
"路口交岔撞","2018",7,9,0,"陰","夜間(或隧道、地下道、涵洞)有照明",50,"四岔路","交叉路口內","柏油","乾燥","良好","正常","行車分向線","未繪設快慢車道分隔線","有",33,"非汽(機)車駕駛人",121.777492,24.65295,"宜蘭縣","冬山鄉"
"側撞","2018",7,9,8,"晴","日間自然光線",50,"四岔路","交叉路口內","柏油","乾燥","良好","正常","無","未繪設快慢車道分隔線","無",34,"未使用",120.622245,24.147842,"臺中市","南屯區"
"側撞","2018",7,9,8,"晴","日間自然光線",50,"四岔路","交叉路口內","柏油","乾燥","良好","正常","無","未繪設快慢車道分隔線","無",49,"未使用",120.622245,24.147842,"臺中市","南屯區"
"同向擦撞","2018",7,9,9,"晴","日間自然光線",50,"直路","一般車道(未劃分快慢車道)","柏油","乾燥","良好","無號誌","行車分向線","未繪設快慢車道分隔線","有",37,"未使用",120.522305,24.110137,"彰化縣","和美鎮"
"同向擦撞","2018",7,9,9,"晴","日間自然光線",50,"直路","一般車道(未劃分快慢車道)","柏油","乾燥","良好","無號誌","行車分向線","未繪設快慢車道分隔線","有",14,"非汽(機)車駕駛人",120.522305,24.110137,"彰化縣","和美鎮"
"同向擦撞","2018",7,9,9,"晴","日間自然光線",50,"直路","一般車道(未劃分快慢車道)","柏油","乾燥","良好","無號誌","行車分向線","未繪設快慢車道分隔線","有",21,"未使用",120.522305,24.110137,"彰化縣","和美鎮"
"路口交岔撞","2018",7,9,13,"晴","日間自然光線",70,"四岔路","交叉路口內","柏油","乾燥","良好","正常","無","未繪設快慢車道分隔線","無",78,"未使用",121.093215,25.030508,"桃園市","觀音區"
"路口交岔撞","2018",7,9,13,"晴","日間自然光線",70,"四岔路","交叉路口內","柏油","乾燥","良好","正常","無","未繪設快慢車道分隔線","無",41,"未使用",121.093215,25.030508,"桃園市","觀音區"
"對撞","2018",7,9,14,"晴","日間自然光線",50,"直路","一般車道(未劃分快慢車道)","柏油","乾燥","良好","無號誌","雙向禁止超車線","未繪設快慢車道分隔線","有",59,"非汽(機)車駕駛人",121.36643,23.409701,"花蓮縣","玉里鎮"
"對撞","2018",7,9,14,"晴","日間自然光線",50,"直路","一般車道(未劃分快慢車道)","柏油","乾燥","良好","無號誌","雙向禁止超車線","未繪設快慢車道分隔線","有",66,"未使用",121.36643,23.409701,"花蓮縣","玉里鎮"
"對撞","2018",7,9,14,"晴","日間自然光線",50,"直路","一般車道(未劃分快慢車道)","柏油","乾燥","良好","無號誌","雙向禁止超車線","未繪設快慢車道分隔線","有",22,"未使用",121.36643,23.409701,"花蓮縣","玉里鎮"
"對撞","2018",7,9,14,"晴","日間自然光線",50,"直路","一般車道(未劃分快慢車道)","柏油","乾燥","良好","無號誌","雙向禁止超車線","未繪設快慢車道分隔線","有",60,"未使用",121.36643,23.409701,"花蓮縣","玉里鎮"
"對撞","2018",7,9,14,"晴","日間自然光線",50,"直路","一般車道(未劃分快慢車道)","柏油","乾燥","良好","無號誌","雙向禁止超車線","未繪設快慢車道分隔線","有",54,"未使用",121.36643,23.409701,"花蓮縣","玉里鎮"
"穿越道路中","2018",7,9,22,"晴","夜間(或隧道、地下道、涵洞)無照明",50,"直路","一般車道(未劃分快慢車道)","柏油","乾燥","良好","無號誌","雙向禁止超車線","快慢車道分隔線","有",19,"未使用",121.09236,22.856206,"臺東縣","卑南鄉"
"穿越道路中","2018",7,9,22,"晴","夜間(或隧道、地下道、涵洞)無照明",50,"直路","一般車道(未劃分快慢車道)","柏油","乾燥","良好","無號誌","雙向禁止超車線","快慢車道分隔線","有",70,"未使用",121.09236,22.856206,"臺東縣","卑南鄉"
"撞號誌、標誌桿","2018",7,10,1,"陰","夜間(或隧道、地下道、涵洞)無照明",40,"彎曲路及附近","一般車道(未劃分快慢車道)","柏油","乾燥","不良","無號誌","無","未繪設快慢車道分隔線","有",19,"未使用",121.144576,24.795387,"新竹縣","關西鎮"
"路口交岔撞","2018",7,10,5,"晴","日間自然光線",50,"三岔路","交叉路口內","柏油","乾燥","良好","正常","無","未繪設快慢車道分隔線","無",47,"未使用",121.763832,24.671869,"宜蘭縣","羅東鎮"
"路口交岔撞","2018",7,10,5,"晴","日間自然光線",50,"三岔路","交叉路口內","柏油","乾燥","良好","正常","無","未繪設快慢車道分隔線","無",56,"未使用",121.763832,24.671869,"宜蘭縣","羅東鎮"
"路口交岔撞","2018",7,10,5,"晴","日間自然光線",50,"三岔路","交叉路口內","柏油","乾燥","良好","正常","無","未繪設快慢車道分隔線","無",64,"未使用",121.763832,24.671869,"宜蘭縣","羅東鎮"
"同向擦撞","2018",7,10,9,"晴","日間自然光線",50,"三岔路","交叉口附近","柏油","乾燥","良好","正常","中央分向島","未繪設快慢車道分隔線","有",69,"未使用",121.606904,23.965018,"花蓮縣","花蓮市"
"同向擦撞","2018",7,10,9,"晴","日間自然光線",50,"三岔路","交叉口附近","柏油","乾燥","良好","正常","中央分向島","未繪設快慢車道分隔線","有",63,"未使用",121.606904,23.965018,"花蓮縣","花蓮市"
"路口交岔撞","2018",7,11,7,"晴","日間自然光線",50,"三岔路","交叉路口內","柏油","乾燥","良好","正常","無","未繪設快慢車道分隔線","無",47,"不明",120.410558,23.447516,"嘉義縣","水上鄉"
"路口交岔撞","2018",7,11,7,"晴","日間自然光線",50,"三岔路","交叉路口內","柏油","乾燥","良好","正常","無","未繪設快慢車道分隔線","無",22,"不明",120.410558,23.447516,"嘉義縣","水上鄉"
"路口交岔撞","2018",7,11,7,"晴","日間自然光線",50,"三岔路","交叉路口內","柏油","乾燥","良好","正常","無","未繪設快慢車道分隔線","無",21,"非汽(機)車駕駛人",120.410558,23.447516,"嘉義縣","水上鄉"
"路口交岔撞","2018",7,11,8,"陰","日間自然光線",40,"四岔路","交叉路口內","柏油","乾燥","良好","無號誌","無","未繪設快慢車道分隔線","無",42,"未使用",120.281892,23.781264,"雲林縣","麥寮鄉"
"路口交岔撞","2018",7,11,8,"陰","日間自然光線",40,"四岔路","交叉路口內","柏油","乾燥","良好","無號誌","無","未繪設快慢車道分隔線","無",30,"未使用",120.281892,23.781264,"雲林縣","麥寮鄉"
"穿越道路中","2018",7,11,20,"晴","夜間(或隧道、地下道、涵洞)有照明",60,"三岔路","交叉口附近","柏油","乾燥","良好","無號誌","雙向禁止超車線","快慢車道分隔線","有",70,"未使用",121.15299,23.018914,"臺東縣","關山鎮"
"穿越道路中","2018",7,11,20,"晴","夜間(或隧道、地下道、涵洞)有照明",60,"三岔路","交叉口附近","柏油","乾燥","良好","無號誌","雙向禁止超車線","快慢車道分隔線","有",47,"非汽(機)車駕駛人",121.15299,23.018914,"臺東縣","關山鎮"
"路口交岔撞","2018",7,11,23,"晴","夜間(或隧道、地下道、涵洞)有照明",50,"四岔路","交叉路口內","柏油","乾燥","良好","正常","無","未繪設快慢車道分隔線","無",45,"未使用",121.470192,25.056086,"新北市","三重區"
"路口交岔撞","2018",7,11,23,"晴","夜間(或隧道、地下道、涵洞)有照明",50,"四岔路","交叉路口內","柏油","乾燥","良好","正常","無","未繪設快慢車道分隔線","無",23,"未使用",121.470192,25.056086,"新北市","三重區"
"路口交岔撞","2018",7,12,11,"晴","日間自然光線",40,"四岔路","交叉路口內","柏油","乾燥","良好","無號誌","無","未繪設快慢車道分隔線","無",29,"未使用",120.287319,23.787877,"雲林縣","麥寮鄉"
"路口交岔撞","2018",7,12,11,"晴","日間自然光線",40,"四岔路","交叉路口內","柏油","乾燥","良好","無號誌","無","未繪設快慢車道分隔線","無",38,"不明",120.287319,23.787877,"雲林縣","麥寮鄉"
"側撞","2018",7,12,18,"晴","日間自然光線",50,"多岔路","交叉路口內","柏油","乾燥","良好","無號誌","無","未繪設快慢車道分隔線","無",36,"未使用",121.227392,24.92863,"桃園市","平鎮區"
"側撞","2018",7,12,18,"晴","日間自然光線",50,"多岔路","交叉路口內","柏油","乾燥","良好","無號誌","無","未繪設快慢車道分隔線","無",70,"未使用",121.227392,24.92863,"桃園市","平鎮區"
"側撞","2018",7,12,18,"晴","日間自然光線",50,"多岔路","交叉路口內","柏油","乾燥","良好","無號誌","無","未繪設快慢車道分隔線","無",13,"非汽(機)車駕駛人",121.227392,24.92863,"桃園市","平鎮區"
"撞路樹、電桿","2018",7,12,19,"晴","夜間(或隧道、地下道、涵洞)有照明",50,"彎曲路及附近","一般車道(未劃分快慢車道)","柏油","乾燥","良好","無號誌","雙向禁止超車線","未繪設快慢車道分隔線","有",36,"不明",120.50879,23.869188,"彰化縣","溪州鄉"
"穿越道路中","2018",7,12,23,"晴","夜間(或隧道、地下道、涵洞)有照明",50,"直路","快車道","柏油","乾燥","良好","無號誌","中央分向島","未繪設快慢車道分隔線","無",48,"未使用",121.311059,25.008412,"桃園市","桃園區"
"穿越道路中","2018",7,12,23,"晴","夜間(或隧道、地下道、涵洞)有照明",50,"直路","快車道","柏油","乾燥","良好","無號誌","中央分向島","未繪設快慢車道分隔線","無",65,"非汽(機)車駕駛人",121.311059,25.008412,"桃園市","桃園區"
"撞非固定設施","2018",7,13,5,"晴","日間自然光線",50,"直路","慢車道","柏油","乾燥","良好","無號誌","中央分向島","快慢車道分隔線","有",20,"未使用",121.531429,25.096471,"臺北市","士林區"
"撞非固定設施","2018",7,13,5,"晴","日間自然光線",50,"直路","慢車道","柏油","乾燥","良好","無號誌","中央分向島","快慢車道分隔線","有",20,"未使用",121.531429,25.096471,"臺北市","士林區"
"路口交岔撞","2018",7,13,7,"晴","日間自然光線",50,"四岔路","交叉路口內","柏油","乾燥","良好","無號誌","無","未繪設快慢車道分隔線","無",69,"不明",120.254158,23.492646,"嘉義縣","六腳鄉"
"路口交岔撞","2018",7,13,7,"晴","日間自然光線",50,"四岔路","交叉路口內","柏油","乾燥","良好","無號誌","無","未繪設快慢車道分隔線","無",60,"不明",120.254158,23.492646,"嘉義縣","六腳鄉"
"路口交岔撞","2018",7,13,11,"晴","日間自然光線",40,"四岔路","交叉路口內","柏油","乾燥","良好","無號誌","行車分向線","未繪設快慢車道分隔線","無",75,"未使用",121.570219,25.043109,"臺北市","信義區"
"路口交岔撞","2018",7,13,11,"晴","日間自然光線",40,"四岔路","交叉路口內","柏油","乾燥","良好","無號誌","行車分向線","未繪設快慢車道分隔線","無",65,"未使用",121.570219,25.043109,"臺北市","信義區"
"其他","2018",7,13,23,"陰","夜間(或隧道、地下道、涵洞)有照明",50,"直路","路肩、路緣","柏油","乾燥","良好","無號誌","行車分向線","快慢車道分隔線","有",30,"不明",120.4939,24.159013,"彰化縣","伸港鄉"
"其他","2018",7,13,23,"陰","夜間(或隧道、地下道、涵洞)有照明",50,"直路","路肩、路緣","柏油","乾燥","良好","無號誌","行車分向線","快慢車道分隔線","有",41,"不明",120.4939,24.159013,"彰化縣","伸港鄉"
"追撞","2018",7,14,10,"晴","日間自然光線",50,"直路","一般車道(未劃分快慢車道)","柏油","乾燥","良好","無號誌","行車分向線","未繪設快慢車道分隔線","有",79,"未使用",121.134538,24.842594,"新竹縣","新埔鎮"
"追撞","2018",7,14,10,"晴","日間自然光線",50,"直路","一般車道(未劃分快慢車道)","柏油","乾燥","良好","無號誌","行車分向線","未繪設快慢車道分隔線","有",80,"未使用",121.134538,24.842594,"新竹縣","新埔鎮"
"追撞","2018",7,14,10,"晴","日間自然光線",50,"直路","一般車道(未劃分快慢車道)","柏油","乾燥","良好","無號誌","行車分向線","未繪設快慢車道分隔線","有",47,"未使用",121.134538,24.842594,"新竹縣","新埔鎮"
"側撞","2018",7,14,14,"晴","日間自然光線",50,"三岔路","交叉口附近","柏油","乾燥","良好","無號誌","雙向禁止超車線","未繪設快慢車道分隔線","有",83,"非汽(機)車駕駛人",121.371751,25.06824,"新北市","林口區"
"側撞","2018",7,14,14,"晴","日間自然光線",50,"三岔路","交叉口附近","柏油","乾燥","良好","無號誌","雙向禁止超車線","未繪設快慢車道分隔線","有",28,"未使用",121.371751,25.06824,"新北市","林口區"
"路口交岔撞","2018",7,14,18,"晴","晨或暮光",50,"四岔路","交叉路口內","柏油","乾燥","良好","正常","無","未繪設快慢車道分隔線","無",75,"未使用",120.296705,23.464592,"嘉義縣","太保市"
"路口交岔撞","2018",7,14,18,"晴","晨或暮光",50,"四岔路","交叉路口內","柏油","乾燥","良好","正常","無","未繪設快慢車道分隔線","無",37,"未使用",120.296705,23.464592,"嘉義縣","太保市"
"路口交岔撞","2018",7,14,18,"晴","晨或暮光",50,"四岔路","交叉路口內","柏油","乾燥","良好","正常","無","未繪設快慢車道分隔線","無",68,"未使用",120.296705,23.464592,"嘉義縣","太保市"
"其他","2018",7,14,22,"晴","夜間(或隧道、地下道、涵洞)有照明",50,"直路","一般車道(未劃分快慢車道)","柏油","乾燥","良好","無號誌","行車分向線","未繪設快慢車道分隔線","有",33,"未使用",121.007348,24.85173,"新竹縣","竹北市"
"其他","2018",7,14,22,"晴","夜間(或隧道、地下道、涵洞)有照明",50,"直路","一般車道(未劃分快慢車道)","柏油","乾燥","良好","無號誌","行車分向線","未繪設快慢車道分隔線","有",22,"未使用",121.007348,24.85173,"新竹縣","竹北市"
"撞路樹、電桿","2018",7,14,23,"晴","夜間(或隧道、地下道、涵洞)有照明",50,"直路","路肩、路緣","柏油","乾燥","良好","無號誌","行車分向線","未繪設快慢車道分隔線","有",23,"不明",120.669773,23.83759,"南投縣","名間鄉"
"撞路樹、電桿","2018",7,15,0,"晴","夜間(或隧道、地下道、涵洞)有照明",50,"三岔路","路肩、路緣","柏油","乾燥","良好","無號誌","雙向禁止超車線","未繪設快慢車道分隔線","有",17,"未使用",120.43111,23.668296,"雲林縣","大埤鄉"
"撞路樹、電桿","2018",7,15,0,"晴","夜間(或隧道、地下道、涵洞)有照明",50,"三岔路","路肩、路緣","柏油","乾燥","良好","無號誌","雙向禁止超車線","未繪設快慢車道分隔線","有",18,"非汽(機)車駕駛人",120.43111,23.668296,"雲林縣","大埤鄉"
"撞橋樑、建築物","2018",7,15,2,"陰","夜間(或隧道、地下道、涵洞)有照明",50,"多岔路","交叉路口內","柏油","乾燥","良好","正常","中央分向島","快慢車道分隔線","有",32,"不明",120.914503,24.693325,"苗栗縣","頭份市"
"路口交岔撞","2018",7,15,5,"晴","日間自然光線",50,"四岔路","交叉路口內","柏油","乾燥","良好","正常","無","未繪設快慢車道分隔線","無",79,"未使用",120.527792,23.97105,"彰化縣","埔心鄉"
"路口交岔撞","2018",7,15,5,"晴","日間自然光線",50,"四岔路","交叉路口內","柏油","乾燥","良好","正常","無","未繪設快慢車道分隔線","無",57,"未使用",120.527792,23.97105,"彰化縣","埔心鄉"
"路口交岔撞","2018",7,15,5,"晴","日間自然光線",50,"四岔路","交叉路口內","柏油","乾燥","良好","正常","無","未繪設快慢車道分隔線","無",73,"非汽(機)車駕駛人",120.527792,23.97105,"彰化縣","埔心鄉"
"對撞","2018",7,15,12,"晴","日間自然光線",50,"直路","一般車道(未劃分快慢車道)","柏油","乾燥","良好","無號誌","行車分向線","快慢車道分隔線","有",55,"不明",120.363564,23.410225,"嘉義縣","水上鄉"
"對撞","2018",7,15,12,"晴","日間自然光線",50,"直路","一般車道(未劃分快慢車道)","柏油","乾燥","良好","無號誌","行車分向線","快慢車道分隔線","有",14,"不明",120.363564,23.410225,"嘉義縣","水上鄉"
"對撞","2018",7,15,12,"晴","日間自然光線",50,"直路","一般車道(未劃分快慢車道)","柏油","乾燥","良好","無號誌","行車分向線","快慢車道分隔線","有",58,"未使用",120.363564,23.410225,"嘉義縣","水上鄉"
"對撞","2018",7,15,12,"晴","日間自然光線",50,"直路","一般車道(未劃分快慢車道)","柏油","乾燥","良好","無號誌","行車分向線","快慢車道分隔線","有",44,"未使用",120.363564,23.410225,"嘉義縣","水上鄉"
"側撞","2018",7,15,17,"晴","日間自然光線",50,"四岔路","交叉路口內","柏油","乾燥","良好","正常","無","未繪設快慢車道分隔線","無",41,"不明",120.433692,24.05745,"彰化縣","鹿港鎮"
"側撞","2018",7,15,17,"晴","日間自然光線",50,"四岔路","交叉路口內","柏油","乾燥","良好","正常","無","未繪設快慢車道分隔線","無",17,"未使用",120.433692,24.05745,"彰化縣","鹿港鎮"
"側撞","2018",7,15,17,"晴","日間自然光線",50,"四岔路","交叉路口內","柏油","乾燥","良好","正常","無","未繪設快慢車道分隔線","無",55,"未使用",120.433692,24.05745,"彰化縣","鹿港鎮"
"穿越道路中","2018",7,15,19,"陰","夜間(或隧道、地下道、涵洞)無照明",60,"四岔路","交叉路口內","柏油","乾燥","良好","正常","雙向禁止超車線","快慢車道分隔線","有",42,"未使用",121.648875,24.151228,"花蓮縣","秀林鄉"
"穿越道路中","2018",7,15,19,"陰","夜間(或隧道、地下道、涵洞)無照明",60,"四岔路","交叉路口內","柏油","乾燥","良好","正常","雙向禁止超車線","快慢車道分隔線","有",19,"非汽(機)車駕駛人",121.648875,24.151228,"花蓮縣","秀林鄉"