"事故類型及型態子類別名稱","發生年度","發生月份","發生日期","發生時間","天候名稱","光線名稱","速限.第1當事者","道路型態子類別名稱","事故位置子類別名稱","路面狀況.路面鋪裝名稱","路面狀況.路面狀態名稱","道路障礙.視距品質名稱","號誌.號誌動作名稱","車道劃分設施.分向設施大類別名稱","車道劃分設施.分道設施.快慢車道間名稱","車道劃分設施.分道設施.路面邊線名稱","當事者事故發生時年齡","行動電話或電腦或其他相類功能裝置名稱","經度","緯度","縣市","鄉鎮"
"穿越道路中","2018",7,15,19,"陰","夜間(或隧道、地下道、涵洞)無照明",60,"四岔路","交叉路口內","柏油","乾燥","良好","正常","雙向禁止超車線","快慢車道分隔線","有",47,"非汽(機)車駕駛人",121.648875,24.151228,"花蓮縣","秀林鄉"
"路口交岔撞","2018",7,16,6,"晴","日間自然光線",50,"彎曲路及附近","交通島(含槽化線)","柏油","乾燥","良好","正常","中央分向島","快慢車道分隔線","有",71,"不明",121.151765,24.812464,"新竹縣","關西鎮"
"路口交岔撞","2018",7,16,6,"晴","日間自然光線",50,"彎曲路及附近","交通島(含槽化線)","柏油","乾燥","良好","正常","中央分向島","快慢車道分隔線","有",32,"不明",121.151765,24.812464,"新竹縣","關西鎮"
"同向通行中","2018",7,17,3,"雨","夜間(或隧道、地下道、涵洞)有照明",50,"四岔路","交叉路口內","柏油","濕潤","良好","正常","雙向禁止超車線","未繪設快慢車道分隔線","有",58,"未使用",121.771604,24.680415,"宜蘭縣","羅東鎮"
"同向通行中","2018",7,17,3,"雨","夜間(或隧道、地下道、涵洞)有照明",50,"四岔路","交叉路口內","柏油","濕潤","良好","正常","雙向禁止超車線","未繪設快慢車道分隔線","有",93,"非汽(機)車駕駛人",121.771604,24.680415,"宜蘭縣","羅東鎮"
"側撞","2018",7,17,12,"晴","日間自然光線",40,"四岔路","交叉路口內","柏油","乾燥","良好","正常","無","未繪設快慢車道分隔線","無",51,"非汽(機)車駕駛人",120.823179,24.466428,"苗栗縣","公館鄉"
"側撞","2018",7,17,12,"晴","日間自然光線",40,"四岔路","交叉路口內","柏油","乾燥","良好","正常","無","未繪設快慢車道分隔線","無",46,"未使用",120.823179,24.466428,"苗栗縣","公館鄉"
"側撞","2018",7,17,12,"晴","日間自然光線",40,"四岔路","交叉路口內","柏油","乾燥","良好","正常","無","未繪設快慢車道分隔線","無",63,"未使用",120.823179,24.466428,"苗栗縣","公館鄉"
"側撞","2018",7,18,6,"晴","日間自然光線",50,"三岔路","交叉路口內","柏油","乾燥","良好","正常","無","未繪設快慢車道分隔線","無",60,"不明",120.302712,22.693584,"高雄市","左營區"
"側撞","2018",7,18,6,"晴","日間自然光線",50,"三岔路","交叉路口內","柏油","乾燥","良好","正常","無","未繪設快慢車道分隔線","無",57,"未使用",120.302712,22.693584,"高雄市","左營區"
"路口交岔撞","2018",7,18,15,"晴","日間自然光線",50,"三岔路","交叉路口內","柏油","乾燥","良好","正常","無","未繪設快慢車道分隔線","無",17,"未使用",121.294368,24.923219,"桃園市","八德區"
"路口交岔撞","2018",7,18,15,"晴","日間自然光線",50,"三岔路","交叉路口內","柏油","乾燥","良好","正常","無","未繪設快慢車道分隔線","無",52,"未使用",121.294368,24.923219,"桃園市","八德區"
"穿越道路中","2018",7,18,16,"晴","日間自然光線",50,"直路","快車道","柏油","乾燥","良好","無號誌","雙向禁止超車線","快慢車道分隔線","無",17,"未使用",120.677875,24.146283,"臺中市","中區"
"穿越道路中","2018",7,18,16,"晴","日間自然光線",50,"直路","快車道","柏油","乾燥","良好","無號誌","雙向禁止超車線","快慢車道分隔線","無",57,"未使用",120.677875,24.146283,"臺中市","中區"
"穿越道路中","2018",7,18,16,"晴","日間自然光線",50,"直路","快車道","柏油","乾燥","良好","無號誌","雙向禁止超車線","快慢車道分隔線","無",68,"非汽(機)車駕駛人",120.677875,24.146283,"臺中市","中區"
"追撞","2018",7,19,8,"晴","日間自然光線",110,"直路","路肩、路緣","柏油","乾燥","良好","無號誌","中央分向島","未繪設快慢車道分隔線","有",39,"未使用",120.602666,24.296656,"臺中市","清水區"
"追撞","2018",7,19,8,"晴","日間自然光線",110,"直路","路肩、路緣","柏油","乾燥","良好","無號誌","中央分向島","未繪設快慢車道分隔線","有",31,"非汽(機)車駕駛人",120.602666,24.296656,"臺中市","清水區"
"追撞","2018",7,19,8,"晴","日間自然光線",110,"直路","路肩、路緣","柏油","乾燥","良好","無號誌","中央分向島","未繪設快慢車道分隔線","有",35,"未使用",120.602666,24.296656,"臺中市","清水區"
"衝出路外","2018",7,19,11,"晴","日間自然光線",50,"三岔路","交叉口附近","柏油","乾燥","良好","無號誌","中央分向島","快慢車道分隔線","有",77,"不明",120.354291,23.44925,"嘉義縣","水上鄉"
"路口交岔撞","2018",7,19,12,"晴","日間自然光線",40,"四岔路","交叉路口內","柏油","乾燥","良好","無號誌","雙向禁止超車線","快慢車道分隔線","有",66,"未使用",120.353917,22.677252,"高雄市","仁武區"
"路口交岔撞","2018",7,19,12,"晴","日間自然光線",40,"四岔路","交叉路口內","柏油","乾燥","良好","無號誌","雙向禁止超車線","快慢車道分隔線","有",29,"未使用",120.353917,22.677252,"高雄市","仁武區"
"其他","2018",7,19,13,"晴","日間自然光線",60,"直路","一般車道(未劃分快慢車道)","柏油","乾燥","良好","無號誌","雙向禁止超車線","未繪設快慢車道分隔線","有",53,"不明",120.264385,23.028768,"臺南市","永康區"
"其他","2018",7,19,13,"晴","日間自然光線",60,"直路","一般車道(未劃分快慢車道)","柏油","乾燥","良好","無號誌","雙向禁止超車線","未繪設快慢車道分隔線","有",22,"未使用",120.264385,23.028768,"臺南市","永康區"
"側撞","2018",7,20,6,"晴","日間自然光線",50,"三岔路","交叉路口內","柏油","乾燥","良好","正常","無","未繪設快慢車道分隔線","無",56,"未使用",121.383554,24.930673,"新北市","三峽區"
"側撞","2018",7,20,6,"晴","日間自然光線",50,"三岔路","交叉路口內","柏油","乾燥","良好","正常","無","未繪設快慢車道分隔線","無",35,"未使用",121.383554,24.930673,"新北市","三峽區"
"路口交岔撞","2018",7,20,11,"晴","日間自然光線",50,"四岔路","交叉路口內","柏油","乾燥","良好","正常","無","未繪設快慢車道分隔線","無",21,"未使用",120.307512,23.198247,"臺南市","官田區"
"路口交岔撞","2018",7,20,11,"晴","日間自然光線",50,"四岔路","交叉路口內","柏油","乾燥","良好","正常","無","未繪設快慢車道分隔線","無",45,"未使用",120.307512,23.198247,"臺南市","官田區"
"同向擦撞","2018",7,20,12,"晴","日間自然光線",50,"直路","路肩、路緣","柏油","乾燥","良好","無號誌","雙向禁止超車線","未繪設快慢車道分隔線","有",62,"不明",120.363116,23.896686,"彰化縣","二林鎮"
"同向擦撞","2018",7,20,12,"晴","日間自然光線",50,"直路","路肩、路緣","柏油","乾燥","良好","無號誌","雙向禁止超車線","未繪設快慢車道分隔線","有",12,"非汽(機)車駕駛人",120.363116,23.896686,"彰化縣","二林鎮"
"路上翻車、摔倒","2018",7,20,20,"雨","夜間(或隧道、地下道、涵洞)有照明",50,"三岔路","交叉路口內","柏油","濕潤","良好","正常","無","未繪設快慢車道分隔線","無",107,"",120.290605,22.791347,"高雄市","岡山區"
"路上翻車、摔倒","2018",7,20,20,"雨","夜間(或隧道、地下道、涵洞)有照明",50,"三岔路","交叉路口內","柏油","濕潤","良好","正常","無","未繪設快慢車道分隔線","無",29,"不明",120.290605,22.791347,"高雄市","岡山區"
"其他","2018",7,21,5,"陰","日間自然光線",50,"直路","一般車道(未劃分快慢車道)","柏油","濕潤","良好","無號誌","行車分向線","未繪設快慢車道分隔線","有",25,"不明",120.23934,23.059326,"臺南市","南區"
"同向擦撞","2018",7,21,15,"晴","日間自然光線",60,"直路","快車道","柏油","乾燥","良好","無號誌","雙向禁止超車線","快慢車道分隔線","有",43,"未使用",120.817723,24.277451,"臺中市","東勢區"
"同向擦撞","2018",7,21,15,"晴","日間自然光線",60,"直路","快車道","柏油","乾燥","良好","無號誌","雙向禁止超車線","快慢車道分隔線","有",49,"未使用",120.817723,24.277451,"臺中市","東勢區"
"追撞","2018",7,21,23,"晴","夜間(或隧道、地下道、涵洞)有照明",50,"直路","慢車道","柏油","乾燥","良好","無號誌","中央分向島","快慢車道分隔線","有",31,"不明",120.701581,24.312456,"臺中市","后里區"
"追撞","2018",7,21,23,"晴","夜間(或隧道、地下道、涵洞)有照明",50,"直路","慢車道","柏油","乾燥","良好","無號誌","中央分向島","快慢車道分隔線","有",29,"非汽(機)車駕駛人",120.701581,24.312456,"臺中市","后里區"
"追撞","2018",7,21,23,"晴","夜間(或隧道、地下道、涵洞)有照明",50,"直路","慢車道","柏油","乾燥","良好","無號誌","中央分向島","快慢車道分隔線","有",26,"非汽(機)車駕駛人",120.701581,24.312456,"臺中市","后里區"
"撞交通島","2018",7,22,2,"晴","夜間(或隧道、地下道、涵洞)有照明",80,"直路","快車道","柏油","乾燥","良好","無號誌","中央分向島","快慢車道分隔線","有",45,"不明",120.45087,24.146788,"彰化縣","伸港鄉"
"其他","2018",7,22,14,"陰","日間自然光線",70,"四岔路","交叉路口內","柏油","乾燥","良好","無號誌","無","未繪設快慢車道分隔線","無",52,"未使用",120.695825,24.011205,"臺中市","霧峰區"
"其他","2018",7,22,14,"陰","日間自然光線",70,"四岔路","交叉路口內","柏油","乾燥","良好","無號誌","無","未繪設快慢車道分隔線","無",21,"未使用",120.695825,24.011205,"臺中市","霧峰區"
"側撞","2018",7,22,21,"雨","夜間(或隧道、地下道、涵洞)有照明",50,"四岔路","交叉口附近","柏油","濕潤","良好","正常","無","未繪設快慢車道分隔線","無",27,"不明",120.495461,24.118667,"彰化縣","和美鎮"
"側撞","2018",7,22,21,"雨","夜間(或隧道、地下道、涵洞)有照明",50,"四岔路","交叉口附近","柏油","濕潤","良好","正常","無","未繪設快慢車道分隔線","無",43,"不明",120.495461,24.118667,"彰化縣","和美鎮"
"側撞","2018",7,22,21,"雨","夜間(或隧道、地下道、涵洞)有照明",50,"四岔路","交叉口附近","柏油","濕潤","良好","正常","無","未繪設快慢車道分隔線","無",65,"未使用",120.495461,24.118667,"彰化縣","和美鎮"
"側撞","2018",7,22,21,"雨","夜間(或隧道、地下道、涵洞)有照明",50,"四岔路","交叉口附近","柏油","濕潤","良好","正常","無","未繪設快慢車道分隔線","無",21,"未使用",120.495461,24.118667,"彰化縣","和美鎮"
"側撞","2018",7,22,21,"雨","夜間(或隧道、地下道、涵洞)有照明",50,"四岔路","交叉口附近","柏油","濕潤","良好","正常","無","未繪設快慢車道分隔線","無",63,"非汽(機)車駕駛人",120.495461,24.118667,"彰化縣","和美鎮"
"追撞","2018",7,23,3,"雨","夜間(或隧道、地下道、涵洞)無照明",110,"直路","快車道","柏油","濕潤","良好","無號誌","中央分向島","未繪設快慢車道分隔線","有",60,"不明",120.592947,24.115806,"臺中市","烏日區"
"追撞","2018",7,23,3,"雨","夜間(或隧道、地下道、涵洞)無照明",110,"直路","快車道","柏油","濕潤","良好","無號誌","中央分向島","未繪設快慢車道分隔線","有",48,"使用免持或未有礙駕駛安全",120.592947,24.115806,"臺中市","烏日區"
"追撞","2018",7,24,11,"晴","日間自然光線",90,"直路","快車道","柏油","乾燥","良好","無號誌","中央分向島","未繪設快慢車道分隔線","有",41,"未使用",120.618869,24.419461,"臺中市","大甲區"
"追撞","2018",7,24,11,"晴","日間自然光線",90,"直路","快車道","柏油","乾燥","良好","無號誌","中央分向島","未繪設快慢車道分隔線","有",56,"非汽(機)車駕駛人",120.618869,24.419461,"臺中市","大甲區"
"追撞","2018",7,24,11,"晴","日間自然光線",90,"直路","快車道","柏油","乾燥","良好","無號誌","中央分向島","未繪設快慢車道分隔線","有",61,"未使用",120.618869,24.419461,"臺中市","大甲區"
"追撞","2018",7,24,11,"晴","日間自然光線",90,"直路","快車道","柏油","乾燥","良好","無號誌","中央分向島","未繪設快慢車道分隔線","有",26,"未使用",120.618869,24.419461,"臺中市","大甲區"
"追撞","2018",7,24,11,"晴","日間自然光線",90,"直路","快車道","柏油","乾燥","良好","無號誌","中央分向島","未繪設快慢車道分隔線","有",46,"未使用",120.618869,24.419461,"臺中市","大甲區"
"其他","2018",7,24,14,"雨","日間自然光線",20,"直路","快車道","柏油","濕潤","不良","無號誌","中央分向島","未繪設快慢車道分隔線","有",107,"",120.431015,22.774256,"高雄市","大樹區"
"其他","2018",7,24,14,"雨","日間自然光線",20,"直路","快車道","柏油","濕潤","不良","無號誌","中央分向島","未繪設快慢車道分隔線","有",37,"不明",120.431015,22.774256,"高雄市","大樹區"
"衝出路外","2018",7,25,11,"晴","日間自然光線",40,"彎曲路及附近","一般車道(未劃分快慢車道)","柏油","乾燥","良好","無號誌","無","未繪設快慢車道分隔線","有",76,"未使用",121.074774,24.7901,"新竹縣","芎林鄉"
"側撞","2018",7,25,12,"晴","日間自然光線",50,"四岔路","交叉路口內","柏油","乾燥","良好","正常","無","未繪設快慢車道分隔線","無",47,"未使用",120.325,22.62078,"高雄市","苓雅區"
"側撞","2018",7,25,12,"晴","日間自然光線",50,"四岔路","交叉路口內","柏油","乾燥","良好","正常","無","未繪設快慢車道分隔線","無",22,"未使用",120.325,22.62078,"高雄市","苓雅區"
"穿越道路中","2018",7,25,21,"晴","夜間(或隧道、地下道、涵洞)無照明",40,"四岔路","交叉口附近","柏油","乾燥","良好","無號誌","無","未繪設快慢車道分隔線","無",98,"非汽(機)車駕駛人",120.681678,23.940527,"南投縣","南投市"
"穿越道路中","2018",7,25,21,"晴","夜間(或隧道、地下道、涵洞)無照明",40,"四岔路","交叉口附近","柏油","乾燥","良好","無號誌","無","未繪設快慢車道分隔線","無",63,"未使用",120.681678,23.940527,"南投縣","南投市"
"路口交岔撞","2018",7,26,5,"晴","晨或暮光",40,"四岔路","交叉路口內","柏油","乾燥","良好","正常","無","未繪設快慢車道分隔線","無",82,"未使用",120.229362,22.999504,"臺南市","北區"
"路口交岔撞","2018",7,26,5,"晴","晨或暮光",40,"四岔路","交叉路口內","柏油","乾燥","良好","正常","無","未繪設快慢車道分隔線","無",69,"未使用",120.229362,22.999504,"臺南市","北區"
"其他","2018",7,26,5,"晴","晨或暮光",50,"四岔路","交叉路口內","柏油","乾燥","良好","正常","無","未繪設快慢車道分隔線","無",64,"未使用",121.211419,24.908714,"桃園市","平鎮區"
"其他","2018",7,26,5,"晴","晨或暮光",50,"四岔路","交叉路口內","柏油","乾燥","良好","正常","無","未繪設快慢車道分隔線","無",69,"非汽(機)車駕駛人",121.211419,24.908714,"桃園市","平鎮區"
"路口交岔撞","2018",7,26,6,"晴","日間自然光線",40,"四岔路","交叉路口內","柏油","乾燥","良好","正常","無","未繪設快慢車道分隔線","無",58,"未使用",120.210496,23.239238,"臺南市","學甲區"
"路口交岔撞","2018",7,26,6,"晴","日間自然光線",40,"四岔路","交叉路口內","柏油","乾燥","良好","正常","無","未繪設快慢車道分隔線","無",51,"未使用",120.210496,23.239238,"臺南市","學甲區"
"側撞","2018",7,26,13,"晴","日間自然光線",50,"直路","一般車道(未劃分快慢車道)","柏油","乾燥","良好","無號誌","行車分向線","窄式快慢車道分隔島(無柵欄)","有",25,"未使用",121.268212,24.936078,"桃園市","八德區"
"側撞","2018",7,26,13,"晴","日間自然光線",50,"直路","一般車道(未劃分快慢車道)","柏油","乾燥","良好","無號誌","行車分向線","窄式快慢車道分隔島(無柵欄)","有",33,"未使用",121.268212,24.936078,"桃園市","八德區"
"路口交岔撞","2018",7,26,17,"晴","晨或暮光",50,"四岔路","交叉路口內","柏油","乾燥","良好","無號誌","雙向禁止超車線","未繪設快慢車道分隔線","有",33,"未使用",120.897612,24.707106,"苗栗縣","竹南鎮"
"路口交岔撞","2018",7,26,17,"晴","晨或暮光",50,"四岔路","交叉路口內","柏油","乾燥","良好","無號誌","雙向禁止超車線","未繪設快慢車道分隔線","有",38,"未使用",120.897612,24.707106,"苗栗縣","竹南鎮"
"側撞","2018",7,26,17,"雨","日間自然光線",50,"四岔路","交叉路口內","柏油","濕潤","良好","無號誌","無","未繪設快慢車道分隔線","無",21,"不明",120.3103,22.6111,"高雄市","前鎮區"
"側撞","2018",7,26,17,"雨","日間自然光線",50,"四岔路","交叉路口內","柏油","濕潤","良好","無號誌","無","未繪設快慢車道分隔線","無",60,"未使用",120.3103,22.6111,"高雄市","前鎮區"
"穿越道路中","2018",7,27,5,"晴","夜間(或隧道、地下道、涵洞)有照明",50,"四岔路","交叉路口內","柏油","乾燥","良好","正常","無","未繪設快慢車道分隔線","無",23,"未使用",121.308148,25.020653,"桃園市","桃園區"
"穿越道路中","2018",7,27,5,"晴","夜間(或隧道、地下道、涵洞)有照明",50,"四岔路","交叉路口內","柏油","乾燥","良好","正常","無","未繪設快慢車道分隔線","無",88,"未使用",121.308148,25.020653,"桃園市","桃園區"
"路上翻車、摔倒","2018",7,27,6,"晴","日間自然光線",40,"直路","機車專用道","柏油","乾燥","良好","正常","中央分向島","寛式快慢車道分隔島(50公分以上)","無",107,"",120.370497,22.531289,"高雄市","小港區"
"路上翻車、摔倒","2018",7,27,6,"晴","日間自然光線",40,"直路","機車專用道","柏油","乾燥","良好","正常","中央分向島","寛式快慢車道分隔島(50公分以上)","無",18,"未使用",120.370497,22.531289,"高雄市","小港區"
"側撞","2018",7,27,9,"晴","日間自然光線",50,"直路","快車道","柏油","乾燥","良好","無號誌","雙向禁止超車線","未繪設快慢車道分隔線","有",79,"非汽(機)車駕駛人",120.2589,22.85532,"高雄市","路竹區"
"側撞","2018",7,27,9,"晴","日間自然光線",50,"直路","快車道","柏油","乾燥","良好","無號誌","雙向禁止超車線","未繪設快慢車道分隔線","有",28,"未使用",120.2589,22.85532,"高雄市","路竹區"
"同向擦撞","2018",7,28,9,"晴","日間自然光線",70,"直路","快車道","柏油","乾燥","良好","無號誌","中央分向島","未繪設快慢車道分隔線","有",71,"未使用",120.502553,22.449646,"屏東縣","林邊鄉"
"同向擦撞","2018",7,28,9,"晴","日間自然光線",70,"直路","快車道","柏油","乾燥","良好","無號誌","中央分向島","未繪設快慢車道分隔線","有",60,"未使用",120.502553,22.449646,"屏東縣","林邊鄉"
"追撞","2018",7,28,9,"晴","日間自然光線",50,"多岔路","交叉路口內","柏油","乾燥","良好","正常","無","未繪設快慢車道分隔線","無",67,"未使用",120.262432,23.750594,"雲林縣","麥寮鄉"
"追撞","2018",7,28,9,"晴","日間自然光線",50,"多岔路","交叉路口內","柏油","乾燥","良好","正常","無","未繪設快慢車道分隔線","無",67,"未使用",120.262432,23.750594,"雲林縣","麥寮鄉"
"側撞","2018",7,28,12,"晴","日間自然光線",50,"四岔路","交叉路口內","柏油","乾燥","良好","正常","無","未繪設快慢車道分隔線","無",46,"未使用",120.3737,22.62575,"高雄市","鳳山區"
"側撞","2018",7,28,12,"晴","日間自然光線",50,"四岔路","交叉路口內","柏油","乾燥","良好","正常","無","未繪設快慢車道分隔線","無",18,"未使用",120.3737,22.62575,"高雄市","鳳山區"
"側撞","2018",7,28,12,"晴","日間自然光線",50,"四岔路","交叉路口內","柏油","乾燥","良好","正常","無","未繪設快慢車道分隔線","無",25,"非汽(機)車駕駛人",120.3737,22.62575,"高雄市","鳳山區"
"對撞","2018",7,28,23,"晴","夜間(或隧道、地下道、涵洞)有照明",50,"直路","一般車道(未劃分快慢車道)","柏油","乾燥","良好","無號誌","雙向禁止超車線","未繪設快慢車道分隔線","有",48,"未使用",121.478437,25.034613,"新北市","板橋區"
"對撞","2018",7,28,23,"晴","夜間(或隧道、地下道、涵洞)有照明",50,"直路","一般車道(未劃分快慢車道)","柏油","乾燥","良好","無號誌","雙向禁止超車線","未繪設快慢車道分隔線","有",54,"未使用",121.478437,25.034613,"新北市","板橋區"
"追撞","2018",7,29,6,"晴","日間自然光線",50,"橋樑","一般車道(未劃分快慢車道)","柏油","乾燥","良好","無號誌","中央分向島","未繪設快慢車道分隔線","有",69,"不明",121.514939,25.018187,"新北市","永和區"
"追撞","2018",7,29,6,"晴","日間自然光線",50,"橋樑","一般車道(未劃分快慢車道)","柏油","乾燥","良好","無號誌","中央分向島","未繪設快慢車道分隔線","有",30,"不明",121.514939,25.018187,"新北市","永和區"
"其他","2018",7,29,14,"晴","日間自然光線",50,"三岔路","交叉口附近","柏油","乾燥","良好","無號誌","雙向禁止超車線","未繪設快慢車道分隔線","有",69,"不明",119.599921,23.572458,"澎湖縣","馬公市"
"其他","2018",7,29,14,"晴","日間自然光線",50,"三岔路","交叉口附近","柏油","乾燥","良好","無號誌","雙向禁止超車線","未繪設快慢車道分隔線","有",34,"不明",119.599921,23.572458,"澎湖縣","馬公市"
"同向擦撞","2018",7,29,17,"晴","日間自然光線",50,"直路","慢車道","柏油","乾燥","良好","無號誌","雙向禁止超車線","快慢車道分隔線","有",61,"未使用",120.61962,23.980325,"彰化縣","芬園鄉"
"同向擦撞","2018",7,29,17,"晴","日間自然光線",50,"直路","慢車道","柏油","乾燥","良好","無號誌","雙向禁止超車線","快慢車道分隔線","有",21,"不明",120.61962,23.980325,"彰化縣","芬園鄉"
"追撞","2018",7,30,8,"晴","日間自然光線",40,"直路","一般車道(未劃分快慢車道)","柏油","乾燥","良好","無號誌","無","快慢車道分隔線","無",28,"未使用",120.551944,24.099378,"彰化縣","彰化市"
"追撞","2018",7,30,8,"晴","日間自然光線",40,"直路","一般車道(未劃分快慢車道)","柏油","乾燥","良好","無號誌","無","快慢車道分隔線","無",86,"非汽(機)車駕駛人",120.551944,24.099378,"彰化縣","彰化市"
"側撞","2018",7,30,14,"晴","日間自然光線",50,"三岔路","交叉路口內","柏油","乾燥","良好","正常","無","未繪設快慢車道分隔線","無",59,"不明",121.493347,23.845325,"花蓮縣","壽豐鄉"
"側撞","2018",7,30,14,"晴","日間自然光線",50,"三岔路","交叉路口內","柏油","乾燥","良好","正常","無","未繪設快慢車道分隔線","無",91,"未使用",121.493347,23.845325,"花蓮縣","壽豐鄉"
"側撞","2018",7,30,14,"晴","日間自然光線",50,"三岔路","交叉路口內","柏油","乾燥","良好","正常","無","未繪設快慢車道分隔線","無",21,"未使用",121.493347,23.845325,"花蓮縣","壽豐鄉"
"對撞","2018",7,30,14,"晴","日間自然光線",60,"彎曲路及附近","快車道","柏油","乾燥","良好","無號誌","雙向禁止超車線","快慢車道分隔線","有",21,"未使用",120.778314,21.950268,"屏東縣","恆春鎮"
"對撞","2018",7,30,14,"晴","日間自然光線",60,"彎曲路及附近","快車道","柏油","乾燥","良好","無號誌","雙向禁止超車線","快慢車道分隔線","有",37,"未使用",120.778314,21.950268,"屏東縣","恆春鎮"
"其他","2018",7,30,19,"晴","晨或暮光",50,"三岔路","交叉路口內","柏油","乾燥","良好","正常","無","未繪設快慢車道分隔線","無",49,"未使用",120.3427,22.73079,"高雄市","大社區"
"其他","2018",7,30,19,"晴","晨或暮光",50,"三岔路","交叉路口內","柏油","乾燥","良好","正常","無","未繪設快慢車道分隔線","無",13,"非汽(機)車駕駛人",120.3427,22.73079,"高雄市","大社區"
"穿越道路中","2018",7,30,23,"晴","夜間(或隧道、地下道、涵洞)有照明",50,"四岔路","交叉路口內","柏油","乾燥","良好","正常","中央分向島","快慢車道分隔線","無",85,"非汽(機)車駕駛人",121.557657,25.053777,"臺北市","松山區"
"穿越道路中","2018",7,30,23,"晴","夜間(或隧道、地下道、涵洞)有照明",50,"四岔路","交叉路口內","柏油","乾燥","良好","正常","中央分向島","快慢車道分隔線","無",35,"未使用",121.557657,25.053777,"臺北市","松山區"
"路口交岔撞","2018",7,31,9,"晴","日間自然光線",40,"四岔路","交叉路口內","柏油","乾燥","良好","正常","中央分向島","未繪設快慢車道分隔線","無",33,"未使用",121.510532,25.050289,"臺北市","大同區"
"路口交岔撞","2018",7,31,9,"晴","日間自然光線",40,"四岔路","交叉路口內","柏油","乾燥","良好","正常","中央分向島","未繪設快慢車道分隔線","無",71,"未使用",121.510532,25.050289,"臺北市","大同區"
"側撞","2018",7,31,11,"晴","日間自然光線",50,"三岔路","交叉口附近","柏油","乾燥","良好","正常","雙向禁止超車線","未繪設快慢車道分隔線","有",18,"未使用",121.438912,24.981379,"新北市","土城區"
"側撞","2018",7,31,11,"晴","日間自然光線",50,"三岔路","交叉口附近","柏油","乾燥","良好","正常","雙向禁止超車線","未繪設快慢車道分隔線","有",18,"非汽(機)車駕駛人",121.438912,24.981379,"新北市","土城區"
"側撞","2018",7,31,11,"晴","日間自然光線",50,"三岔路","交叉口附近","柏油","乾燥","良好","正常","雙向禁止超車線","未繪設快慢車道分隔線","有",44,"未使用",121.438912,24.981379,"新北市","土城區"
"路口交岔撞","2018",7,31,15,"晴","日間自然光線",40,"四岔路","交叉路口內","柏油","乾燥","良好","無號誌","無","未繪設快慢車道分隔線","有",48,"未使用",120.455917,24.135338,"彰化縣","線西鄉"
"路口交岔撞","2018",7,31,15,"晴","日間自然光線",40,"四岔路","交叉路口內","柏油","乾燥","良好","無號誌","無","未繪設快慢車道分隔線","有",52,"非汽(機)車駕駛人",120.455917,24.135338,"彰化縣","線西鄉"
"路口交岔撞","2018",7,31,15,"晴","日間自然光線",40,"四岔路","交叉路口內","柏油","乾燥","良好","無號誌","無","未繪設快慢車道分隔線","有",44,"未使用",120.455917,24.135338,"彰化縣","線西鄉"
"撞路樹、電桿","2018",7,31,19,"晴","夜間(或隧道、地下道、涵洞)有照明",60,"直路","路肩、路緣","柏油","乾燥","良好","無號誌","中央分向島","快慢車道分隔線","有",41,"未使用",121.44424,23.735633,"花蓮縣","鳳林鎮"
"撞路樹、電桿","2018",7,31,19,"晴","夜間(或隧道、地下道、涵洞)有照明",60,"直路","路肩、路緣","柏油","乾燥","良好","無號誌","中央分向島","快慢車道分隔線","有",39,"未使用",121.44424,23.735633,"花蓮縣","鳳林鎮"
"撞路樹、電桿","2018",7,31,21,"晴","夜間(或隧道、地下道、涵洞)無照明",40,"彎曲路及附近","一般車道(未劃分快慢車道)","柏油","乾燥","良好","無號誌","無","未繪設快慢車道分隔線","無",18,"不明",120.596541,22.38017,"屏東縣","枋寮鄉"
"撞路樹、電桿","2018",7,31,21,"晴","夜間(或隧道、地下道、涵洞)無照明",40,"彎曲路及附近","一般車道(未劃分快慢車道)","柏油","乾燥","良好","無號誌","無","未繪設快慢車道分隔線","無",25,"非汽(機)車駕駛人",120.596541,22.38017,"屏東縣","枋寮鄉"
"同向擦撞","2018",8,1,7,"晴","日間自然光線",50,"直路","一般車道(未劃分快慢車道)","柏油","乾燥","良好","無號誌","中央分向島","未繪設快慢車道分隔線","有",20,"未使用",121.3099,25.012494,"桃園市","桃園區"
"同向擦撞","2018",8,1,7,"晴","日間自然光線",50,"直路","一般車道(未劃分快慢車道)","柏油","乾燥","良好","無號誌","中央分向島","未繪設快慢車道分隔線","有",54,"未使用",121.3099,25.012494,"桃園市","桃園區"
"追撞","2018",8,1,7,"晴","日間自然光線",50,"直路","一般車道(未劃分快慢車道)","柏油","乾燥","良好","無號誌","中央分向島","未繪設快慢車道分隔線","有",19,"未使用",121.291159,25.054469,"桃園市","蘆竹區"
"追撞","2018",8,1,7,"晴","日間自然光線",50,"直路","一般車道(未劃分快慢車道)","柏油","乾燥","良好","無號誌","中央分向島","未繪設快慢車道分隔線","有",49,"未使用",121.291159,25.054469,"桃園市","蘆竹區"
"追撞","2018",8,1,7,"晴","日間自然光線",50,"直路","一般車道(未劃分快慢車道)","柏油","乾燥","良好","無號誌","中央分向島","未繪設快慢車道分隔線","有",45,"未使用",121.291159,25.054469,"桃園市","蘆竹區"