"事故類型及型態子類別名稱","發生年度","發生月份","發生日期","發生時間","天候名稱","光線名稱","速限.第1當事者","道路型態子類別名稱","事故位置子類別名稱","路面狀況.路面鋪裝名稱","路面狀況.路面狀態名稱","道路障礙.視距品質名稱","號誌.號誌動作名稱","車道劃分設施.分向設施大類別名稱","車道劃分設施.分道設施.快慢車道間名稱","車道劃分設施.分道設施.路面邊線名稱","當事者事故發生時年齡","行動電話或電腦或其他相類功能裝置名稱","經度","緯度","縣市","鄉鎮"
"對撞","2018",8,1,8,"晴","日間自然光線",50,"彎曲路及附近","一般車道(未劃分快慢車道)","柏油","乾燥","良好","無號誌","雙向禁止超車線","未繪設快慢車道分隔線","有",37,"未使用",121.302828,24.947092,"桃園市","八德區"
"對撞","2018",8,1,8,"晴","日間自然光線",50,"彎曲路及附近","一般車道(未劃分快慢車道)","柏油","乾燥","良好","無號誌","雙向禁止超車線","未繪設快慢車道分隔線","有",51,"未使用",121.302828,24.947092,"桃園市","八德區"
"對撞","2018",8,1,15,"晴","日間自然光線",40,"彎曲路及附近","一般車道(未劃分快慢車道)","柏油","乾燥","良好","無號誌","無","未繪設快慢車道分隔線","無",41,"未使用",120.446031,23.499368,"嘉義市","西區"
"對撞","2018",8,1,15,"晴","日間自然光線",40,"彎曲路及附近","一般車道(未劃分快慢車道)","柏油","乾燥","良好","無號誌","無","未繪設快慢車道分隔線","無",50,"未使用",120.446031,23.499368,"嘉義市","西區"
"路口交岔撞","2018",8,2,7,"晴","日間自然光線",50,"多岔路","交叉路口內","柏油","乾燥","良好","正常","無","未繪設快慢車道分隔線","無",80,"未使用",121.771199,24.764375,"宜蘭縣","宜蘭市"
"路口交岔撞","2018",8,2,7,"晴","日間自然光線",50,"多岔路","交叉路口內","柏油","乾燥","良好","正常","無","未繪設快慢車道分隔線","無",55,"未使用",121.771199,24.764375,"宜蘭縣","宜蘭市"
"追撞","2018",8,2,11,"晴","日間自然光線",50,"四岔路","交叉口附近","柏油","乾燥","良好","正常","中央分向島","未繪設快慢車道分隔線","無",60,"未使用",121.515235,25.012198,"桃園市","龜山區"
"追撞","2018",8,2,11,"晴","日間自然光線",50,"四岔路","交叉口附近","柏油","乾燥","良好","正常","中央分向島","未繪設快慢車道分隔線","無",49,"未使用",121.515235,25.012198,"桃園市","龜山區"
"側撞","2018",8,2,16,"晴","日間自然光線",50,"四岔路","交叉口附近","柏油","乾燥","良好","無號誌","行車分向線","未繪設快慢車道分隔線","有",55,"未使用",120.685641,24.411959,"苗栗縣","苑裡鎮"
"側撞","2018",8,2,16,"晴","日間自然光線",50,"四岔路","交叉口附近","柏油","乾燥","良好","無號誌","行車分向線","未繪設快慢車道分隔線","有",86,"非汽(機)車駕駛人",120.685641,24.411959,"苗栗縣","苑裡鎮"
"側撞","2018",8,2,17,"晴","日間自然光線",30,"四岔路","交叉路口內","柏油","乾燥","良好","無號誌","雙向禁止超車線","未繪設快慢車道分隔線","有",23,"未使用",121.797222,24.69441,"宜蘭縣","五結鄉"
"側撞","2018",8,2,17,"晴","日間自然光線",30,"四岔路","交叉路口內","柏油","乾燥","良好","無號誌","雙向禁止超車線","未繪設快慢車道分隔線","有",54,"未使用",121.797222,24.69441,"宜蘭縣","五結鄉"
"追撞","2018",8,2,18,"晴","夜間(或隧道、地下道、涵洞)有照明",50,"四岔路","交叉路口內","柏油","乾燥","良好","正常","無","未繪設快慢車道分隔線","無",4,"非汽(機)車駕駛人",120.205109,23.013037,"臺南市","北區"
"追撞","2018",8,2,18,"晴","夜間(或隧道、地下道、涵洞)有照明",50,"四岔路","交叉路口內","柏油","乾燥","良好","正常","無","未繪設快慢車道分隔線","無",25,"未使用",120.205109,23.013037,"臺南市","北區"
"追撞","2018",8,2,18,"晴","夜間(或隧道、地下道、涵洞)有照明",50,"四岔路","交叉路口內","柏油","乾燥","良好","正常","無","未繪設快慢車道分隔線","無",42,"未使用",120.205109,23.013037,"臺南市","北區"
"側撞","2018",8,3,5,"晴","日間自然光線",50,"四岔路","交叉路口內","柏油","乾燥","良好","正常","無","未繪設快慢車道分隔線","無",18,"不明",121.311453,25.015704,"桃園市","桃園區"
"側撞","2018",8,3,5,"晴","日間自然光線",50,"四岔路","交叉路口內","柏油","乾燥","良好","正常","無","未繪設快慢車道分隔線","無",21,"不明",121.311453,25.015704,"桃園市","桃園區"
"撞路樹、電桿","2018",8,3,7,"晴","日間自然光線",60,"直路","一般車道(未劃分快慢車道)","柏油","濕潤","良好","無號誌","行車分向線","未繪設快慢車道分隔線","有",20,"不明",120.392454,23.54233,"嘉義縣","民雄鄉"
"同向擦撞","2018",8,3,16,"雨","日間自然光線",50,"直路","一般車道(未劃分快慢車道)","柏油","濕潤","良好","無號誌","雙向禁止超車線","未繪設快慢車道分隔線","有",22,"未使用",121.705497,25.166376,"基隆市","安樂區"
"同向擦撞","2018",8,3,16,"雨","日間自然光線",50,"直路","一般車道(未劃分快慢車道)","柏油","濕潤","良好","無號誌","雙向禁止超車線","未繪設快慢車道分隔線","有",55,"未使用",121.705497,25.166376,"基隆市","安樂區"
"對向擦撞","2018",8,4,7,"晴","日間自然光線",50,"直路","快車道","柏油","乾燥","良好","無號誌","無","快慢車道分隔線","有",21,"不明",120.343119,22.716926,"高雄市","仁武區"
"對向擦撞","2018",8,4,7,"晴","日間自然光線",50,"直路","快車道","柏油","乾燥","良好","無號誌","無","快慢車道分隔線","有",60,"未使用",120.343119,22.716926,"高雄市","仁武區"
"對向擦撞","2018",8,4,7,"晴","日間自然光線",50,"直路","快車道","柏油","乾燥","良好","無號誌","無","快慢車道分隔線","有",22,"未使用",120.343119,22.716926,"高雄市","仁武區"
"對向擦撞","2018",8,4,7,"晴","日間自然光線",50,"直路","快車道","柏油","乾燥","良好","無號誌","無","快慢車道分隔線","有",47,"未使用",120.343119,22.716926,"高雄市","仁武區"
"撞號誌、標誌桿","2018",8,4,12,"晴","日間自然光線",50,"三岔路","交叉路口內","柏油","乾燥","良好","正常","行車分向線","未繪設快慢車道分隔線","有",6,"未使用",120.953232,24.842016,"新竹縣","竹北市"
"撞號誌、標誌桿","2018",8,4,12,"晴","日間自然光線",50,"三岔路","交叉路口內","柏油","乾燥","良好","正常","行車分向線","未繪設快慢車道分隔線","有",30,"使用手持或有礙駕駛安全",120.953232,24.842016,"新竹縣","竹北市"
"路上翻車、摔倒","2018",8,4,16,"晴","日間自然光線",40,"直路","一般車道(未劃分快慢車道)","柏油","乾燥","良好","無號誌","無","未繪設快慢車道分隔線","無",76,"未使用",120.657313,23.9872,"南投縣","草屯鎮"
"側撞","2018",8,4,17,"暴雨","日間自然光線",40,"四岔路","交叉路口內","柏油","濕潤","不良","正常","無","未繪設快慢車道分隔線","無",79,"未使用",120.29876,23.276247,"臺南市","柳營區"
"側撞","2018",8,4,17,"暴雨","日間自然光線",40,"四岔路","交叉路口內","柏油","濕潤","不良","正常","無","未繪設快慢車道分隔線","無",78,"未使用",120.29876,23.276247,"臺南市","柳營區"
"側撞","2018",8,4,17,"暴雨","日間自然光線",40,"四岔路","交叉路口內","柏油","濕潤","不良","正常","無","未繪設快慢車道分隔線","無",55,"未使用",120.29876,23.276247,"臺南市","柳營區"
"穿越道路中","2018",8,4,19,"晴","夜間(或隧道、地下道、涵洞)有照明",30,"直路","一般車道(未劃分快慢車道)","柏油","乾燥","良好","無號誌","行車分向線","未繪設快慢車道分隔線","無",28,"未使用",121.580977,25.083799,"臺北市","內湖區"
"穿越道路中","2018",8,4,19,"晴","夜間(或隧道、地下道、涵洞)有照明",30,"直路","一般車道(未劃分快慢車道)","柏油","乾燥","良好","無號誌","行車分向線","未繪設快慢車道分隔線","無",94,"非汽(機)車駕駛人",121.580977,25.083799,"臺北市","內湖區"
"撞路樹、電桿","2018",8,5,1,"晴","夜間(或隧道、地下道、涵洞)有照明",30,"直路","一般車道(未劃分快慢車道)","柏油","乾燥","良好","無號誌","雙向禁止超車線","未繪設快慢車道分隔線","有",107,"",120.647146,23.004389,"高雄市","六龜區"
"撞路樹、電桿","2018",8,5,1,"晴","夜間(或隧道、地下道、涵洞)有照明",30,"直路","一般車道(未劃分快慢車道)","柏油","乾燥","良好","無號誌","雙向禁止超車線","未繪設快慢車道分隔線","有",27,"不明",120.647146,23.004389,"高雄市","六龜區"
"撞路樹、電桿","2018",8,5,1,"晴","夜間(或隧道、地下道、涵洞)有照明",30,"直路","一般車道(未劃分快慢車道)","柏油","乾燥","良好","無號誌","雙向禁止超車線","未繪設快慢車道分隔線","有",2,"非汽(機)車駕駛人",120.647146,23.004389,"高雄市","六龜區"
"撞護欄(樁)","2018",8,5,7,"晴","日間自然光線",50,"直路","路肩、路緣","柏油","乾燥","良好","無號誌","中央分向島","未繪設快慢車道分隔線","有",63,"未使用",120.188559,23.535617,"雲林縣","口湖鄉"
"其他","2018",8,6,8,"晴","日間自然光線",50,"彎曲路及附近","一般車道(未劃分快慢車道)","柏油","乾燥","良好","無號誌","雙向禁止超車線","未繪設快慢車道分隔線","無",42,"未使用",121.472134,25.06411,"新北市","三重區"
"其他","2018",8,6,8,"晴","日間自然光線",50,"彎曲路及附近","一般車道(未劃分快慢車道)","柏油","乾燥","良好","無號誌","雙向禁止超車線","未繪設快慢車道分隔線","無",18,"未使用",121.472134,25.06411,"新北市","三重區"
"同向擦撞","2018",8,6,8,"晴","日間自然光線",50,"四岔路","交叉口附近","柏油","乾燥","良好","無號誌","雙向禁止超車線","未繪設快慢車道分隔線","有",48,"未使用",120.672521,24.404051,"苗栗縣","苑裡鎮"
"同向擦撞","2018",8,6,8,"晴","日間自然光線",50,"四岔路","交叉口附近","柏油","乾燥","良好","無號誌","雙向禁止超車線","未繪設快慢車道分隔線","有",18,"未使用",120.672521,24.404051,"苗栗縣","苑裡鎮"
"側撞","2018",8,6,8,"晴","日間自然光線",50,"三岔路","交叉路口內","柏油","乾燥","良好","正常","無","未繪設快慢車道分隔線","無",59,"非汽(機)車駕駛人",120.576189,24.118993,"臺中市","大肚區"
"側撞","2018",8,6,8,"晴","日間自然光線",50,"三岔路","交叉路口內","柏油","乾燥","良好","正常","無","未繪設快慢車道分隔線","無",62,"未使用",120.576189,24.118993,"臺中市","大肚區"
"側撞","2018",8,6,8,"晴","日間自然光線",50,"三岔路","交叉路口內","柏油","乾燥","良好","正常","無","未繪設快慢車道分隔線","無",30,"未使用",120.576189,24.118993,"臺中市","大肚區"
"其他","2018",8,6,9,"晴","日間自然光線",110,"直路","快車道","柏油","乾燥","良好","無號誌","中央分向島","未繪設快慢車道分隔線","有",57,"不明",121.107936,24.779176,"新竹縣","芎林鄉"
"其他","2018",8,6,9,"晴","日間自然光線",110,"直路","快車道","柏油","乾燥","良好","無號誌","中央分向島","未繪設快慢車道分隔線","有",35,"未使用",121.107936,24.779176,"新竹縣","芎林鄉"
"其他","2018",8,6,9,"晴","日間自然光線",110,"直路","快車道","柏油","乾燥","良好","無號誌","中央分向島","未繪設快慢車道分隔線","有",57,"非汽(機)車駕駛人",121.107936,24.779176,"新竹縣","芎林鄉"
"其他","2018",8,6,9,"晴","日間自然光線",60,"三岔路","交叉路口內","柏油","乾燥","良好","正常","無","未繪設快慢車道分隔線","無",39,"未使用",120.359192,22.594697,"高雄市","鳳山區"
"其他","2018",8,6,9,"晴","日間自然光線",60,"三岔路","交叉路口內","柏油","乾燥","良好","正常","無","未繪設快慢車道分隔線","無",45,"未使用",120.359192,22.594697,"高雄市","鳳山區"
"同向擦撞","2018",8,6,10,"晴","日間自然光線",50,"彎曲路及附近","一般車道(未劃分快慢車道)","柏油","乾燥","良好","無號誌","雙向禁止超車線","未繪設快慢車道分隔線","有",75,"非汽(機)車駕駛人",120.378945,23.308742,"臺南市","東山區"
"同向擦撞","2018",8,6,10,"晴","日間自然光線",50,"彎曲路及附近","一般車道(未劃分快慢車道)","柏油","乾燥","良好","無號誌","雙向禁止超車線","未繪設快慢車道分隔線","有",53,"未使用",120.378945,23.308742,"臺南市","東山區"
"同向擦撞","2018",8,6,10,"晴","日間自然光線",50,"彎曲路及附近","一般車道(未劃分快慢車道)","柏油","乾燥","良好","無號誌","雙向禁止超車線","未繪設快慢車道分隔線","有",30,"未使用",120.378945,23.308742,"臺南市","東山區"
"路口交岔撞","2018",8,6,17,"晴","日間自然光線",40,"四岔路","交叉路口內","柏油","乾燥","良好","正常","無","未繪設快慢車道分隔線","有",35,"未使用",120.522032,24.006474,"彰化縣","秀水鄉"
"路口交岔撞","2018",8,6,17,"晴","日間自然光線",40,"四岔路","交叉路口內","柏油","乾燥","良好","正常","無","未繪設快慢車道分隔線","有",54,"未使用",120.522032,24.006474,"彰化縣","秀水鄉"
"穿越道路中","2018",8,6,20,"陰","夜間(或隧道、地下道、涵洞)有照明",60,"四岔路","交叉口附近","柏油","乾燥","良好","無號誌","雙向禁止超車線","快慢車道分隔線","有",37,"未使用",121.170845,23.042057,"臺東縣","關山鎮"
"穿越道路中","2018",8,6,20,"陰","夜間(或隧道、地下道、涵洞)有照明",60,"四岔路","交叉口附近","柏油","乾燥","良好","無號誌","雙向禁止超車線","快慢車道分隔線","有",88,"非汽(機)車駕駛人",121.170845,23.042057,"臺東縣","關山鎮"
"撞橋樑、建築物","2018",8,7,3,"晴","夜間(或隧道、地下道、涵洞)有照明",50,"橋樑","一般車道(未劃分快慢車道)","柏油","乾燥","良好","無號誌","中央分向島","未繪設快慢車道分隔線","無",18,"不明",121.524096,25.073332,"臺北市","中山區"
"其他","2018",8,7,11,"晴","日間自然光線",40,"三岔路","交叉路口內","柏油","乾燥","良好","無號誌","無","未繪設快慢車道分隔線","有",64,"未使用",120.198398,23.443098,"嘉義縣","東石鄉"
"其他","2018",8,7,11,"晴","日間自然光線",40,"三岔路","交叉路口內","柏油","乾燥","良好","無號誌","無","未繪設快慢車道分隔線","有",79,"未使用",120.198398,23.443098,"嘉義縣","東石鄉"
"側撞","2018",8,7,15,"陰","日間自然光線",50,"三岔路","快車道","柏油","濕潤","良好","無號誌","雙向禁止超車線","未繪設快慢車道分隔線","有",69,"未使用",120.532058,22.56158,"屏東縣","潮州鎮"
"側撞","2018",8,7,15,"陰","日間自然光線",50,"三岔路","快車道","柏油","濕潤","良好","無號誌","雙向禁止超車線","未繪設快慢車道分隔線","有",57,"未使用",120.532058,22.56158,"屏東縣","潮州鎮"
"其他","2018",8,7,16,"晴","日間自然光線",50,"直路","一般車道(未劃分快慢車道)","柏油","乾燥","良好","無號誌","行車分向線","未繪設快慢車道分隔線","無",38,"未使用",121.521832,25.085396,"臺北市","士林區"
"其他","2018",8,7,16,"晴","日間自然光線",50,"直路","一般車道(未劃分快慢車道)","柏油","乾燥","良好","無號誌","行車分向線","未繪設快慢車道分隔線","無",77,"未使用",121.521832,25.085396,"臺北市","士林區"
"其他","2018",8,7,16,"晴","日間自然光線",50,"直路","一般車道(未劃分快慢車道)","柏油","乾燥","良好","無號誌","行車分向線","未繪設快慢車道分隔線","無",61,"未使用",121.521832,25.085396,"臺北市","士林區"
"側撞","2018",8,7,16,"晴","日間自然光線",50,"四岔路","交叉路口內","柏油","乾燥","良好","正常","無","未繪設快慢車道分隔線","無",49,"未使用",121.150987,25.030248,"桃園市","觀音區"
"側撞","2018",8,7,16,"晴","日間自然光線",50,"四岔路","交叉路口內","柏油","乾燥","良好","正常","無","未繪設快慢車道分隔線","無",15,"未使用",121.150987,25.030248,"桃園市","觀音區"
"側撞","2018",8,7,16,"晴","日間自然光線",50,"四岔路","交叉路口內","柏油","乾燥","良好","正常","無","未繪設快慢車道分隔線","無",17,"未使用",121.150987,25.030248,"桃園市","觀音區"
"衝出路外","2018",8,8,4,"晴","夜間(或隧道、地下道、涵洞)有照明",70,"直路","慢車道","其他鋪裝","乾燥","良好","無號誌","無","未繪設快慢車道分隔線","無",46,"未使用",120.502792,23.858288,"彰化縣","溪州鄉"
"撞路樹、電桿","2018",8,8,5,"晴","日間自然光線",40,"直路","慢車道","柏油","乾燥","良好","無號誌","中央分向島","窄式快慢車道分隔島(附柵欄)","有",35,"未使用",121.3569,25.044147,"桃園市","龜山區"
"撞橋樑、建築物","2018",8,8,7,"晴","日間自然光線",50,"隧道","一般車道(未劃分快慢車道)","柏油","乾燥","良好","無號誌","雙向禁止超車線","未繪設快慢車道分隔線","無",52,"未使用",121.016001,24.193778,"臺中市","和平區"
"側撞","2018",8,8,7,"晴","日間自然光線",50,"橋樑","一般車道(未劃分快慢車道)","柏油","乾燥","良好","無號誌","雙向禁止超車線","快慢車道分隔線","有",51,"未使用",120.435158,23.432979,"嘉義縣","水上鄉"
"側撞","2018",8,8,7,"晴","日間自然光線",50,"橋樑","一般車道(未劃分快慢車道)","柏油","乾燥","良好","無號誌","雙向禁止超車線","快慢車道分隔線","有",30,"未使用",120.435158,23.432979,"嘉義縣","水上鄉"
"側撞","2018",8,8,7,"晴","日間自然光線",50,"橋樑","一般車道(未劃分快慢車道)","柏油","乾燥","良好","無號誌","雙向禁止超車線","快慢車道分隔線","有",30,"未使用",120.435158,23.432979,"嘉義縣","水上鄉"
"側撞","2018",8,8,9,"晴","日間自然光線",60,"三岔路","交叉路口內","柏油","乾燥","良好","正常","無","未繪設快慢車道分隔線","無",73,"未使用",121.331033,23.387192,"花蓮縣","玉里鎮"
"側撞","2018",8,8,9,"晴","日間自然光線",60,"三岔路","交叉路口內","柏油","乾燥","良好","正常","無","未繪設快慢車道分隔線","無",54,"未使用",121.331033,23.387192,"花蓮縣","玉里鎮"
"其他","2018",8,8,12,"晴","日間自然光線",50,"直路","一般車道(未劃分快慢車道)","柏油","乾燥","良好","無號誌","行車分向線","未繪設快慢車道分隔線","無",23,"未使用",120.659733,24.178148,"臺中市","北屯區"
"其他","2018",8,8,12,"晴","日間自然光線",50,"直路","一般車道(未劃分快慢車道)","柏油","乾燥","良好","無號誌","行車分向線","未繪設快慢車道分隔線","無",33,"未使用",120.659733,24.178148,"臺中市","北屯區"
"側撞","2018",8,8,15,"晴","日間自然光線",50,"四岔路","交叉路口內","柏油","乾燥","良好","正常","無","未繪設快慢車道分隔線","無",87,"未使用",120.369964,22.557658,"高雄市","小港區"
"側撞","2018",8,8,15,"晴","日間自然光線",50,"四岔路","交叉路口內","柏油","乾燥","良好","正常","無","未繪設快慢車道分隔線","無",59,"未使用",120.369964,22.557658,"高雄市","小港區"
"其他","2018",8,8,17,"晴","日間自然光線",50,"彎曲路及附近","一般車道(未劃分快慢車道)","柏油","乾燥","良好","無號誌","無","未繪設快慢車道分隔線","有",24,"不明",121.418597,25.029608,"新北市","新莊區"
"其他","2018",8,8,17,"晴","日間自然光線",50,"彎曲路及附近","一般車道(未劃分快慢車道)","柏油","乾燥","良好","無號誌","無","未繪設快慢車道分隔線","有",33,"未使用",121.418597,25.029608,"新北市","新莊區"
"路口交岔撞","2018",8,9,1,"晴","夜間(或隧道、地下道、涵洞)有照明",50,"四岔路","交叉路口內","柏油","乾燥","良好","正常","中央分向島","快慢車道分隔線","有",38,"未使用",121.463636,25.014331,"新北市","板橋區"
"路口交岔撞","2018",8,9,1,"晴","夜間(或隧道、地下道、涵洞)有照明",50,"四岔路","交叉路口內","柏油","乾燥","良好","正常","中央分向島","快慢車道分隔線","有",72,"非汽(機)車駕駛人",121.463636,25.014331,"新北市","板橋區"
"其他","2018",8,9,3,"晴","日間自然光線",50,"三岔路","交叉路口內","柏油","乾燥","良好","正常","中央分向島","未繪設快慢車道分隔線","無",20,"未使用",121.4469,25.142505,"新北市","八里區"
"其他","2018",8,9,3,"晴","日間自然光線",50,"三岔路","交叉路口內","柏油","乾燥","良好","正常","中央分向島","未繪設快慢車道分隔線","無",74,"未使用",121.4469,25.142505,"新北市","八里區"
"同向通行中","2018",8,9,4,"晴","夜間(或隧道、地下道、涵洞)有照明",50,"直路","一般車道(未劃分快慢車道)","其他鋪裝","乾燥","良好","無號誌","行車分向線","快慢車道分隔線","無",36,"不明",121.695423,24.780686,"宜蘭縣","員山鄉"
"同向通行中","2018",8,9,4,"晴","夜間(或隧道、地下道、涵洞)有照明",50,"直路","一般車道(未劃分快慢車道)","其他鋪裝","乾燥","良好","無號誌","行車分向線","快慢車道分隔線","無",69,"不明",121.695423,24.780686,"宜蘭縣","員山鄉"
"其他","2018",8,9,5,"晴","日間自然光線",60,"直路","慢車道","柏油","乾燥","良好","無號誌","中央分向島","快慢車道分隔線","有",58,"非汽(機)車駕駛人",120.557083,23.711829,"雲林縣","斗六市"
"其他","2018",8,9,5,"晴","日間自然光線",60,"直路","慢車道","柏油","乾燥","良好","無號誌","中央分向島","快慢車道分隔線","有",48,"未使用",120.557083,23.711829,"雲林縣","斗六市"
"路口交岔撞","2018",8,9,8,"晴","日間自然光線",50,"四岔路","交叉路口內","柏油","乾燥","良好","正常","無","未繪設快慢車道分隔線","無",28,"不明",120.245644,23.458402,"嘉義縣","朴子市"
"路口交岔撞","2018",8,9,8,"晴","日間自然光線",50,"四岔路","交叉路口內","柏油","乾燥","良好","正常","無","未繪設快慢車道分隔線","無",6,"非汽(機)車駕駛人",120.245644,23.458402,"嘉義縣","朴子市"
"路口交岔撞","2018",8,9,8,"晴","日間自然光線",50,"四岔路","交叉路口內","柏油","乾燥","良好","正常","無","未繪設快慢車道分隔線","無",78,"未使用",120.245644,23.458402,"嘉義縣","朴子市"
"追撞","2018",8,9,15,"晴","日間自然光線",110,"直路","快車道","柏油","乾燥","良好","無號誌","中央分向島","未繪設快慢車道分隔線","有",29,"不明",120.248359,22.979837,"臺南市","仁德區"
"追撞","2018",8,9,15,"晴","日間自然光線",110,"直路","快車道","柏油","乾燥","良好","無號誌","中央分向島","未繪設快慢車道分隔線","有",35,"未使用",120.248359,22.979837,"臺南市","仁德區"
"對撞","2018",8,9,15,"晴","日間自然光線",60,"直路","一般車道(未劃分快慢車道)","柏油","乾燥","良好","無號誌","雙向禁止超車線","未繪設快慢車道分隔線","有",39,"未使用",121.003736,22.605992,"臺東縣","太麻里鄉"
"對撞","2018",8,9,15,"晴","日間自然光線",60,"直路","一般車道(未劃分快慢車道)","柏油","乾燥","良好","無號誌","雙向禁止超車線","未繪設快慢車道分隔線","有",76,"未使用",121.003736,22.605992,"臺東縣","太麻里鄉"
"側撞","2018",8,9,19,"晴","夜間(或隧道、地下道、涵洞)有照明",40,"直路","快車道","柏油","乾燥","良好","無號誌","行車分向線","快慢車道分隔線","有",65,"未使用",121.204916,24.913096,"桃園市","平鎮區"
"側撞","2018",8,9,19,"晴","夜間(或隧道、地下道、涵洞)有照明",40,"直路","快車道","柏油","乾燥","良好","無號誌","行車分向線","快慢車道分隔線","有",37,"未使用",121.204916,24.913096,"桃園市","平鎮區"
"其他","2018",8,10,5,"晴","日間自然光線",40,"其他","其他","柏油","乾燥","良好","無號誌","雙向禁止超車線","未繪設快慢車道分隔線","有",24,"未使用",120.980585,24.861798,"新竹縣","竹北市"
"撞路樹、電桿","2018",8,10,6,"晴","日間自然光線",50,"直路","路肩、路緣","柏油","乾燥","良好","無號誌","行車分向線","未繪設快慢車道分隔線","有",43,"不明",120.351156,23.730888,"雲林縣","褒忠鄉"
"路口交岔撞","2018",8,10,6,"晴","日間自然光線",50,"四岔路","交叉路口內","柏油","乾燥","良好","正常","雙向禁止超車線","快慢車道分隔線","無",77,"非汽(機)車駕駛人",120.277348,22.654804,"高雄市","鼓山區"
"路口交岔撞","2018",8,10,6,"晴","日間自然光線",50,"四岔路","交叉路口內","柏油","乾燥","良好","正常","雙向禁止超車線","快慢車道分隔線","無",48,"未使用",120.277348,22.654804,"高雄市","鼓山區"
"穿越道路中","2018",8,10,11,"晴","日間自然光線",50,"四岔路","交叉口附近","柏油","乾燥","良好","無號誌","行車分向線","未繪設快慢車道分隔線","無",32,"未使用",121.5688,25.043568,"臺北市","信義區"
"穿越道路中","2018",8,10,11,"晴","日間自然光線",50,"四岔路","交叉口附近","柏油","乾燥","良好","無號誌","行車分向線","未繪設快慢車道分隔線","無",91,"非汽(機)車駕駛人",121.5688,25.043568,"臺北市","信義區"
"路口交岔撞","2018",8,10,13,"晴","日間自然光線",50,"四岔路","交叉路口內","柏油","乾燥","良好","無號誌","無","未繪設快慢車道分隔線","無",64,"未使用",121.768884,24.675243,"宜蘭縣","羅東鎮"
"路口交岔撞","2018",8,10,13,"晴","日間自然光線",50,"四岔路","交叉路口內","柏油","乾燥","良好","無號誌","無","未繪設快慢車道分隔線","無",28,"未使用",121.768884,24.675243,"宜蘭縣","羅東鎮"
"路上翻車、摔倒","2018",8,10,16,"雨","日間自然光線",40,"直路","一般車道(未劃分快慢車道)","柏油","濕潤","良好","無號誌","無","未繪設快慢車道分隔線","無",72,"未使用",120.511911,22.765189,"屏東縣","鹽埔鄉"
"對撞","2018",8,10,23,"晴","夜間(或隧道、地下道、涵洞)無照明",50,"直路","快車道","柏油","乾燥","良好","無號誌","雙向禁止超車線","快慢車道分隔線","有",38,"未使用",121.397812,25.016372,"桃園市","龜山區"
"對撞","2018",8,10,23,"晴","夜間(或隧道、地下道、涵洞)無照明",50,"直路","快車道","柏油","乾燥","良好","無號誌","雙向禁止超車線","快慢車道分隔線","有",27,"未使用",121.397812,25.016372,"桃園市","龜山區"
"對撞","2018",8,10,23,"晴","夜間(或隧道、地下道、涵洞)無照明",50,"直路","快車道","柏油","乾燥","良好","無號誌","雙向禁止超車線","快慢車道分隔線","有",48,"未使用",121.397812,25.016372,"桃園市","龜山區"
"對撞","2018",8,10,23,"晴","夜間(或隧道、地下道、涵洞)無照明",50,"直路","快車道","柏油","乾燥","良好","無號誌","雙向禁止超車線","快慢車道分隔線","有",38,"非汽(機)車駕駛人",121.397812,25.016372,"桃園市","龜山區"
"對撞","2018",8,10,23,"晴","夜間(或隧道、地下道、涵洞)無照明",50,"直路","快車道","柏油","乾燥","良好","無號誌","雙向禁止超車線","快慢車道分隔線","有",27,"未使用",121.397812,25.016372,"桃園市","龜山區"
"撞交通島","2018",8,11,2,"晴","夜間(或隧道、地下道、涵洞)有照明",50,"直路","交通島(含槽化線)","柏油","乾燥","良好","無號誌","中央分向島","快慢車道分隔線","有",46,"未使用",120.664152,24.233555,"臺中市","大雅區"
"撞護欄(樁)","2018",8,11,4,"晴","夜間(或隧道、地下道、涵洞)有照明",110,"直路","快車道","柏油","乾燥","良好","無號誌","中央分向島","未繪設快慢車道分隔線","有",31,"不明",120.362872,23.43832,"嘉義縣","水上鄉"
"撞護欄(樁)","2018",8,11,4,"晴","夜間(或隧道、地下道、涵洞)有照明",110,"直路","快車道","柏油","乾燥","良好","無號誌","中央分向島","未繪設快慢車道分隔線","有",38,"未使用",120.362872,23.43832,"嘉義縣","水上鄉"
"其他","2018",8,11,7,"晴","日間自然光線",60,"直路","慢車道","柏油","乾燥","不良","無號誌","中央分向島","快慢車道分隔線","有",36,"未使用",120.630118,22.32249,"屏東縣","枋山鄉"
"其他","2018",8,11,7,"晴","日間自然光線",60,"直路","慢車道","柏油","乾燥","不良","無號誌","中央分向島","快慢車道分隔線","有",32,"未使用",120.630118,22.32249,"屏東縣","枋山鄉"
"穿越道路中","2018",8,11,11,"晴","日間自然光線",50,"三岔路","行人穿越道","柏油","乾燥","良好","無號誌","無","未繪設快慢車道分隔線","無",69,"非汽(機)車駕駛人",120.685805,24.131202,"臺中市","東區"
"穿越道路中","2018",8,11,11,"晴","日間自然光線",50,"三岔路","行人穿越道","柏油","乾燥","良好","無號誌","無","未繪設快慢車道分隔線","無",65,"未使用",120.685805,24.131202,"臺中市","東區"
"穿越道路中","2018",8,11,11,"晴","日間自然光線",50,"三岔路","行人穿越道","柏油","乾燥","良好","無號誌","無","未繪設快慢車道分隔線","無",37,"未使用",120.685805,24.131202,"臺中市","東區"
"路口交岔撞","2018",8,11,12,"晴","日間自然光線",50,"三岔路","交叉路口內","柏油","乾燥","良好","無號誌","行車分向線","未繪設快慢車道分隔線","有",46,"未使用",120.351964,22.749999,"高雄市","大社區"