"事故類型及型態子類別名稱","發生年度","發生月份","發生日期","發生時間","天候名稱","光線名稱","速限.第1當事者","道路型態子類別名稱","事故位置子類別名稱","路面狀況.路面鋪裝名稱","路面狀況.路面狀態名稱","道路障礙.視距品質名稱","號誌.號誌動作名稱","車道劃分設施.分向設施大類別名稱","車道劃分設施.分道設施.快慢車道間名稱","車道劃分設施.分道設施.路面邊線名稱","當事者事故發生時年齡","行動電話或電腦或其他相類功能裝置名稱","經度","緯度","縣市","鄉鎮"
"路口交岔撞","2018",8,11,12,"晴","日間自然光線",50,"三岔路","交叉路口內","柏油","乾燥","良好","無號誌","行車分向線","未繪設快慢車道分隔線","有",38,"未使用",120.351964,22.749999,"高雄市","大社區"
"路上翻車、摔倒","2018",8,11,15,"晴","日間自然光線",40,"三岔路","交叉路口內","柏油","乾燥","良好","無號誌","無","未繪設快慢車道分隔線","無",22,"未使用",120.949855,24.773683,"新竹市","香山區"
"撞交通島","2018",8,11,17,"晴","日間自然光線",60,"三岔路","交叉路口內","柏油","乾燥","不良","無號誌","無","未繪設快慢車道分隔線","無",29,"不明",121.362477,25.02035,"桃園市","龜山區"
"撞交通島","2018",8,11,17,"晴","日間自然光線",60,"三岔路","交叉路口內","柏油","乾燥","不良","無號誌","無","未繪設快慢車道分隔線","無",28,"未使用",121.362477,25.02035,"桃園市","龜山區"
"側撞","2018",8,12,0,"晴","夜間(或隧道、地下道、涵洞)有照明",50,"三岔路","交叉路口內","柏油","乾燥","良好","正常","無","未繪設快慢車道分隔線","無",29,"未使用",121.280082,25.010406,"桃園市","桃園區"
"側撞","2018",8,12,0,"晴","夜間(或隧道、地下道、涵洞)有照明",50,"三岔路","交叉路口內","柏油","乾燥","良好","正常","無","未繪設快慢車道分隔線","無",87,"未使用",121.280082,25.010406,"桃園市","桃園區"
"側撞","2018",8,12,0,"晴","夜間(或隧道、地下道、涵洞)有照明",50,"三岔路","交叉路口內","柏油","乾燥","良好","正常","無","未繪設快慢車道分隔線","無",38,"未使用",121.280082,25.010406,"桃園市","桃園區"
"其他","2018",8,12,9,"雨","日間自然光線",50,"三岔路","交叉口附近","柏油","濕潤","良好","正常","雙向禁止超車線","未繪設快慢車道分隔線","無",20,"未使用",121.448484,25.170126,"新北市","淡水區"
"其他","2018",8,12,9,"雨","日間自然光線",50,"三岔路","交叉口附近","柏油","濕潤","良好","正常","雙向禁止超車線","未繪設快慢車道分隔線","無",52,"未使用",121.448484,25.170126,"新北市","淡水區"
"側撞","2018",8,12,23,"晴","夜間(或隧道、地下道、涵洞)有照明",50,"四岔路","交叉路口內","柏油","乾燥","良好","正常","行車分向線","未繪設快慢車道分隔線","有",52,"未使用",121.439201,25.062688,"新北市","泰山區"
"側撞","2018",8,12,23,"晴","夜間(或隧道、地下道、涵洞)有照明",50,"四岔路","交叉路口內","柏油","乾燥","良好","正常","行車分向線","未繪設快慢車道分隔線","有",40,"未使用",121.439201,25.062688,"新北市","泰山區"
"撞護欄(樁)","2018",8,13,3,"晴","夜間(或隧道、地下道、涵洞)有照明",40,"直路","交通島(含槽化線)","柏油","乾燥","良好","無號誌","中央分向島","未繪設快慢車道分隔線","有",48,"未使用",120.453058,23.432348,"嘉義縣","中埔鄉"
"側撞","2018",8,13,11,"晴","日間自然光線",60,"三岔路","交叉口附近","柏油","乾燥","良好","正常","中央分向島","未繪設快慢車道分隔線","有",28,"未使用",120.446199,24.047686,"彰化縣","福興鄉"
"側撞","2018",8,13,11,"晴","日間自然光線",60,"三岔路","交叉口附近","柏油","乾燥","良好","正常","中央分向島","未繪設快慢車道分隔線","有",68,"未使用",120.446199,24.047686,"彰化縣","福興鄉"
"追撞","2018",8,13,19,"晴","夜間(或隧道、地下道、涵洞)有照明",40,"橋樑","機車專用道","柏油","乾燥","良好","無號誌","中央分向島","寛式快慢車道分隔島(50公分以上)","有",23,"未使用",121.515477,25.017918,"新北市","永和區"
"追撞","2018",8,13,19,"晴","夜間(或隧道、地下道、涵洞)有照明",40,"橋樑","機車專用道","柏油","乾燥","良好","無號誌","中央分向島","寛式快慢車道分隔島(50公分以上)","有",19,"未使用",121.515477,25.017918,"新北市","永和區"
"追撞","2018",8,13,19,"晴","夜間(或隧道、地下道、涵洞)有照明",40,"橋樑","機車專用道","柏油","乾燥","良好","無號誌","中央分向島","寛式快慢車道分隔島(50公分以上)","有",55,"未使用",121.515477,25.017918,"新北市","永和區"
"路口交岔撞","2018",8,13,22,"晴","夜間(或隧道、地下道、涵洞)有照明",50,"四岔路","交叉路口內","柏油","乾燥","良好","正常","雙向禁止超車線","未繪設快慢車道分隔線","無",21,"未使用",121.502634,25.045715,"臺北市","萬華區"
"路口交岔撞","2018",8,13,22,"晴","夜間(或隧道、地下道、涵洞)有照明",50,"四岔路","交叉路口內","柏油","乾燥","良好","正常","雙向禁止超車線","未繪設快慢車道分隔線","無",42,"未使用",121.502634,25.045715,"臺北市","萬華區"
"撞護欄(樁)","2018",8,14,3,"雨","夜間(或隧道、地下道、涵洞)有照明",40,"橋樑","慢車道","柏油","濕潤","良好","無號誌","雙向禁止超車線","快慢車道分隔線","無",107,"",120.296369,22.638202,"高雄市","三民區"
"撞護欄(樁)","2018",8,14,3,"雨","夜間(或隧道、地下道、涵洞)有照明",40,"橋樑","慢車道","柏油","濕潤","良好","無號誌","雙向禁止超車線","快慢車道分隔線","無",52,"不明",120.296369,22.638202,"高雄市","三民區"
"衝出路外","2018",8,14,4,"晴","夜間(或隧道、地下道、涵洞)有照明",50,"彎曲路及附近","路肩、路緣","柏油","乾燥","良好","無號誌","雙向禁止超車線","未繪設快慢車道分隔線","有",34,"不明",121.14386,22.748661,"臺東縣","臺東市"
"衝出路外","2018",8,14,4,"晴","夜間(或隧道、地下道、涵洞)有照明",50,"彎曲路及附近","路肩、路緣","柏油","乾燥","良好","無號誌","雙向禁止超車線","未繪設快慢車道分隔線","有",27,"不明",121.14386,22.748661,"臺東縣","臺東市"
"衝出路外","2018",8,14,4,"晴","夜間(或隧道、地下道、涵洞)有照明",50,"彎曲路及附近","路肩、路緣","柏油","乾燥","良好","無號誌","雙向禁止超車線","未繪設快慢車道分隔線","有",44,"未使用",121.14386,22.748661,"臺東縣","臺東市"
"路口交岔撞","2018",8,14,10,"晴","日間自然光線",40,"四岔路","交叉路口內","柏油","乾燥","良好","無號誌","無","未繪設快慢車道分隔線","無",78,"未使用",121.69731,24.740376,"宜蘭縣","員山鄉"
"路口交岔撞","2018",8,14,10,"晴","日間自然光線",40,"四岔路","交叉路口內","柏油","乾燥","良好","無號誌","無","未繪設快慢車道分隔線","無",52,"未使用",121.69731,24.740376,"宜蘭縣","員山鄉"
"穿越道路中","2018",8,15,3,"晴","夜間(或隧道、地下道、涵洞)有照明",50,"直路","一般車道(未劃分快慢車道)","柏油","乾燥","良好","正常","行車分向線","未繪設快慢車道分隔線","無",81,"不明",121.534973,25.014237,"臺北市","大安區"
"穿越道路中","2018",8,15,3,"晴","夜間(或隧道、地下道、涵洞)有照明",50,"直路","一般車道(未劃分快慢車道)","柏油","乾燥","良好","正常","行車分向線","未繪設快慢車道分隔線","無",73,"非汽(機)車駕駛人",121.534973,25.014237,"臺北市","大安區"
"追撞","2018",8,15,3,"陰","夜間(或隧道、地下道、涵洞)無照明",110,"直路","快車道","柏油","乾燥","良好","無號誌","中央分向島","未繪設快慢車道分隔線","有",25,"不明",120.509585,23.99333,"彰化縣","大村鄉"
"追撞","2018",8,15,3,"陰","夜間(或隧道、地下道、涵洞)無照明",110,"直路","快車道","柏油","乾燥","良好","無號誌","中央分向島","未繪設快慢車道分隔線","有",37,"未使用",120.509585,23.99333,"彰化縣","大村鄉"
"路口交岔撞","2018",8,15,9,"雨","日間自然光線",50,"四岔路","交叉路口內","柏油","濕潤","良好","無號誌","無","未繪設快慢車道分隔線","無",68,"未使用",120.212921,23.343145,"嘉義縣","義竹鄉"
"路口交岔撞","2018",8,15,9,"雨","日間自然光線",50,"四岔路","交叉路口內","柏油","濕潤","良好","無號誌","無","未繪設快慢車道分隔線","無",59,"未使用",120.212921,23.343145,"嘉義縣","義竹鄉"
"其他","2018",8,15,17,"晴","日間自然光線",50,"直路","一般車道(未劃分快慢車道)","柏油","乾燥","良好","無號誌","行車分向線","未繪設快慢車道分隔線","有",18,"不明",120.600936,22.81868,"屏東縣","高樹鄉"
"其他","2018",8,15,17,"晴","日間自然光線",50,"直路","一般車道(未劃分快慢車道)","柏油","乾燥","良好","無號誌","行車分向線","未繪設快慢車道分隔線","有",18,"非汽(機)車駕駛人",120.600936,22.81868,"屏東縣","高樹鄉"
"其他","2018",8,15,17,"晴","日間自然光線",50,"直路","一般車道(未劃分快慢車道)","柏油","乾燥","良好","無號誌","行車分向線","未繪設快慢車道分隔線","有",68,"未使用",120.600936,22.81868,"屏東縣","高樹鄉"
"撞護欄(樁)","2018",8,16,6,"晴","日間自然光線",40,"橋樑","交通島(含槽化線)","柏油","乾燥","良好","無號誌","行車分向線","未繪設快慢車道分隔線","有",16,"未使用",121.506535,25.06371,"臺北市","大同區"
"撞護欄(樁)","2018",8,16,6,"晴","日間自然光線",40,"橋樑","交通島(含槽化線)","柏油","乾燥","良好","無號誌","行車分向線","未繪設快慢車道分隔線","有",21,"未使用",121.506535,25.06371,"臺北市","大同區"
"側撞","2018",8,16,11,"晴","日間自然光線",40,"四岔路","交叉路口內","柏油","乾燥","良好","正常","無","未繪設快慢車道分隔線","無",52,"未使用",120.255542,23.797222,"雲林縣","麥寮鄉"
"側撞","2018",8,16,11,"晴","日間自然光線",40,"四岔路","交叉路口內","柏油","乾燥","良好","正常","無","未繪設快慢車道分隔線","無",45,"未使用",120.255542,23.797222,"雲林縣","麥寮鄉"
"側撞","2018",8,16,19,"晴","夜間(或隧道、地下道、涵洞)有照明",40,"四岔路","交叉路口內","柏油","乾燥","良好","正常","雙向禁止超車線","快慢車道分隔線","有",32,"未使用",120.466775,22.592355,"屏東縣","萬丹鄉"
"側撞","2018",8,16,19,"晴","夜間(或隧道、地下道、涵洞)有照明",40,"四岔路","交叉路口內","柏油","乾燥","良好","正常","雙向禁止超車線","快慢車道分隔線","有",25,"未使用",120.466775,22.592355,"屏東縣","萬丹鄉"
"追撞","2018",8,17,2,"晴","日間自然光線",60,"四岔路","交叉路口內","柏油","乾燥","良好","正常","中央分向島","未繪設快慢車道分隔線","有",21,"未使用",120.522215,23.727975,"雲林縣","斗六市"
"追撞","2018",8,17,2,"晴","日間自然光線",60,"四岔路","交叉路口內","柏油","乾燥","良好","正常","中央分向島","未繪設快慢車道分隔線","有",48,"未使用",120.522215,23.727975,"雲林縣","斗六市"
"追撞","2018",8,17,9,"晴","日間自然光線",50,"三岔路","交叉口附近","柏油","乾燥","良好","無號誌","無","未繪設快慢車道分隔線","無",71,"未使用",121.080041,24.935249,"桃園市","楊梅區"
"追撞","2018",8,17,9,"晴","日間自然光線",50,"三岔路","交叉口附近","柏油","乾燥","良好","無號誌","無","未繪設快慢車道分隔線","無",66,"未使用",121.080041,24.935249,"桃園市","楊梅區"
"同向擦撞","2018",8,17,19,"晴","日間自然光線",50,"四岔路","交叉路口內","柏油","乾燥","良好","正常","無","未繪設快慢車道分隔線","無",37,"未使用",120.432885,23.510451,"嘉義縣","民雄鄉"
"同向擦撞","2018",8,17,19,"晴","日間自然光線",50,"四岔路","交叉路口內","柏油","乾燥","良好","正常","無","未繪設快慢車道分隔線","無",70,"未使用",120.432885,23.510451,"嘉義縣","民雄鄉"
"同向擦撞","2018",8,17,19,"晴","日間自然光線",50,"四岔路","交叉路口內","柏油","乾燥","良好","正常","無","未繪設快慢車道分隔線","無",67,"非汽(機)車駕駛人",120.432885,23.510451,"嘉義縣","民雄鄉"
"路口交岔撞","2018",8,18,4,"晴","夜間(或隧道、地下道、涵洞)有照明",50,"四岔路","交叉路口內","柏油","乾燥","良好","正常","雙向禁止超車線","快慢車道分隔線","無",33,"未使用",120.270578,23.311227,"臺南市","鹽水區"
"路口交岔撞","2018",8,18,4,"晴","夜間(或隧道、地下道、涵洞)有照明",50,"四岔路","交叉路口內","柏油","乾燥","良好","正常","雙向禁止超車線","快慢車道分隔線","無",78,"非汽(機)車駕駛人",120.270578,23.311227,"臺南市","鹽水區"
"路口交岔撞","2018",8,18,4,"晴","夜間(或隧道、地下道、涵洞)有照明",50,"四岔路","交叉路口內","柏油","乾燥","良好","正常","雙向禁止超車線","快慢車道分隔線","無",74,"非汽(機)車駕駛人",120.270578,23.311227,"臺南市","鹽水區"
"穿越道路中","2018",8,18,7,"晴","日間自然光線",50,"直路","一般車道(未劃分快慢車道)","柏油","乾燥","良好","正常","雙向禁止超車線","快慢車道分隔線","無",76,"非汽(機)車駕駛人",121.540234,24.986869,"新北市","新店區"
"穿越道路中","2018",8,18,7,"晴","日間自然光線",50,"直路","一般車道(未劃分快慢車道)","柏油","乾燥","良好","正常","雙向禁止超車線","快慢車道分隔線","無",50,"未使用",121.540234,24.986869,"新北市","新店區"
"穿越道路中","2018",8,18,19,"雨","夜間(或隧道、地下道、涵洞)有照明",90,"直路","一般車道(未劃分快慢車道)","柏油","濕潤","良好","無號誌","中央分向島","未繪設快慢車道分隔線","有",37,"未使用",120.438182,24.121613,"彰化縣","鹿港鎮"
"穿越道路中","2018",8,18,19,"雨","夜間(或隧道、地下道、涵洞)有照明",90,"直路","一般車道(未劃分快慢車道)","柏油","濕潤","良好","無號誌","中央分向島","未繪設快慢車道分隔線","有",39,"未使用",120.438182,24.121613,"彰化縣","鹿港鎮"
"穿越道路中","2018",8,18,19,"雨","夜間(或隧道、地下道、涵洞)有照明",90,"直路","一般車道(未劃分快慢車道)","柏油","濕潤","良好","無號誌","中央分向島","未繪設快慢車道分隔線","有",38,"未使用",120.438182,24.121613,"彰化縣","鹿港鎮"
"穿越道路中","2018",8,18,19,"雨","夜間(或隧道、地下道、涵洞)有照明",90,"直路","一般車道(未劃分快慢車道)","柏油","濕潤","良好","無號誌","中央分向島","未繪設快慢車道分隔線","有",21,"非汽(機)車駕駛人",120.438182,24.121613,"彰化縣","鹿港鎮"
"穿越道路中","2018",8,18,19,"雨","夜間(或隧道、地下道、涵洞)有照明",90,"直路","一般車道(未劃分快慢車道)","柏油","濕潤","良好","無號誌","中央分向島","未繪設快慢車道分隔線","有",49,"未使用",120.438182,24.121613,"彰化縣","鹿港鎮"
"穿越道路中","2018",8,18,19,"雨","夜間(或隧道、地下道、涵洞)有照明",90,"直路","一般車道(未劃分快慢車道)","柏油","濕潤","良好","無號誌","中央分向島","未繪設快慢車道分隔線","有",34,"未使用",120.438182,24.121613,"彰化縣","鹿港鎮"
"其他","2018",8,18,20,"陰","夜間(或隧道、地下道、涵洞)有照明",40,"三岔路","交叉路口內","柏油","乾燥","良好","無號誌","中央分向島","未繪設快慢車道分隔線","無",25,"未使用",120.198044,23.083963,"臺南市","安定區"
"其他","2018",8,18,20,"陰","夜間(或隧道、地下道、涵洞)有照明",40,"三岔路","交叉路口內","柏油","乾燥","良好","無號誌","中央分向島","未繪設快慢車道分隔線","無",70,"未使用",120.198044,23.083963,"臺南市","安定區"
"側撞","2018",8,18,22,"晴","夜間(或隧道、地下道、涵洞)有照明",60,"四岔路","交叉路口內","柏油","乾燥","良好","正常","無","未繪設快慢車道分隔線","無",26,"不明",120.291776,22.665485,"高雄市","鼓山區"
"側撞","2018",8,18,22,"晴","夜間(或隧道、地下道、涵洞)有照明",60,"四岔路","交叉路口內","柏油","乾燥","良好","正常","無","未繪設快慢車道分隔線","無",41,"不明",120.291776,22.665485,"高雄市","鼓山區"
"側撞","2018",8,18,22,"晴","夜間(或隧道、地下道、涵洞)有照明",60,"四岔路","交叉路口內","柏油","乾燥","良好","正常","無","未繪設快慢車道分隔線","無",3,"非汽(機)車駕駛人",120.291776,22.665485,"高雄市","鼓山區"
"側撞","2018",8,18,22,"晴","夜間(或隧道、地下道、涵洞)有照明",60,"四岔路","交叉路口內","柏油","乾燥","良好","正常","無","未繪設快慢車道分隔線","無",4,"未使用",120.291776,22.665485,"高雄市","鼓山區"
"側撞","2018",8,18,22,"晴","夜間(或隧道、地下道、涵洞)有照明",50,"直路","一般車道(未劃分快慢車道)","柏油","乾燥","良好","無號誌","雙向禁止超車線","未繪設快慢車道分隔線","無",30,"未使用",121.481072,25.136497,"臺北市","北投區"
"側撞","2018",8,18,22,"晴","夜間(或隧道、地下道、涵洞)有照明",50,"直路","一般車道(未劃分快慢車道)","柏油","乾燥","良好","無號誌","雙向禁止超車線","未繪設快慢車道分隔線","無",16,"非汽(機)車駕駛人",121.481072,25.136497,"臺北市","北投區"
"側撞","2018",8,18,22,"晴","夜間(或隧道、地下道、涵洞)有照明",50,"直路","一般車道(未劃分快慢車道)","柏油","乾燥","良好","無號誌","雙向禁止超車線","未繪設快慢車道分隔線","無",20,"未使用",121.481072,25.136497,"臺北市","北投區"
"對撞","2018",8,19,2,"晴","夜間(或隧道、地下道、涵洞)有照明",100,"直路","快車道","柏油","濕潤","良好","無號誌","中央分向島","未繪設快慢車道分隔線","有",54,"不明",120.430001,23.684331,"雲林縣","大埤鄉"
"對撞","2018",8,19,2,"晴","夜間(或隧道、地下道、涵洞)有照明",100,"直路","快車道","柏油","濕潤","良好","無號誌","中央分向島","未繪設快慢車道分隔線","有",38,"不明",120.430001,23.684331,"雲林縣","大埤鄉"
"側撞","2018",8,19,6,"晴","日間自然光線",50,"三岔路","交叉路口內","柏油","乾燥","良好","無號誌","無","未繪設快慢車道分隔線","無",71,"未使用",120.416218,23.352836,"臺南市","白河區"
"側撞","2018",8,19,6,"晴","日間自然光線",50,"三岔路","交叉路口內","柏油","乾燥","良好","無號誌","無","未繪設快慢車道分隔線","無",20,"未使用",120.416218,23.352836,"臺南市","白河區"
"對撞","2018",8,19,9,"晴","日間自然光線",30,"彎曲路及附近","一般車道(未劃分快慢車道)","柏油","乾燥","良好","無號誌","無","未繪設快慢車道分隔線","有",23,"未使用",121.058021,25.029282,"桃園市","觀音區"
"對撞","2018",8,19,9,"晴","日間自然光線",30,"彎曲路及附近","一般車道(未劃分快慢車道)","柏油","乾燥","良好","無號誌","無","未繪設快慢車道分隔線","有",51,"未使用",121.058021,25.029282,"桃園市","觀音區"
"撞路樹、電桿","2018",8,19,13,"晴","日間自然光線",50,"彎曲路及附近","一般車道(未劃分快慢車道)","柏油","乾燥","不良","無號誌","雙向禁止超車線","未繪設快慢車道分隔線","有",40,"不明",120.312504,23.449061,"嘉義縣","太保市"
"其他","2018",8,19,16,"晴","日間自然光線",50,"彎曲路及附近","快車道","柏油","乾燥","良好","無號誌","雙向禁止超車線","快慢車道分隔線","無",60,"未使用",120.355801,22.610079,"高雄市","鳳山區"
"其他","2018",8,19,16,"晴","日間自然光線",50,"彎曲路及附近","快車道","柏油","乾燥","良好","無號誌","雙向禁止超車線","快慢車道分隔線","無",19,"未使用",120.355801,22.610079,"高雄市","鳳山區"
"其他","2018",8,19,16,"晴","日間自然光線",50,"彎曲路及附近","快車道","柏油","乾燥","良好","無號誌","雙向禁止超車線","快慢車道分隔線","無",43,"未使用",120.355801,22.610079,"高雄市","鳳山區"
"其他","2018",8,19,16,"晴","日間自然光線",50,"彎曲路及附近","快車道","柏油","乾燥","良好","無號誌","雙向禁止超車線","快慢車道分隔線","無",21,"非汽(機)車駕駛人",120.355801,22.610079,"高雄市","鳳山區"
"其他","2018",8,19,16,"晴","日間自然光線",50,"彎曲路及附近","快車道","柏油","乾燥","良好","無號誌","雙向禁止超車線","快慢車道分隔線","無",22,"非汽(機)車駕駛人",120.355801,22.610079,"高雄市","鳳山區"
"側撞","2018",8,19,19,"晴","夜間(或隧道、地下道、涵洞)有照明",50,"四岔路","交叉路口內","柏油","乾燥","良好","正常","雙向禁止超車線","未繪設快慢車道分隔線","有",82,"非汽(機)車駕駛人",121.79387,24.698201,"宜蘭縣","五結鄉"
"側撞","2018",8,19,19,"晴","夜間(或隧道、地下道、涵洞)有照明",50,"四岔路","交叉路口內","柏油","乾燥","良好","正常","雙向禁止超車線","未繪設快慢車道分隔線","有",24,"未使用",121.79387,24.698201,"宜蘭縣","五結鄉"
"同向擦撞","2018",8,19,21,"陰","夜間(或隧道、地下道、涵洞)有照明",50,"四岔路","交叉口附近","柏油","濕潤","良好","正常","中央分向島","快慢車道分隔線","有",32,"未使用",121.371249,24.923638,"新北市","樹林區"
"同向擦撞","2018",8,19,21,"陰","夜間(或隧道、地下道、涵洞)有照明",50,"四岔路","交叉口附近","柏油","濕潤","良好","正常","中央分向島","快慢車道分隔線","有",43,"未使用",121.371249,24.923638,"新北市","樹林區"
"其他","2018",8,20,8,"晴","日間自然光線",60,"彎曲路及附近","快車道","柏油","乾燥","良好","無號誌","雙向禁止超車線","快慢車道分隔線","有",17,"未使用",121.188814,22.843724,"臺東縣","卑南鄉"
"其他","2018",8,20,8,"晴","日間自然光線",60,"彎曲路及附近","快車道","柏油","乾燥","良好","無號誌","雙向禁止超車線","快慢車道分隔線","有",52,"未使用",121.188814,22.843724,"臺東縣","卑南鄉"
"側撞","2018",8,20,10,"晴","日間自然光線",50,"四岔路","交叉路口內","柏油","乾燥","良好","無動作","無","未繪設快慢車道分隔線","無",62,"未使用",120.313077,23.118987,"臺南市","善化區"
"側撞","2018",8,20,10,"晴","日間自然光線",50,"四岔路","交叉路口內","柏油","乾燥","良好","無動作","無","未繪設快慢車道分隔線","無",39,"未使用",120.313077,23.118987,"臺南市","善化區"
"側撞","2018",8,20,19,"雨","夜間(或隧道、地下道、涵洞)無照明",40,"直路","一般車道(未劃分快慢車道)","柏油","濕潤","良好","無號誌","雙向禁止超車線","未繪設快慢車道分隔線","有",87,"非汽(機)車駕駛人",120.4337,24.057135,"彰化縣","福興鄉"
"側撞","2018",8,20,19,"雨","夜間(或隧道、地下道、涵洞)無照明",40,"直路","一般車道(未劃分快慢車道)","柏油","濕潤","良好","無號誌","雙向禁止超車線","未繪設快慢車道分隔線","有",45,"未使用",120.4337,24.057135,"彰化縣","福興鄉"
"側撞","2018",8,21,2,"晴","夜間(或隧道、地下道、涵洞)有照明",50,"四岔路","交叉路口內","柏油","乾燥","良好","正常","無","未繪設快慢車道分隔線","無",21,"未使用",121.7311,25.109097,"基隆市","暖暖區"
"側撞","2018",8,21,2,"晴","夜間(或隧道、地下道、涵洞)有照明",50,"四岔路","交叉路口內","柏油","乾燥","良好","正常","無","未繪設快慢車道分隔線","無",32,"未使用",121.7311,25.109097,"基隆市","暖暖區"
"側撞","2018",8,21,21,"晴","日間自然光線",50,"四岔路","交叉路口內","柏油","乾燥","良好","正常","無","未繪設快慢車道分隔線","無",54,"不明",121.344957,24.998428,"桃園市","龜山區"
"側撞","2018",8,21,21,"晴","日間自然光線",50,"四岔路","交叉路口內","柏油","乾燥","良好","正常","無","未繪設快慢車道分隔線","無",29,"不明",121.344957,24.998428,"桃園市","龜山區"
"側撞","2018",8,21,21,"晴","日間自然光線",50,"四岔路","交叉路口內","柏油","乾燥","良好","正常","無","未繪設快慢車道分隔線","無",20,"未使用",121.344957,24.998428,"桃園市","龜山區"
"側撞","2018",8,21,21,"晴","日間自然光線",50,"四岔路","交叉路口內","柏油","乾燥","良好","正常","無","未繪設快慢車道分隔線","無",48,"未使用",121.344957,24.998428,"桃園市","龜山區"
"撞護欄(樁)","2018",8,23,3,"雨","夜間(或隧道、地下道、涵洞)有照明",40,"其他","環道匝道","柏油","濕潤","良好","無號誌","無","未繪設快慢車道分隔線","有",44,"不明",120.987817,24.75618,"新竹縣","寶山鄉"
"撞護欄(樁)","2018",8,23,6,"晴","日間自然光線",30,"直路","機車優先道","柏油","乾燥","良好","無號誌","行車分向線","快慢車道分隔線","無",18,"不明",121.377314,23.541856,"花蓮縣","瑞穗鄉"
"倒車撞","2018",8,23,12,"晴","日間自然光線",100,"高架道路","快車道","柏油","乾燥","良好","無號誌","無","未繪設快慢車道分隔線","有",74,"不明",121.216875,24.97019,"桃園市","中壢區"
"倒車撞","2018",8,23,12,"晴","日間自然光線",100,"高架道路","快車道","柏油","乾燥","良好","無號誌","無","未繪設快慢車道分隔線","有",58,"未使用",121.216875,24.97019,"桃園市","中壢區"
"其他","2018",8,24,1,"晴","夜間(或隧道、地下道、涵洞)有照明",50,"直路","一般車道(未劃分快慢車道)","柏油","乾燥","良好","無號誌","中央分向島","未繪設快慢車道分隔線","有",41,"不明",121.498342,25.076035,"新北市","三重區"
"其他","2018",8,24,1,"晴","夜間(或隧道、地下道、涵洞)有照明",50,"直路","一般車道(未劃分快慢車道)","柏油","乾燥","良好","無號誌","中央分向島","未繪設快慢車道分隔線","有",43,"不明",121.498342,25.076035,"新北市","三重區"
"其他","2018",8,24,1,"晴","夜間(或隧道、地下道、涵洞)有照明",50,"直路","一般車道(未劃分快慢車道)","柏油","乾燥","良好","無號誌","中央分向島","未繪設快慢車道分隔線","有",24,"未使用",121.498342,25.076035,"新北市","三重區"
"其他","2018",8,24,1,"晴","夜間(或隧道、地下道、涵洞)有照明",50,"直路","一般車道(未劃分快慢車道)","柏油","乾燥","良好","無號誌","中央分向島","未繪設快慢車道分隔線","有",32,"非汽(機)車駕駛人",121.498342,25.076035,"新北市","三重區"
"其他","2018",8,24,1,"晴","夜間(或隧道、地下道、涵洞)有照明",50,"直路","一般車道(未劃分快慢車道)","柏油","乾燥","良好","無號誌","中央分向島","未繪設快慢車道分隔線","有",45,"未使用",121.498342,25.076035,"新北市","三重區"
"其他","2018",8,24,1,"晴","夜間(或隧道、地下道、涵洞)有照明",50,"直路","一般車道(未劃分快慢車道)","柏油","乾燥","良好","無號誌","中央分向島","未繪設快慢車道分隔線","有",45,"未使用",121.498342,25.076035,"新北市","三重區"
"追撞","2018",8,24,2,"雨","夜間(或隧道、地下道、涵洞)無照明",100,"直路","快車道","柏油","濕潤","良好","無號誌","中央分向島","未繪設快慢車道分隔線","有",45,"不明",121.28301,24.995531,"桃園市","桃園區"
"追撞","2018",8,24,2,"雨","夜間(或隧道、地下道、涵洞)無照明",100,"直路","快車道","柏油","濕潤","良好","無號誌","中央分向島","未繪設快慢車道分隔線","有",30,"未使用",121.28301,24.995531,"桃園市","桃園區"
"追撞","2018",8,24,2,"雨","夜間(或隧道、地下道、涵洞)無照明",100,"直路","快車道","柏油","濕潤","良好","無號誌","中央分向島","未繪設快慢車道分隔線","有",52,"不明",121.28301,24.995531,"桃園市","桃園區"
"追撞","2018",8,24,2,"雨","夜間(或隧道、地下道、涵洞)無照明",100,"直路","快車道","柏油","濕潤","良好","無號誌","中央分向島","未繪設快慢車道分隔線","有",52,"非汽(機)車駕駛人",121.28301,24.995531,"桃園市","桃園區"
"追撞","2018",8,24,2,"雨","夜間(或隧道、地下道、涵洞)無照明",100,"直路","快車道","柏油","濕潤","良好","無號誌","中央分向島","未繪設快慢車道分隔線","有",30,"非汽(機)車駕駛人",121.28301,24.995531,"桃園市","桃園區"
"追撞","2018",8,24,2,"雨","夜間(或隧道、地下道、涵洞)無照明",100,"直路","快車道","柏油","濕潤","良好","無號誌","中央分向島","未繪設快慢車道分隔線","有",68,"不明",121.28301,24.995531,"桃園市","桃園區"
"穿越道路中","2018",8,24,13,"陰","日間自然光線",50,"四岔路","交叉路口內","柏油","乾燥","良好","正常","無","未繪設快慢車道分隔線","無",26,"不明",121.463639,24.997142,"新北市","板橋區"
"穿越道路中","2018",8,24,13,"陰","日間自然光線",50,"四岔路","交叉路口內","柏油","乾燥","良好","正常","無","未繪設快慢車道分隔線","無",73,"非汽(機)車駕駛人",121.463639,24.997142,"新北市","板橋區"
"側撞","2018",8,24,14,"晴","日間自然光線",50,"直路","一般車道(未劃分快慢車道)","柏油","乾燥","良好","無號誌","雙向禁止超車線","未繪設快慢車道分隔線","有",40,"不明",120.856634,24.577418,"苗栗縣","頭屋鄉"