"事故類型及型態子類別名稱","發生年度","發生月份","發生日期","發生時間","天候名稱","光線名稱","速限.第1當事者","道路型態子類別名稱","事故位置子類別名稱","路面狀況.路面鋪裝名稱","路面狀況.路面狀態名稱","道路障礙.視距品質名稱","號誌.號誌動作名稱","車道劃分設施.分向設施大類別名稱","車道劃分設施.分道設施.快慢車道間名稱","車道劃分設施.分道設施.路面邊線名稱","當事者事故發生時年齡","行動電話或電腦或其他相類功能裝置名稱","經度","緯度","縣市","鄉鎮"
"側撞","2018",8,24,14,"晴","日間自然光線",50,"直路","一般車道(未劃分快慢車道)","柏油","乾燥","良好","無號誌","雙向禁止超車線","未繪設快慢車道分隔線","有",50,"不明",120.856634,24.577418,"苗栗縣","頭屋鄉"
"其他","2018",8,24,14,"雨","日間自然光線",50,"直路","快車道","柏油","濕潤","良好","正常","行車分向線","未繪設快慢車道分隔線","有",82,"非汽(機)車駕駛人",121.537244,25.063759,"臺北市","中山區"
"其他","2018",8,24,14,"雨","日間自然光線",50,"直路","快車道","柏油","濕潤","良好","正常","行車分向線","未繪設快慢車道分隔線","有",39,"未使用",121.537244,25.063759,"臺北市","中山區"
"側撞","2018",8,24,15,"雨","日間自然光線",50,"直路","一般車道(未劃分快慢車道)","柏油","濕潤","良好","無號誌","雙向禁止超車線","未繪設快慢車道分隔線","有",49,"不明",120.4801,22.88697,"高雄市","旗山區"
"側撞","2018",8,24,15,"雨","日間自然光線",50,"直路","一般車道(未劃分快慢車道)","柏油","濕潤","良好","無號誌","雙向禁止超車線","未繪設快慢車道分隔線","有",69,"非汽(機)車駕駛人",120.4801,22.88697,"高雄市","旗山區"
"側撞","2018",8,24,15,"雨","日間自然光線",50,"直路","一般車道(未劃分快慢車道)","柏油","濕潤","良好","無號誌","雙向禁止超車線","未繪設快慢車道分隔線","有",41,"未使用",120.4801,22.88697,"高雄市","旗山區"
"撞護欄(樁)","2018",8,24,21,"晴","夜間(或隧道、地下道、涵洞)無照明",60,"彎曲路及附近","一般車道(未劃分快慢車道)","柏油","乾燥","不良","無號誌","雙向禁止超車線","未繪設快慢車道分隔線","有",43,"不明",121.833512,25.126336,"新北市","瑞芳區"
"穿越道路中","2018",8,24,22,"雨","夜間(或隧道、地下道、涵洞)有照明",60,"四岔路","交叉口附近","柏油","濕潤","良好","正常","中央分向島","快慢車道分隔線","有",21,"未使用",120.213408,23.051929,"臺南市","南區"
"穿越道路中","2018",8,24,22,"雨","夜間(或隧道、地下道、涵洞)有照明",60,"四岔路","交叉口附近","柏油","濕潤","良好","正常","中央分向島","快慢車道分隔線","有",57,"非汽(機)車駕駛人",120.213408,23.051929,"臺南市","南區"
"其他","2018",8,26,9,"晴","日間自然光線",50,"四岔路","交叉路口內","柏油","乾燥","良好","正常","中央分向島","快慢車道分隔線","無",88,"非汽(機)車駕駛人",121.528917,25.105662,"臺北市","士林區"
"其他","2018",8,26,9,"晴","日間自然光線",50,"四岔路","交叉路口內","柏油","乾燥","良好","正常","中央分向島","快慢車道分隔線","無",50,"未使用",121.528917,25.105662,"臺北市","士林區"
"路口交岔撞","2018",8,26,12,"晴","日間自然光線",50,"四岔路","交叉路口內","柏油","乾燥","良好","正常","雙向禁止超車線","未繪設快慢車道分隔線","有",66,"未使用",121.837383,24.620274,"宜蘭縣","蘇澳鎮"
"路口交岔撞","2018",8,26,12,"晴","日間自然光線",50,"四岔路","交叉路口內","柏油","乾燥","良好","正常","雙向禁止超車線","未繪設快慢車道分隔線","有",45,"未使用",121.837383,24.620274,"宜蘭縣","蘇澳鎮"
"撞路樹、電桿","2018",8,27,4,"雨","夜間(或隧道、地下道、涵洞)有照明",50,"直路","一般車道(未劃分快慢車道)","柏油","濕潤","良好","無號誌","雙向禁止超車線","未繪設快慢車道分隔線","有",22,"未使用",120.546129,22.493924,"屏東縣","新埤鄉"
"撞路樹、電桿","2018",8,27,4,"雨","夜間(或隧道、地下道、涵洞)有照明",50,"直路","一般車道(未劃分快慢車道)","柏油","濕潤","良好","無號誌","雙向禁止超車線","未繪設快慢車道分隔線","有",20,"未使用",120.546129,22.493924,"屏東縣","新埤鄉"
"撞路樹、電桿","2018",8,27,4,"雨","夜間(或隧道、地下道、涵洞)有照明",50,"直路","一般車道(未劃分快慢車道)","柏油","濕潤","良好","無號誌","雙向禁止超車線","未繪設快慢車道分隔線","有",20,"非汽(機)車駕駛人",120.546129,22.493924,"屏東縣","新埤鄉"
"撞路樹、電桿","2018",8,27,4,"雨","夜間(或隧道、地下道、涵洞)有照明",50,"直路","一般車道(未劃分快慢車道)","柏油","濕潤","良好","無號誌","雙向禁止超車線","未繪設快慢車道分隔線","有",20,"非汽(機)車駕駛人",120.546129,22.493924,"屏東縣","新埤鄉"
"側撞","2018",8,27,7,"雨","日間自然光線",60,"直路","一般車道(未劃分快慢車道)","柏油","濕潤","良好","無號誌","雙向禁止超車線","未繪設快慢車道分隔線","有",35,"不明",120.513037,23.507619,"嘉義縣","竹崎鄉"
"側撞","2018",8,27,7,"雨","日間自然光線",60,"直路","一般車道(未劃分快慢車道)","柏油","濕潤","良好","無號誌","雙向禁止超車線","未繪設快慢車道分隔線","有",39,"不明",120.513037,23.507619,"嘉義縣","竹崎鄉"
"同向擦撞","2018",8,27,8,"陰","日間自然光線",50,"直路","一般車道(未劃分快慢車道)","柏油","乾燥","良好","無號誌","行車分向線","未繪設快慢車道分隔線","有",36,"不明",121.252443,24.982716,"桃園市","中壢區"
"同向擦撞","2018",8,27,8,"陰","日間自然光線",50,"直路","一般車道(未劃分快慢車道)","柏油","乾燥","良好","無號誌","行車分向線","未繪設快慢車道分隔線","有",40,"未使用",121.252443,24.982716,"桃園市","中壢區"
"同向擦撞","2018",8,27,8,"陰","日間自然光線",50,"直路","一般車道(未劃分快慢車道)","柏油","乾燥","良好","無號誌","行車分向線","未繪設快慢車道分隔線","有",27,"未使用",121.252443,24.982716,"桃園市","中壢區"
"同向通行中","2018",8,27,18,"雨","夜間(或隧道、地下道、涵洞)有照明",50,"直路","一般車道(未劃分快慢車道)","柏油","濕潤","良好","無號誌","行車分向線","未繪設快慢車道分隔線","有",26,"未使用",121.251797,24.908361,"桃園市","平鎮區"
"同向通行中","2018",8,27,18,"雨","夜間(或隧道、地下道、涵洞)有照明",50,"直路","一般車道(未劃分快慢車道)","柏油","濕潤","良好","無號誌","行車分向線","未繪設快慢車道分隔線","有",33,"未使用",121.251797,24.908361,"桃園市","平鎮區"
"同向通行中","2018",8,27,18,"雨","夜間(或隧道、地下道、涵洞)有照明",50,"直路","一般車道(未劃分快慢車道)","柏油","濕潤","良好","無號誌","行車分向線","未繪設快慢車道分隔線","有",85,"非汽(機)車駕駛人",121.251797,24.908361,"桃園市","平鎮區"
"追撞","2018",8,27,21,"雨","夜間(或隧道、地下道、涵洞)有照明",90,"直路","快車道","柏油","濕潤","良好","無號誌","中央分向島","未繪設快慢車道分隔線","有",50,"未使用",120.248424,22.97853,"臺南市","東區"
"追撞","2018",8,27,21,"雨","夜間(或隧道、地下道、涵洞)有照明",90,"直路","快車道","柏油","濕潤","良好","無號誌","中央分向島","未繪設快慢車道分隔線","有",37,"未使用",120.248424,22.97853,"臺南市","東區"
"追撞","2018",8,27,21,"雨","夜間(或隧道、地下道、涵洞)有照明",90,"直路","快車道","柏油","濕潤","良好","無號誌","中央分向島","未繪設快慢車道分隔線","有",3,"非汽(機)車駕駛人",120.248424,22.97853,"臺南市","東區"
"追撞","2018",8,27,21,"雨","夜間(或隧道、地下道、涵洞)有照明",90,"直路","快車道","柏油","濕潤","良好","無號誌","中央分向島","未繪設快慢車道分隔線","有",44,"非汽(機)車駕駛人",120.248424,22.97853,"臺南市","東區"
"追撞","2018",8,27,21,"雨","夜間(或隧道、地下道、涵洞)有照明",90,"直路","快車道","柏油","濕潤","良好","無號誌","中央分向島","未繪設快慢車道分隔線","有",55,"未使用",120.248424,22.97853,"臺南市","東區"
"撞交通島","2018",8,28,4,"晴","夜間(或隧道、地下道、涵洞)有照明",40,"彎曲路及附近","一般車道(未劃分快慢車道)","柏油","乾燥","良好","無號誌","中央分向島","快慢車道分隔線","有",25,"未使用",121.823662,24.836993,"宜蘭縣","頭城鎮"
"其他","2018",8,28,8,"晴","日間自然光線",50,"多岔路","交叉路口內","柏油","乾燥","良好","正常","無","未繪設快慢車道分隔線","無",47,"未使用",121.352101,24.95554,"新北市","鶯歌區"
"其他","2018",8,28,8,"晴","日間自然光線",50,"多岔路","交叉路口內","柏油","乾燥","良好","正常","無","未繪設快慢車道分隔線","無",61,"未使用",121.352101,24.95554,"新北市","鶯歌區"
"追撞","2018",8,28,23,"晴","夜間(或隧道、地下道、涵洞)有照明",50,"直路","一般車道(未劃分快慢車道)","柏油","乾燥","良好","無號誌","雙向禁止超車線","未繪設快慢車道分隔線","有",25,"未使用",121.454638,25.078158,"新北市","五股區"
"追撞","2018",8,28,23,"晴","夜間(或隧道、地下道、涵洞)有照明",50,"直路","一般車道(未劃分快慢車道)","柏油","乾燥","良好","無號誌","雙向禁止超車線","未繪設快慢車道分隔線","有",43,"未使用",121.454638,25.078158,"新北市","五股區"
"其他","2018",8,29,4,"雨","夜間(或隧道、地下道、涵洞)有照明",50,"直路","路肩、路緣","柏油","濕潤","良好","無號誌","行車分向線","快慢車道分隔線","有",37,"未使用",120.704973,24.157845,"臺中市","太平區"
"其他","2018",8,29,4,"雨","夜間(或隧道、地下道、涵洞)有照明",50,"直路","路肩、路緣","柏油","濕潤","良好","無號誌","行車分向線","快慢車道分隔線","有",38,"未使用",120.704973,24.157845,"臺中市","太平區"
"撞路樹、電桿","2018",8,30,3,"陰","夜間(或隧道、地下道、涵洞)無照明",40,"直路","一般車道(未劃分快慢車道)","柏油","濕潤","良好","無號誌","無","未繪設快慢車道分隔線","無",46,"不明",120.381102,23.420832,"嘉義縣","水上鄉"
"其他","2018",8,30,7,"晴","日間自然光線",50,"三岔路","交叉路口內","柏油","乾燥","良好","無號誌","中央分向島","寛式快慢車道分隔島(50公分以上)","無",48,"未使用",121.527608,25.096509,"臺北市","士林區"
"其他","2018",8,30,7,"晴","日間自然光線",50,"三岔路","交叉路口內","柏油","乾燥","良好","無號誌","中央分向島","寛式快慢車道分隔島(50公分以上)","無",85,"非汽(機)車駕駛人",121.527608,25.096509,"臺北市","士林區"
"路口交岔撞","2018",8,30,8,"晴","日間自然光線",50,"四岔路","交叉路口內","柏油","乾燥","良好","無號誌","無","未繪設快慢車道分隔線","無",30,"未使用",121.680013,24.673587,"宜蘭縣","三星鄉"
"路口交岔撞","2018",8,30,8,"晴","日間自然光線",50,"四岔路","交叉路口內","柏油","乾燥","良好","無號誌","無","未繪設快慢車道分隔線","無",59,"未使用",121.680013,24.673587,"宜蘭縣","三星鄉"
"路口交岔撞","2018",8,30,8,"晴","日間自然光線",50,"四岔路","交叉路口內","柏油","乾燥","良好","無號誌","無","未繪設快慢車道分隔線","無",53,"非汽(機)車駕駛人",121.680013,24.673587,"宜蘭縣","三星鄉"
"對向擦撞","2018",8,30,8,"晴","日間自然光線",60,"三岔路","交叉路口內","柏油","乾燥","良好","無號誌","無","未繪設快慢車道分隔線","無",84,"未使用",120.419404,23.775359,"雲林縣","二崙鄉"
"對向擦撞","2018",8,30,8,"晴","日間自然光線",60,"三岔路","交叉路口內","柏油","乾燥","良好","無號誌","無","未繪設快慢車道分隔線","無",68,"未使用",120.419404,23.775359,"雲林縣","二崙鄉"
"同向擦撞","2018",8,30,9,"晴","日間自然光線",40,"直路","一般車道(未劃分快慢車道)","水泥","乾燥","良好","無號誌","雙向禁止超車線","未繪設快慢車道分隔線","有",67,"未使用",121.78733,24.632776,"宜蘭縣","冬山鄉"
"同向擦撞","2018",8,30,9,"晴","日間自然光線",40,"直路","一般車道(未劃分快慢車道)","水泥","乾燥","良好","無號誌","雙向禁止超車線","未繪設快慢車道分隔線","有",50,"未使用",121.78733,24.632776,"宜蘭縣","冬山鄉"
"側撞","2018",8,30,14,"陰","日間自然光線",50,"直路","快車道","柏油","乾燥","良好","無號誌","雙向禁止超車線","快慢車道分隔線","有",87,"未使用",120.527816,23.439348,"嘉義縣","中埔鄉"
"側撞","2018",8,30,14,"陰","日間自然光線",50,"直路","快車道","柏油","乾燥","良好","無號誌","雙向禁止超車線","快慢車道分隔線","有",31,"未使用",120.527816,23.439348,"嘉義縣","中埔鄉"
"其他","2018",8,31,0,"陰","夜間(或隧道、地下道、涵洞)有照明",60,"直路","一般車道(未劃分快慢車道)","柏油","乾燥","良好","無號誌","中央分向島","未繪設快慢車道分隔線","有",20,"未使用",120.495214,24.108412,"彰化縣","和美鎮"
"其他","2018",8,31,0,"陰","夜間(或隧道、地下道、涵洞)有照明",60,"直路","一般車道(未劃分快慢車道)","柏油","乾燥","良好","無號誌","中央分向島","未繪設快慢車道分隔線","有",31,"非汽(機)車駕駛人",120.495214,24.108412,"彰化縣","和美鎮"
"撞路樹、電桿","2018",8,31,2,"晴","夜間(或隧道、地下道、涵洞)有照明",50,"直路","一般車道(未劃分快慢車道)","柏油","乾燥","良好","無號誌","雙向禁止超車線","未繪設快慢車道分隔線","無",28,"不明",121.01172,24.785621,"新竹市","東區"
"路口交岔撞","2018",8,31,7,"陰","日間自然光線",50,"四岔路","交叉路口內","柏油","乾燥","良好","無號誌","無","未繪設快慢車道分隔線","無",84,"未使用",121.627572,23.994549,"花蓮縣","花蓮市"
"路口交岔撞","2018",8,31,7,"陰","日間自然光線",50,"四岔路","交叉路口內","柏油","乾燥","良好","無號誌","無","未繪設快慢車道分隔線","無",48,"未使用",121.627572,23.994549,"花蓮縣","花蓮市"
"同向擦撞","2018",8,31,9,"陰","日間自然光線",60,"直路","一般車道(未劃分快慢車道)","柏油","乾燥","不良","無號誌","雙向禁止超車線","未繪設快慢車道分隔線","有",87,"未使用",120.453656,23.11088,"臺南市","玉井區"
"同向擦撞","2018",8,31,9,"陰","日間自然光線",60,"直路","一般車道(未劃分快慢車道)","柏油","乾燥","不良","無號誌","雙向禁止超車線","未繪設快慢車道分隔線","有",62,"未使用",120.453656,23.11088,"臺南市","玉井區"
"撞路樹、電桿","2018",8,31,20,"陰","夜間(或隧道、地下道、涵洞)有照明",60,"彎曲路及附近","一般車道(未劃分快慢車道)","柏油","乾燥","良好","無號誌","雙向禁止超車線","未繪設快慢車道分隔線","有",22,"未使用",121.012045,24.691693,"新竹縣","峨眉鄉"
"撞路樹、電桿","2018",8,31,20,"陰","夜間(或隧道、地下道、涵洞)有照明",60,"彎曲路及附近","一般車道(未劃分快慢車道)","柏油","乾燥","良好","無號誌","雙向禁止超車線","未繪設快慢車道分隔線","有",22,"非汽(機)車駕駛人",121.012045,24.691693,"新竹縣","峨眉鄉"
"撞路樹、電桿","2018",8,31,22,"晴","夜間(或隧道、地下道、涵洞)有照明",50,"彎曲路及附近","一般車道(未劃分快慢車道)","柏油","乾燥","良好","無號誌","雙向禁止超車線","未繪設快慢車道分隔線","無",18,"不明",120.195723,23.654024,"雲林縣","四湖鄉"
"撞路樹、電桿","2018",8,31,22,"晴","夜間(或隧道、地下道、涵洞)有照明",50,"彎曲路及附近","一般車道(未劃分快慢車道)","柏油","乾燥","良好","無號誌","雙向禁止超車線","未繪設快慢車道分隔線","無",18,"不明",120.195723,23.654024,"雲林縣","四湖鄉"
"撞路樹、電桿","2018",8,31,22,"晴","夜間(或隧道、地下道、涵洞)有照明",50,"彎曲路及附近","一般車道(未劃分快慢車道)","柏油","乾燥","良好","無號誌","雙向禁止超車線","未繪設快慢車道分隔線","無",18,"不明",120.195723,23.654024,"雲林縣","四湖鄉"
"路上翻車、摔倒","2018",9,1,0,"晴","夜間(或隧道、地下道、涵洞)有照明",40,"直路","一般車道(未劃分快慢車道)","柏油","乾燥","良好","無號誌","無","未繪設快慢車道分隔線","無",11,"未使用",121.859438,25.035604,"新北市","雙溪區"
"路上翻車、摔倒","2018",9,1,0,"晴","夜間(或隧道、地下道、涵洞)有照明",40,"直路","一般車道(未劃分快慢車道)","柏油","乾燥","良好","無號誌","無","未繪設快慢車道分隔線","無",12,"非汽(機)車駕駛人",121.859438,25.035604,"新北市","雙溪區"
"穿越道路中","2018",9,1,5,"晴","晨或暮光",50,"直路","一般車道(未劃分快慢車道)","柏油","乾燥","良好","無號誌","無","未繪設快慢車道分隔線","無",72,"非汽(機)車駕駛人",120.325478,22.627188,"高雄市","苓雅區"
"穿越道路中","2018",9,1,5,"晴","晨或暮光",50,"直路","一般車道(未劃分快慢車道)","柏油","乾燥","良好","無號誌","無","未繪設快慢車道分隔線","無",51,"未使用",120.325478,22.627188,"高雄市","苓雅區"
"追撞","2018",9,1,7,"晴","日間自然光線",60,"直路","快車道","柏油","乾燥","良好","無號誌","單向禁止超車線","未繪設快慢車道分隔線","有",63,"未使用",120.363737,23.087135,"臺南市","山上區"
"追撞","2018",9,1,7,"晴","日間自然光線",60,"直路","快車道","柏油","乾燥","良好","無號誌","單向禁止超車線","未繪設快慢車道分隔線","有",38,"未使用",120.363737,23.087135,"臺南市","山上區"
"穿越道路中","2018",9,1,18,"陰","夜間(或隧道、地下道、涵洞)有照明",50,"三岔路","交叉路口內","柏油","濕潤","良好","無號誌","無","未繪設快慢車道分隔線","無",41,"未使用",121.151819,22.755249,"臺東縣","臺東市"
"穿越道路中","2018",9,1,18,"陰","夜間(或隧道、地下道、涵洞)有照明",50,"三岔路","交叉路口內","柏油","濕潤","良好","無號誌","無","未繪設快慢車道分隔線","無",75,"未使用",121.151819,22.755249,"臺東縣","臺東市"
"追撞","2018",9,2,5,"晴","晨或暮光",50,"直路","一般車道(未劃分快慢車道)","柏油","乾燥","良好","無號誌","中央分向島","未繪設快慢車道分隔線","有",33,"未使用",121.236497,24.949055,"桃園市","中壢區"
"追撞","2018",9,2,5,"晴","晨或暮光",50,"直路","一般車道(未劃分快慢車道)","柏油","乾燥","良好","無號誌","中央分向島","未繪設快慢車道分隔線","有",67,"未使用",121.236497,24.949055,"桃園市","中壢區"
"追撞","2018",9,2,5,"晴","晨或暮光",50,"直路","一般車道(未劃分快慢車道)","柏油","乾燥","良好","無號誌","中央分向島","未繪設快慢車道分隔線","有",33,"未使用",121.236497,24.949055,"桃園市","中壢區"
"路口交岔撞","2018",9,2,7,"晴","日間自然光線",70,"四岔路","交叉路口內","柏油","乾燥","良好","正常","行車分向線","快慢車道分隔線","有",25,"不明",120.495567,23.855843,"彰化縣","溪州鄉"
"路口交岔撞","2018",9,2,7,"晴","日間自然光線",70,"四岔路","交叉路口內","柏油","乾燥","良好","正常","行車分向線","快慢車道分隔線","有",26,"不明",120.495567,23.855843,"彰化縣","溪州鄉"
"其他","2018",9,2,10,"晴","日間自然光線",60,"其他","其他","柏油","乾燥","良好","正常","中央分向島","快慢車道分隔線","有",45,"未使用",120.998706,24.857502,"新竹縣","竹北市"
"其他","2018",9,2,10,"晴","日間自然光線",60,"其他","其他","柏油","乾燥","良好","正常","中央分向島","快慢車道分隔線","有",74,"未使用",120.998706,24.857502,"新竹縣","竹北市"
"側撞","2018",9,2,15,"晴","日間自然光線",50,"直路","一般車道(未劃分快慢車道)","柏油","乾燥","良好","無號誌","中央分向島","未繪設快慢車道分隔線","有",29,"未使用",120.364923,22.963409,"臺南市","龍崎區"
"側撞","2018",9,2,15,"晴","日間自然光線",50,"直路","一般車道(未劃分快慢車道)","柏油","乾燥","良好","無號誌","中央分向島","未繪設快慢車道分隔線","有",25,"未使用",120.364923,22.963409,"臺南市","龍崎區"
"路上翻車、摔倒","2018",9,4,3,"晴","夜間(或隧道、地下道、涵洞)有照明",50,"彎曲路及附近","一般車道(未劃分快慢車道)","柏油","乾燥","良好","無號誌","行車分向線","未繪設快慢車道分隔線","無",16,"不明",120.948531,24.801645,"新竹市","北區"
"路上翻車、摔倒","2018",9,4,3,"晴","夜間(或隧道、地下道、涵洞)有照明",50,"彎曲路及附近","一般車道(未劃分快慢車道)","柏油","乾燥","良好","無號誌","行車分向線","未繪設快慢車道分隔線","無",11,"不明",120.948531,24.801645,"新竹市","北區"
"其他","2018",9,4,9,"晴","日間自然光線",50,"直路","快車道","柏油","乾燥","良好","無號誌","無","快慢車道分隔線","無",53,"非汽(機)車駕駛人",121.520164,25.089426,"臺北市","士林區"
"其他","2018",9,4,9,"晴","日間自然光線",50,"直路","快車道","柏油","乾燥","良好","無號誌","無","快慢車道分隔線","無",18,"未使用",121.520164,25.089426,"臺北市","士林區"
"路上翻車、摔倒","2018",9,4,17,"晴","日間自然光線",50,"直路","路肩、路緣","柏油","乾燥","良好","無號誌","行車分向線","未繪設快慢車道分隔線","有",73,"不明",120.476255,22.641122,"屏東縣","屏東市"
"其他","2018",9,4,19,"晴","夜間(或隧道、地下道、涵洞)有照明",50,"三岔路","交叉路口內","柏油","乾燥","良好","正常","無","未繪設快慢車道分隔線","無",107,"",120.342781,22.583156,"高雄市","小港區"
"其他","2018",9,4,19,"晴","夜間(或隧道、地下道、涵洞)有照明",50,"三岔路","交叉路口內","柏油","乾燥","良好","正常","無","未繪設快慢車道分隔線","無",46,"未使用",120.342781,22.583156,"高雄市","小港區"
"穿越道路中","2018",9,4,23,"雨","夜間(或隧道、地下道、涵洞)有照明",50,"直路","一般車道(未劃分快慢車道)","柏油","濕潤","良好","無號誌","雙向禁止超車線","未繪設快慢車道分隔線","無",65,"不明",121.303884,24.998148,"桃園市","桃園區"
"穿越道路中","2018",9,4,23,"雨","夜間(或隧道、地下道、涵洞)有照明",50,"直路","一般車道(未劃分快慢車道)","柏油","濕潤","良好","無號誌","雙向禁止超車線","未繪設快慢車道分隔線","無",1,"非汽(機)車駕駛人",121.303884,24.998148,"桃園市","桃園區"
"追撞","2018",9,5,3,"晴","夜間(或隧道、地下道、涵洞)有照明",100,"直路","快車道","柏油","乾燥","良好","無號誌","中央分向島","未繪設快慢車道分隔線","有",30,"不明",121.668533,25.081816,"新北市","汐止區"
"追撞","2018",9,5,3,"晴","夜間(或隧道、地下道、涵洞)有照明",100,"直路","快車道","柏油","乾燥","良好","無號誌","中央分向島","未繪設快慢車道分隔線","有",43,"未使用",121.668533,25.081816,"新北市","汐止區"
"側撞","2018",9,5,6,"晴","日間自然光線",50,"四岔路","交叉路口內","柏油","濕潤","良好","正常","無","未繪設快慢車道分隔線","無",36,"未使用",120.382244,22.629355,"高雄市","鳳山區"
"側撞","2018",9,5,6,"晴","日間自然光線",50,"四岔路","交叉路口內","柏油","濕潤","良好","正常","無","未繪設快慢車道分隔線","無",3,"非汽(機)車駕駛人",120.382244,22.629355,"高雄市","鳳山區"
"側撞","2018",9,5,6,"晴","日間自然光線",50,"四岔路","交叉路口內","柏油","濕潤","良好","正常","無","未繪設快慢車道分隔線","無",25,"未使用",120.382244,22.629355,"高雄市","鳳山區"
"側撞","2018",9,5,7,"晴","日間自然光線",50,"四岔路","交叉路口內","柏油","乾燥","良好","無號誌","無","未繪設快慢車道分隔線","無",36,"不明",120.382988,23.953406,"彰化縣","大城鄉"
"側撞","2018",9,5,7,"晴","日間自然光線",50,"四岔路","交叉路口內","柏油","乾燥","良好","無號誌","無","未繪設快慢車道分隔線","無",61,"未使用",120.382988,23.953406,"彰化縣","大城鄉"
"側撞","2018",9,5,7,"晴","日間自然光線",50,"四岔路","交叉路口內","柏油","乾燥","良好","無號誌","無","未繪設快慢車道分隔線","無",62,"未使用",120.382988,23.953406,"彰化縣","大城鄉"
"側撞","2018",9,5,7,"晴","日間自然光線",50,"四岔路","交叉路口內","柏油","乾燥","良好","無號誌","無","未繪設快慢車道分隔線","無",87,"未使用",120.382988,23.953406,"彰化縣","大城鄉"
"側撞","2018",9,5,7,"晴","日間自然光線",50,"四岔路","交叉路口內","柏油","乾燥","良好","無號誌","無","未繪設快慢車道分隔線","無",89,"未使用",120.382988,23.953406,"彰化縣","大城鄉"
"側撞","2018",9,5,7,"晴","日間自然光線",50,"四岔路","交叉路口內","柏油","乾燥","良好","無號誌","無","未繪設快慢車道分隔線","無",32,"未使用",120.382988,23.953406,"彰化縣","大城鄉"
"側撞","2018",9,5,7,"晴","日間自然光線",50,"四岔路","交叉路口內","柏油","乾燥","良好","無號誌","無","未繪設快慢車道分隔線","無",4,"非汽(機)車駕駛人",120.382988,23.953406,"彰化縣","大城鄉"
"路口交岔撞","2018",9,5,8,"晴","日間自然光線",40,"四岔路","交叉路口內","柏油","乾燥","良好","無號誌","無","未繪設快慢車道分隔線","無",36,"未使用",120.526328,23.699157,"雲林縣","斗六市"
"路口交岔撞","2018",9,5,8,"晴","日間自然光線",40,"四岔路","交叉路口內","柏油","乾燥","良好","無號誌","無","未繪設快慢車道分隔線","無",68,"未使用",120.526328,23.699157,"雲林縣","斗六市"
"路口交岔撞","2018",9,5,10,"晴","日間自然光線",50,"四岔路","交叉路口內","柏油","乾燥","良好","無號誌","無","未繪設快慢車道分隔線","無",64,"未使用",120.647997,24.40195,"臺中市","大甲區"
"路口交岔撞","2018",9,5,10,"晴","日間自然光線",50,"四岔路","交叉路口內","柏油","乾燥","良好","無號誌","無","未繪設快慢車道分隔線","無",23,"未使用",120.647997,24.40195,"臺中市","大甲區"
"撞護欄(樁)","2018",9,5,12,"晴","日間自然光線",40,"直路","一般車道(未劃分快慢車道)","柏油","乾燥","良好","無號誌","無","未繪設快慢車道分隔線","有",66,"未使用",120.507758,22.704277,"屏東縣","屏東市"
"側撞","2018",9,5,15,"晴","日間自然光線",50,"四岔路","交叉路口內","柏油","乾燥","良好","正常","無","未繪設快慢車道分隔線","無",71,"未使用",120.349706,23.704433,"雲林縣","土庫鎮"
"側撞","2018",9,5,15,"晴","日間自然光線",50,"四岔路","交叉路口內","柏油","乾燥","良好","正常","無","未繪設快慢車道分隔線","無",69,"未使用",120.349706,23.704433,"雲林縣","土庫鎮"
"側撞","2018",9,5,15,"晴","日間自然光線",50,"四岔路","交叉路口內","柏油","乾燥","良好","正常","無","未繪設快慢車道分隔線","無",9,"非汽(機)車駕駛人",120.349706,23.704433,"雲林縣","土庫鎮"
"路口交岔撞","2018",9,5,15,"晴","日間自然光線",50,"四岔路","交叉路口內","柏油","乾燥","良好","無號誌","無","未繪設快慢車道分隔線","無",61,"未使用",121.166681,25.020962,"桃園市","中壢區"
"路口交岔撞","2018",9,5,15,"晴","日間自然光線",50,"四岔路","交叉路口內","柏油","乾燥","良好","無號誌","無","未繪設快慢車道分隔線","無",52,"未使用",121.166681,25.020962,"桃園市","中壢區"
"穿越道路中","2018",9,5,18,"晴","夜間(或隧道、地下道、涵洞)有照明",50,"四岔路","交叉路口內","柏油","乾燥","不良","正常","雙向禁止超車線","快慢車道分隔線","有",47,"未使用",121.092939,24.730208,"新竹縣","竹東鎮"
"穿越道路中","2018",9,5,18,"晴","夜間(或隧道、地下道、涵洞)有照明",50,"四岔路","交叉路口內","柏油","乾燥","不良","正常","雙向禁止超車線","快慢車道分隔線","有",44,"非汽(機)車駕駛人",121.092939,24.730208,"新竹縣","竹東鎮"
"撞路樹、電桿","2018",9,5,21,"晴","夜間(或隧道、地下道、涵洞)有照明",60,"直路","路肩、路緣","柏油","乾燥","良好","無號誌","中央分向島","快慢車道分隔線","有",23,"未使用",121.032344,24.881814,"新竹縣","湖口鄉"
"撞路樹、電桿","2018",9,6,0,"晴","夜間(或隧道、地下道、涵洞)有照明",50,"直路","路肩、路緣","柏油","乾燥","良好","無號誌","中央分向島","未繪設快慢車道分隔線","有",49,"未使用",120.18594,22.954654,"臺南市","南區"
"側撞","2018",9,6,7,"晴","日間自然光線",60,"三岔路","交叉口附近","柏油","乾燥","良好","無號誌","雙向禁止超車線","寛式快慢車道分隔島(50公分以上)","有",74,"未使用",121.300168,23.263389,"花蓮縣","富里鄉"
"側撞","2018",9,6,7,"晴","日間自然光線",60,"三岔路","交叉口附近","柏油","乾燥","良好","無號誌","雙向禁止超車線","寛式快慢車道分隔島(50公分以上)","有",50,"未使用",121.300168,23.263389,"花蓮縣","富里鄉"
"路口交岔撞","2018",9,6,9,"晴","日間自然光線",70,"多岔路","交叉路口內","柏油","乾燥","良好","正常","無","未繪設快慢車道分隔線","無",31,"未使用",120.548826,24.146976,"臺中市","大肚區"