"事故類型及型態子類別名稱","發生年度","發生月份","發生日期","發生時間","天候名稱","光線名稱","速限.第1當事者","道路型態子類別名稱","事故位置子類別名稱","路面狀況.路面鋪裝名稱","路面狀況.路面狀態名稱","道路障礙.視距品質名稱","號誌.號誌動作名稱","車道劃分設施.分向設施大類別名稱","車道劃分設施.分道設施.快慢車道間名稱","車道劃分設施.分道設施.路面邊線名稱","當事者事故發生時年齡","行動電話或電腦或其他相類功能裝置名稱","經度","緯度","縣市","鄉鎮"
"路口交岔撞","2018",9,6,9,"晴","日間自然光線",70,"多岔路","交叉路口內","柏油","乾燥","良好","正常","無","未繪設快慢車道分隔線","無",68,"未使用",120.548826,24.146976,"臺中市","大肚區"
"追撞","2018",9,6,9,"晴","日間自然光線",50,"直路","一般車道(未劃分快慢車道)","柏油","乾燥","良好","無號誌","中央分向島","未繪設快慢車道分隔線","有",70,"未使用",120.301745,23.48115,"嘉義縣","六腳鄉"
"追撞","2018",9,6,9,"晴","日間自然光線",50,"直路","一般車道(未劃分快慢車道)","柏油","乾燥","良好","無號誌","中央分向島","未繪設快慢車道分隔線","有",42,"未使用",120.301745,23.48115,"嘉義縣","六腳鄉"
"衝出路外","2018",9,6,11,"晴","日間自然光線",40,"直路","一般車道(未劃分快慢車道)","柏油","乾燥","良好","無號誌","雙向禁止超車線","未繪設快慢車道分隔線","有",71,"未使用",120.880236,24.124845,"臺中市","新社區"
"衝出路外","2018",9,6,11,"晴","日間自然光線",40,"直路","一般車道(未劃分快慢車道)","柏油","乾燥","良好","無號誌","雙向禁止超車線","未繪設快慢車道分隔線","有",74,"未使用",120.880236,24.124845,"臺中市","新社區"
"追撞","2018",9,6,12,"晴","日間自然光線",60,"直路","慢車道","柏油","乾燥","良好","無號誌","行車分向線","快慢車道分隔線","有",78,"未使用",120.541112,23.589972,"嘉義縣","梅山鄉"
"追撞","2018",9,6,12,"晴","日間自然光線",60,"直路","慢車道","柏油","乾燥","良好","無號誌","行車分向線","快慢車道分隔線","有",77,"非汽(機)車駕駛人",120.541112,23.589972,"嘉義縣","梅山鄉"
"追撞","2018",9,6,12,"晴","日間自然光線",60,"直路","慢車道","柏油","乾燥","良好","無號誌","行車分向線","快慢車道分隔線","有",58,"未使用",120.541112,23.589972,"嘉義縣","梅山鄉"
"其他","2018",9,6,14,"晴","日間自然光線",50,"四岔路","交叉口附近","柏油","乾燥","良好","無號誌","雙向禁止超車線","未繪設快慢車道分隔線","有",61,"未使用",121.60923,23.981447,"花蓮縣","花蓮市"
"其他","2018",9,6,14,"晴","日間自然光線",50,"四岔路","交叉口附近","柏油","乾燥","良好","無號誌","雙向禁止超車線","未繪設快慢車道分隔線","有",56,"未使用",121.60923,23.981447,"花蓮縣","花蓮市"
"其他","2018",9,6,14,"晴","日間自然光線",50,"四岔路","交叉口附近","柏油","乾燥","良好","無號誌","雙向禁止超車線","未繪設快慢車道分隔線","有",61,"未使用",121.60923,23.981447,"花蓮縣","花蓮市"
"側撞","2018",9,6,14,"陰","日間自然光線",50,"四岔路","交叉路口內","柏油","乾燥","良好","無號誌","無","未繪設快慢車道分隔線","無",21,"不明",120.172434,23.229495,"臺南市","學甲區"
"側撞","2018",9,6,14,"陰","日間自然光線",50,"四岔路","交叉路口內","柏油","乾燥","良好","無號誌","無","未繪設快慢車道分隔線","無",69,"不明",120.172434,23.229495,"臺南市","學甲區"
"穿越道路中","2018",9,6,18,"雨","夜間(或隧道、地下道、涵洞)有照明",50,"直路","一般車道(未劃分快慢車道)","柏油","濕潤","不良","無號誌","雙向禁止超車線","未繪設快慢車道分隔線","有",25,"未使用",120.4957,22.88161,"高雄市","旗山區"
"穿越道路中","2018",9,6,18,"雨","夜間(或隧道、地下道、涵洞)有照明",50,"直路","一般車道(未劃分快慢車道)","柏油","濕潤","不良","無號誌","雙向禁止超車線","未繪設快慢車道分隔線","有",56,"非汽(機)車駕駛人",120.4957,22.88161,"高雄市","旗山區"
"路上翻車、摔倒","2018",9,7,11,"晴","日間自然光線",40,"直路","一般車道(未劃分快慢車道)","柏油","乾燥","良好","無號誌","無","未繪設快慢車道分隔線","有",58,"非汽(機)車駕駛人",121.766071,24.768646,"宜蘭縣","宜蘭市"
"側撞","2018",9,7,12,"晴","日間自然光線",40,"三岔路","交叉路口內","柏油","乾燥","良好","無號誌","無","未繪設快慢車道分隔線","無",64,"不明",120.3655,22.5634,"高雄市","小港區"
"側撞","2018",9,7,12,"晴","日間自然光線",40,"三岔路","交叉路口內","柏油","乾燥","良好","無號誌","無","未繪設快慢車道分隔線","無",35,"未使用",120.3655,22.5634,"高雄市","小港區"
"側撞","2018",9,7,14,"晴","日間自然光線",50,"直路","一般車道(未劃分快慢車道)","柏油","乾燥","良好","無號誌","雙向禁止超車線","未繪設快慢車道分隔線","有",47,"不明",120.939901,24.682453,"苗栗縣","頭份市"
"側撞","2018",9,7,14,"晴","日間自然光線",50,"直路","一般車道(未劃分快慢車道)","柏油","乾燥","良好","無號誌","雙向禁止超車線","未繪設快慢車道分隔線","有",25,"不明",120.939901,24.682453,"苗栗縣","頭份市"
"撞路樹、電桿","2018",9,7,19,"雨","夜間(或隧道、地下道、涵洞)有照明",70,"三岔路","交叉口附近","柏油","濕潤","良好","正常","無","快慢車道分隔線","有",18,"未使用",120.441892,23.584512,"嘉義縣","民雄鄉"
"撞路樹、電桿","2018",9,7,19,"雨","夜間(或隧道、地下道、涵洞)有照明",70,"三岔路","交叉口附近","柏油","濕潤","良好","正常","無","快慢車道分隔線","有",16,"非汽(機)車駕駛人",120.441892,23.584512,"嘉義縣","民雄鄉"
"穿越道路中","2018",9,7,21,"晴","夜間(或隧道、地下道、涵洞)有照明",50,"直路","一般車道(未劃分快慢車道)","柏油","乾燥","良好","無號誌","雙向禁止超車線","未繪設快慢車道分隔線","有",34,"未使用",121.190407,24.905011,"桃園市","平鎮區"
"穿越道路中","2018",9,7,21,"晴","夜間(或隧道、地下道、涵洞)有照明",50,"直路","一般車道(未劃分快慢車道)","柏油","乾燥","良好","無號誌","雙向禁止超車線","未繪設快慢車道分隔線","有",26,"未使用",121.190407,24.905011,"桃園市","平鎮區"
"穿越道路中","2018",9,7,21,"晴","夜間(或隧道、地下道、涵洞)有照明",50,"直路","一般車道(未劃分快慢車道)","柏油","乾燥","良好","無號誌","雙向禁止超車線","未繪設快慢車道分隔線","有",53,"非汽(機)車駕駛人",121.190407,24.905011,"桃園市","平鎮區"
"穿越道路中","2018",9,7,21,"晴","夜間(或隧道、地下道、涵洞)有照明",50,"直路","一般車道(未劃分快慢車道)","柏油","乾燥","良好","無號誌","雙向禁止超車線","未繪設快慢車道分隔線","有",53,"非汽(機)車駕駛人",121.190407,24.905011,"桃園市","平鎮區"
"其他","2018",9,8,0,"晴","夜間(或隧道、地下道、涵洞)有照明",40,"直路","慢車道","柏油","乾燥","良好","無號誌","中央分向島","快慢車道分隔線","有",42,"不明",120.3,22.6,"高雄市","橋頭區"
"其他","2018",9,8,0,"晴","夜間(或隧道、地下道、涵洞)有照明",40,"直路","慢車道","柏油","乾燥","良好","無號誌","中央分向島","快慢車道分隔線","有",23,"未使用",120.3,22.6,"高雄市","橋頭區"
"其他","2018",9,8,14,"晴","日間自然光線",50,"三岔路","交叉口附近","柏油","乾燥","良好","無號誌","行車分向線","快慢車道分隔線","無",18,"未使用",120.326171,22.740953,"高雄市","楠梓區"
"其他","2018",9,8,14,"晴","日間自然光線",50,"三岔路","交叉口附近","柏油","乾燥","良好","無號誌","行車分向線","快慢車道分隔線","無",56,"未使用",120.326171,22.740953,"高雄市","楠梓區"
"其他","2018",9,8,14,"晴","日間自然光線",50,"三岔路","交叉口附近","柏油","乾燥","良好","無號誌","行車分向線","快慢車道分隔線","無",37,"未使用",120.326171,22.740953,"高雄市","楠梓區"
"撞護欄(樁)","2018",9,8,16,"晴","日間自然光線",30,"直路","一般車道(未劃分快慢車道)","柏油","乾燥","良好","無號誌","中央分向島","未繪設快慢車道分隔線","有",48,"未使用",120.718888,24.231666,"臺中市","豐原區"
"撞護欄(樁)","2018",9,8,22,"雨","夜間(或隧道、地下道、涵洞)無照明",70,"彎曲路及附近","一般車道(未劃分快慢車道)","柏油","濕潤","良好","無號誌","雙向禁止超車線","未繪設快慢車道分隔線","有",42,"未使用",121.576674,24.649956,"宜蘭縣","大同鄉"
"路口交岔撞","2018",9,9,6,"晴","日間自然光線",50,"四岔路","交叉路口內","柏油","乾燥","良好","正常","無","未繪設快慢車道分隔線","無",68,"未使用",120.64407,24.201048,"臺中市","西屯區"
"路口交岔撞","2018",9,9,6,"晴","日間自然光線",50,"四岔路","交叉路口內","柏油","乾燥","良好","正常","無","未繪設快慢車道分隔線","無",77,"未使用",120.64407,24.201048,"臺中市","西屯區"
"其他","2018",9,10,0,"陰","夜間(或隧道、地下道、涵洞)無照明",100,"直路","快車道","柏油","乾燥","良好","無號誌","中央分向島","未繪設快慢車道分隔線","有",16,"不明",120.491568,22.864309,"高雄市","旗山區"
"其他","2018",9,10,0,"陰","夜間(或隧道、地下道、涵洞)無照明",100,"直路","快車道","柏油","乾燥","良好","無號誌","中央分向島","未繪設快慢車道分隔線","有",46,"未使用",120.491568,22.864309,"高雄市","旗山區"
"對向通行中","2018",9,10,8,"晴","日間自然光線",50,"四岔路","交叉路口內","柏油","乾燥","良好","正常","雙向禁止超車線","未繪設快慢車道分隔線","有",77,"未使用",121.4265,24.993724,"新北市","樹林區"
"對向通行中","2018",9,10,8,"晴","日間自然光線",50,"四岔路","交叉路口內","柏油","乾燥","良好","正常","雙向禁止超車線","未繪設快慢車道分隔線","有",52,"未使用",121.4265,24.993724,"新北市","樹林區"
"撞交通島","2018",9,10,13,"陰","日間自然光線",50,"直路","機車專用道","柏油","乾燥","良好","正常","中央分向島","未繪設快慢車道分隔線","有",17,"未使用",121.479849,25.122416,"臺北市","北投區"
"路口交岔撞","2018",9,10,18,"陰","夜間(或隧道、地下道、涵洞)有照明",50,"四岔路","交叉路口內","柏油","濕潤","良好","無號誌","無","未繪設快慢車道分隔線","無",69,"未使用",120.151325,23.379733,"嘉義縣","布袋鎮"
"路口交岔撞","2018",9,10,18,"陰","夜間(或隧道、地下道、涵洞)有照明",50,"四岔路","交叉路口內","柏油","濕潤","良好","無號誌","無","未繪設快慢車道分隔線","無",52,"未使用",120.151325,23.379733,"嘉義縣","布袋鎮"
"對撞","2018",9,10,19,"晴","夜間(或隧道、地下道、涵洞)有照明",50,"三岔路","交叉口附近","柏油","乾燥","良好","無號誌","無","未繪設快慢車道分隔線","有",36,"未使用",120.553441,23.631943,"雲林縣","古坑鄉"
"對撞","2018",9,10,19,"晴","夜間(或隧道、地下道、涵洞)有照明",50,"三岔路","交叉口附近","柏油","乾燥","良好","無號誌","無","未繪設快慢車道分隔線","有",57,"未使用",120.553441,23.631943,"雲林縣","古坑鄉"
"路口交岔撞","2018",9,11,11,"晴","日間自然光線",50,"四岔路","交叉路口內","柏油","乾燥","良好","正常","無","未繪設快慢車道分隔線","無",61,"未使用",121.21581,23.121598,"臺東縣","池上鄉"
"路口交岔撞","2018",9,11,11,"晴","日間自然光線",50,"四岔路","交叉路口內","柏油","乾燥","良好","正常","無","未繪設快慢車道分隔線","無",54,"未使用",121.21581,23.121598,"臺東縣","池上鄉"
"其他","2018",9,11,16,"晴","晨或暮光",50,"橋樑","一般車道(未劃分快慢車道)","柏油","乾燥","良好","無號誌","中央分向島","未繪設快慢車道分隔線","有",31,"未使用",121.514939,25.018187,"新北市","永和區"
"其他","2018",9,11,16,"晴","晨或暮光",50,"橋樑","一般車道(未劃分快慢車道)","柏油","乾燥","良好","無號誌","中央分向島","未繪設快慢車道分隔線","有",67,"非汽(機)車駕駛人",121.514939,25.018187,"新北市","永和區"
"追撞","2018",9,12,1,"晴","夜間(或隧道、地下道、涵洞)有照明",50,"橋樑","快車道","柏油","乾燥","良好","無號誌","中央分向島","窄式快慢車道分隔島(無柵欄)","有",38,"不明",121.471979,25.017629,"新北市","板橋區"
"追撞","2018",9,12,1,"晴","夜間(或隧道、地下道、涵洞)有照明",50,"橋樑","快車道","柏油","乾燥","良好","無號誌","中央分向島","窄式快慢車道分隔島(無柵欄)","有",36,"不明",121.471979,25.017629,"新北市","板橋區"
"追撞","2018",9,12,1,"晴","夜間(或隧道、地下道、涵洞)有照明",50,"橋樑","快車道","柏油","乾燥","良好","無號誌","中央分向島","窄式快慢車道分隔島(無柵欄)","有",31,"不明",121.471979,25.017629,"新北市","板橋區"
"側撞","2018",9,12,9,"晴","日間自然光線",50,"三岔路","交叉路口內","柏油","乾燥","良好","無號誌","雙向禁止超車線","未繪設快慢車道分隔線","有",75,"未使用",120.9755,23.970676,"南投縣","埔里鎮"
"側撞","2018",9,12,9,"晴","日間自然光線",50,"三岔路","交叉路口內","柏油","乾燥","良好","無號誌","雙向禁止超車線","未繪設快慢車道分隔線","有",22,"未使用",120.9755,23.970676,"南投縣","埔里鎮"
"衝出路外","2018",9,13,0,"晴","夜間(或隧道、地下道、涵洞)無照明",50,"直路","路肩、路緣","柏油","乾燥","良好","無號誌","雙向禁止超車線","未繪設快慢車道分隔線","有",24,"未使用",121.793022,24.850932,"宜蘭縣","頭城鎮"
"追撞","2018",9,13,9,"晴","日間自然光線",60,"四岔路","交叉路口內","柏油","乾燥","良好","正常","中央分向島","未繪設快慢車道分隔線","有",37,"未使用",121.065894,22.709799,"臺東縣","臺東市"
"追撞","2018",9,13,9,"晴","日間自然光線",60,"四岔路","交叉路口內","柏油","乾燥","良好","正常","中央分向島","未繪設快慢車道分隔線","有",29,"未使用",121.065894,22.709799,"臺東縣","臺東市"
"追撞","2018",9,13,9,"晴","日間自然光線",60,"四岔路","交叉路口內","柏油","乾燥","良好","正常","中央分向島","未繪設快慢車道分隔線","有",45,"未使用",121.065894,22.709799,"臺東縣","臺東市"
"路上翻車、摔倒","2018",9,13,15,"晴","日間自然光線",40,"彎曲路及附近","一般車道(未劃分快慢車道)","柏油","乾燥","不良","無號誌","雙向禁止超車線","未繪設快慢車道分隔線","有",22,"未使用",121.33441,24.848873,"桃園市","大溪區"
"對撞","2018",9,13,17,"晴","日間自然光線",50,"直路","一般車道(未劃分快慢車道)","柏油","乾燥","良好","無號誌","行車分向線","未繪設快慢車道分隔線","有",41,"未使用",121.261489,24.963987,"桃園市","中壢區"
"對撞","2018",9,13,17,"晴","日間自然光線",50,"直路","一般車道(未劃分快慢車道)","柏油","乾燥","良好","無號誌","行車分向線","未繪設快慢車道分隔線","有",32,"未使用",121.261489,24.963987,"桃園市","中壢區"
"撞路樹、電桿","2018",9,13,19,"晴","夜間(或隧道、地下道、涵洞)有照明",50,"直路","一般車道(未劃分快慢車道)","柏油","乾燥","良好","無號誌","雙向禁止超車線","未繪設快慢車道分隔線","有",67,"不明",120.262262,23.569371,"雲林縣","水林鄉"
"其他","2018",9,14,11,"晴","日間自然光線",50,"三岔路","交叉路口內","柏油","乾燥","良好","無號誌","無","未繪設快慢車道分隔線","無",47,"未使用",120.281044,22.801455,"高雄市","岡山區"
"其他","2018",9,14,11,"晴","日間自然光線",50,"三岔路","交叉路口內","柏油","乾燥","良好","無號誌","無","未繪設快慢車道分隔線","無",20,"未使用",120.281044,22.801455,"高雄市","岡山區"
"其他","2018",9,14,18,"晴","晨或暮光",40,"直路","一般車道(未劃分快慢車道)","柏油","乾燥","良好","無號誌","無","未繪設快慢車道分隔線","有",47,"非汽(機)車駕駛人",120.914997,24.811067,"新竹市","香山區"
"其他","2018",9,14,18,"晴","晨或暮光",40,"直路","一般車道(未劃分快慢車道)","柏油","乾燥","良好","無號誌","無","未繪設快慢車道分隔線","有",48,"非汽(機)車駕駛人",120.914997,24.811067,"新竹市","香山區"
"撞護欄(樁)","2018",9,14,21,"晴","夜間(或隧道、地下道、涵洞)有照明",40,"直路","慢車道","柏油","乾燥","良好","正常","中央分向島","寛式快慢車道分隔島(50公分以上)","無",49,"未使用",120.612071,24.150511,"臺中市","南屯區"
"撞護欄(樁)","2018",9,14,23,"晴","夜間(或隧道、地下道、涵洞)無照明",100,"直路","快車道","柏油","乾燥","良好","無號誌","中央分向島","未繪設快慢車道分隔線","有",41,"未使用",120.829238,24.53685,"苗栗縣","公館鄉"
"撞護欄(樁)","2018",9,14,23,"晴","夜間(或隧道、地下道、涵洞)無照明",100,"直路","快車道","柏油","乾燥","良好","無號誌","中央分向島","未繪設快慢車道分隔線","有",31,"未使用",120.829238,24.53685,"苗栗縣","公館鄉"
"撞護欄(樁)","2018",9,14,23,"晴","夜間(或隧道、地下道、涵洞)無照明",100,"直路","快車道","柏油","乾燥","良好","無號誌","中央分向島","未繪設快慢車道分隔線","有",26,"未使用",120.829238,24.53685,"苗栗縣","公館鄉"
"撞護欄(樁)","2018",9,14,23,"晴","夜間(或隧道、地下道、涵洞)無照明",100,"直路","快車道","柏油","乾燥","良好","無號誌","中央分向島","未繪設快慢車道分隔線","有",27,"未使用",120.829238,24.53685,"苗栗縣","公館鄉"
"撞護欄(樁)","2018",9,14,23,"晴","夜間(或隧道、地下道、涵洞)無照明",100,"直路","快車道","柏油","乾燥","良好","無號誌","中央分向島","未繪設快慢車道分隔線","有",43,"未使用",120.829238,24.53685,"苗栗縣","公館鄉"
"撞號誌、標誌桿","2018",9,15,4,"晴","夜間(或隧道、地下道、涵洞)有照明",40,"直路","路肩、路緣","柏油","乾燥","良好","無號誌","中央分向島","快慢車道分隔線","有",107,"",120.268094,22.734571,"高雄市","橋頭區"
"撞號誌、標誌桿","2018",9,15,4,"晴","夜間(或隧道、地下道、涵洞)有照明",40,"直路","路肩、路緣","柏油","乾燥","良好","無號誌","中央分向島","快慢車道分隔線","有",47,"不明",120.268094,22.734571,"高雄市","橋頭區"
"撞橋樑、建築物","2018",9,15,6,"晴","晨或暮光",40,"彎曲路及附近","其他","柏油","乾燥","良好","無號誌","無","未繪設快慢車道分隔線","無",77,"未使用",120.634753,24.316398,"臺中市","外埔區"
"路口交岔撞","2018",9,15,9,"陰","日間自然光線",50,"四岔路","交叉路口內","柏油","乾燥","良好","正常","無","未繪設快慢車道分隔線","無",58,"未使用",120.302054,23.412609,"嘉義縣","鹿草鄉"
"路口交岔撞","2018",9,15,9,"陰","日間自然光線",50,"四岔路","交叉路口內","柏油","乾燥","良好","正常","無","未繪設快慢車道分隔線","無",76,"未使用",120.302054,23.412609,"嘉義縣","鹿草鄉"
"側撞","2018",9,15,10,"陰","日間自然光線",50,"三岔路","交叉路口內","柏油","乾燥","良好","無號誌","無","未繪設快慢車道分隔線","無",30,"未使用",119.593472,23.568821,"澎湖縣","馬公市"
"側撞","2018",9,15,10,"陰","日間自然光線",50,"三岔路","交叉路口內","柏油","乾燥","良好","無號誌","無","未繪設快慢車道分隔線","無",71,"未使用",119.593472,23.568821,"澎湖縣","馬公市"
"側撞","2018",9,15,13,"晴","日間自然光線",50,"四岔路","交叉路口內","柏油","乾燥","良好","正常","雙向禁止超車線","未繪設快慢車道分隔線","有",21,"未使用",120.520851,23.845605,"彰化縣","溪州鄉"
"側撞","2018",9,15,13,"晴","日間自然光線",50,"四岔路","交叉路口內","柏油","乾燥","良好","正常","雙向禁止超車線","未繪設快慢車道分隔線","有",17,"未使用",120.520851,23.845605,"彰化縣","溪州鄉"
"撞護欄(樁)","2018",9,15,21,"雨","夜間(或隧道、地下道、涵洞)有照明",50,"直路","一般車道(未劃分快慢車道)","柏油","濕潤","良好","無號誌","行車分向線","未繪設快慢車道分隔線","有",21,"未使用",120.383541,23.94599,"彰化縣","二林鎮"
"撞交通島","2018",9,16,0,"雨","夜間(或隧道、地下道、涵洞)有照明",50,"直路","快車道","柏油","濕潤","良好","無號誌","中央分向島","快慢車道分隔線","有",36,"不明",120.486979,22.651971,"屏東縣","屏東市"
"其他","2018",9,16,9,"晴","日間自然光線",50,"直路","一般車道(未劃分快慢車道)","柏油","乾燥","良好","無號誌","中央分向島","未繪設快慢車道分隔線","無",51,"未使用",121.458371,25.075385,"新北市","五股區"
"其他","2018",9,16,9,"晴","日間自然光線",50,"直路","一般車道(未劃分快慢車道)","柏油","乾燥","良好","無號誌","中央分向島","未繪設快慢車道分隔線","無",44,"未使用",121.458371,25.075385,"新北市","五股區"
"撞路樹、電桿","2018",9,16,14,"晴","日間自然光線",60,"直路","路肩、路緣","柏油","乾燥","良好","無號誌","雙向禁止超車線","快慢車道分隔線","有",19,"不明",120.325987,23.056204,"臺南市","新化區"
"撞路樹、電桿","2018",9,16,14,"晴","日間自然光線",60,"直路","路肩、路緣","柏油","乾燥","良好","無號誌","雙向禁止超車線","快慢車道分隔線","有",17,"非汽(機)車駕駛人",120.325987,23.056204,"臺南市","新化區"
"其他","2018",9,17,7,"晴","日間自然光線",50,"直路","快車道","柏油","乾燥","良好","無號誌","雙向禁止超車線","快慢車道分隔線","有",51,"未使用",121.782295,24.835638,"宜蘭縣","礁溪鄉"
"其他","2018",9,17,7,"晴","日間自然光線",50,"直路","快車道","柏油","乾燥","良好","無號誌","雙向禁止超車線","快慢車道分隔線","有",66,"未使用",121.782295,24.835638,"宜蘭縣","礁溪鄉"
"同向擦撞","2018",9,17,9,"晴","日間自然光線",50,"四岔路","交叉路口內","柏油","乾燥","良好","正常","無","未繪設快慢車道分隔線","無",56,"未使用",120.701915,24.06737,"臺中市","霧峰區"
"同向擦撞","2018",9,17,9,"晴","日間自然光線",50,"四岔路","交叉路口內","柏油","乾燥","良好","正常","無","未繪設快慢車道分隔線","無",72,"未使用",120.701915,24.06737,"臺中市","霧峰區"
"其他","2018",9,17,10,"晴","日間自然光線",40,"直路","路肩、路緣","柏油","乾燥","良好","無號誌","行車分向線","快慢車道分隔線","無",107,"",120.41268,22.509083,"高雄市","林園區"
"其他","2018",9,17,10,"晴","日間自然光線",40,"直路","路肩、路緣","柏油","乾燥","良好","無號誌","行車分向線","快慢車道分隔線","無",46,"不明",120.41268,22.509083,"高雄市","林園區"
"穿越道路中","2018",9,17,18,"晴","夜間(或隧道、地下道、涵洞)無照明",70,"直路","快車道","柏油","乾燥","良好","無號誌","中央分向島","快慢車道分隔線","有",55,"不明",120.448577,22.750194,"高雄市","大樹區"
"穿越道路中","2018",9,17,18,"晴","夜間(或隧道、地下道、涵洞)無照明",70,"直路","快車道","柏油","乾燥","良好","無號誌","中央分向島","快慢車道分隔線","有",59,"未使用",120.448577,22.750194,"高雄市","大樹區"
"其他","2018",9,17,19,"晴","夜間(或隧道、地下道、涵洞)無照明",100,"直路","快車道","柏油","乾燥","良好","無號誌","中央分向島","未繪設快慢車道分隔線","有",30,"不明",120.684181,24.270106,"臺中市","神岡區"
"其他","2018",9,17,19,"晴","夜間(或隧道、地下道、涵洞)無照明",100,"直路","快車道","柏油","乾燥","良好","無號誌","中央分向島","未繪設快慢車道分隔線","有",51,"未使用",120.684181,24.270106,"臺中市","神岡區"
"其他","2018",9,17,19,"晴","夜間(或隧道、地下道、涵洞)無照明",100,"直路","快車道","柏油","乾燥","良好","無號誌","中央分向島","未繪設快慢車道分隔線","有",30,"非汽(機)車駕駛人",120.684181,24.270106,"臺中市","神岡區"
"其他","2018",9,17,19,"晴","夜間(或隧道、地下道、涵洞)無照明",100,"直路","快車道","柏油","乾燥","良好","無號誌","中央分向島","未繪設快慢車道分隔線","有",36,"未使用",120.684181,24.270106,"臺中市","神岡區"
"其他","2018",9,17,19,"晴","夜間(或隧道、地下道、涵洞)無照明",100,"直路","快車道","柏油","乾燥","良好","無號誌","中央分向島","未繪設快慢車道分隔線","有",36,"未使用",120.684181,24.270106,"臺中市","神岡區"
"撞路樹、電桿","2018",9,18,1,"陰","夜間(或隧道、地下道、涵洞)有照明",40,"直路","一般車道(未劃分快慢車道)","柏油","乾燥","良好","無號誌","無","未繪設快慢車道分隔線","無",19,"不明",120.508516,24.092358,"彰化縣","和美鎮"
"同向擦撞","2018",9,18,12,"晴","日間自然光線",50,"直路","一般車道(未劃分快慢車道)","柏油","乾燥","不良","正常","中央分向島","未繪設快慢車道分隔線","無",42,"未使用",121.412495,25.015714,"新北市","樹林區"
"同向擦撞","2018",9,18,12,"晴","日間自然光線",50,"直路","一般車道(未劃分快慢車道)","柏油","乾燥","不良","正常","中央分向島","未繪設快慢車道分隔線","無",24,"未使用",121.412495,25.015714,"新北市","樹林區"
"同向擦撞","2018",9,18,13,"晴","日間自然光線",50,"直路","一般車道(未劃分快慢車道)","柏油","乾燥","良好","無號誌","雙向禁止超車線","未繪設快慢車道分隔線","有",65,"未使用",120.793146,24.622032,"苗栗縣","後龍鎮"
"同向擦撞","2018",9,18,13,"晴","日間自然光線",50,"直路","一般車道(未劃分快慢車道)","柏油","乾燥","良好","無號誌","雙向禁止超車線","未繪設快慢車道分隔線","有",36,"未使用",120.793146,24.622032,"苗栗縣","後龍鎮"
"其他","2018",9,18,19,"晴","夜間(或隧道、地下道、涵洞)有照明",50,"直路","一般車道(未劃分快慢車道)","柏油","乾燥","良好","無號誌","無","未繪設快慢車道分隔線","無",37,"不明",120.986401,24.801443,"新竹市","東區"
"其他","2018",9,18,19,"晴","夜間(或隧道、地下道、涵洞)有照明",50,"直路","一般車道(未劃分快慢車道)","柏油","乾燥","良好","無號誌","無","未繪設快慢車道分隔線","無",46,"不明",120.986401,24.801443,"新竹市","東區"
"同向擦撞","2018",9,19,9,"晴","日間自然光線",50,"四岔路","交叉路口內","柏油","乾燥","良好","正常","雙向禁止超車線","未繪設快慢車道分隔線","無",64,"未使用",121.500807,25.043946,"臺北市","萬華區"
"同向擦撞","2018",9,19,9,"晴","日間自然光線",50,"四岔路","交叉路口內","柏油","乾燥","良好","正常","雙向禁止超車線","未繪設快慢車道分隔線","無",38,"未使用",121.500807,25.043946,"臺北市","萬華區"
"側撞","2018",9,19,10,"晴","日間自然光線",50,"三岔路","交叉路口內","柏油","乾燥","良好","正常","無","未繪設快慢車道分隔線","無",64,"未使用",121.43432,25.032406,"新北市","新莊區"
"側撞","2018",9,19,10,"晴","日間自然光線",50,"三岔路","交叉路口內","柏油","乾燥","良好","正常","無","未繪設快慢車道分隔線","無",45,"未使用",121.43432,25.032406,"新北市","新莊區"
"穿越道路中","2018",9,19,17,"晴","日間自然光線",50,"直路","一般車道(未劃分快慢車道)","柏油","乾燥","良好","無號誌","雙向禁止超車線","未繪設快慢車道分隔線","有",23,"未使用",121.738651,25.144821,"基隆市","中山區"
"穿越道路中","2018",9,19,17,"晴","日間自然光線",50,"直路","一般車道(未劃分快慢車道)","柏油","乾燥","良好","無號誌","雙向禁止超車線","未繪設快慢車道分隔線","有",83,"非汽(機)車駕駛人",121.738651,25.144821,"基隆市","中山區"
"其他","2018",9,19,18,"晴","夜間(或隧道、地下道、涵洞)有照明",50,"直路","慢車道","柏油","乾燥","良好","無號誌","雙向禁止超車線","快慢車道分隔線","有",40,"非汽(機)車駕駛人",120.377048,22.697397,"高雄市","仁武區"
"其他","2018",9,19,18,"晴","夜間(或隧道、地下道、涵洞)有照明",50,"直路","慢車道","柏油","乾燥","良好","無號誌","雙向禁止超車線","快慢車道分隔線","有",61,"未使用",120.377048,22.697397,"高雄市","仁武區"
"其他","2018",9,19,18,"晴","夜間(或隧道、地下道、涵洞)有照明",50,"直路","慢車道","柏油","乾燥","良好","無號誌","雙向禁止超車線","快慢車道分隔線","有",51,"不明",120.377048,22.697397,"高雄市","仁武區"
"衝出路外","2018",9,20,5,"晴","日間自然光線",40,"直路","一般車道(未劃分快慢車道)","柏油","乾燥","良好","無號誌","無","未繪設快慢車道分隔線","無",55,"不明",120.400543,23.418612,"嘉義縣","水上鄉"
"路口交岔撞","2018",9,20,8,"晴","日間自然光線",50,"四岔路","交叉路口內","柏油","乾燥","良好","無號誌","行車分向線","快慢車道分隔線","無",21,"未使用",121.530193,25.056798,"臺北市","中山區"
"路口交岔撞","2018",9,20,8,"晴","日間自然光線",50,"四岔路","交叉路口內","柏油","乾燥","良好","無號誌","行車分向線","快慢車道分隔線","無",57,"未使用",121.530193,25.056798,"臺北市","中山區"