"事故類型及型態子類別名稱","發生年度","發生月份","發生日期","發生時間","天候名稱","光線名稱","速限.第1當事者","道路型態子類別名稱","事故位置子類別名稱","路面狀況.路面鋪裝名稱","路面狀況.路面狀態名稱","道路障礙.視距品質名稱","號誌.號誌動作名稱","車道劃分設施.分向設施大類別名稱","車道劃分設施.分道設施.快慢車道間名稱","車道劃分設施.分道設施.路面邊線名稱","當事者事故發生時年齡","行動電話或電腦或其他相類功能裝置名稱","經度","緯度","縣市","鄉鎮"
"路口交岔撞","2018",9,20,8,"晴","日間自然光線",50,"四岔路","交叉路口內","柏油","乾燥","良好","無號誌","行車分向線","快慢車道分隔線","無",44,"未使用",121.530193,25.056798,"臺北市","中山區"
"路口交岔撞","2018",9,20,8,"晴","日間自然光線",50,"四岔路","交叉路口內","柏油","乾燥","良好","正常","無","未繪設快慢車道分隔線","無",34,"未使用",120.322539,23.309997,"臺南市","新營區"
"路口交岔撞","2018",9,20,8,"晴","日間自然光線",50,"四岔路","交叉路口內","柏油","乾燥","良好","正常","無","未繪設快慢車道分隔線","無",64,"非汽(機)車駕駛人",120.322539,23.309997,"臺南市","新營區"
"路口交岔撞","2018",9,20,8,"晴","日間自然光線",50,"四岔路","交叉路口內","柏油","乾燥","良好","正常","無","未繪設快慢車道分隔線","無",45,"未使用",120.322539,23.309997,"臺南市","新營區"
"路口交岔撞","2018",9,20,10,"晴","日間自然光線",40,"直路","一般車道(未劃分快慢車道)","柏油","乾燥","良好","正常","行車分向線","未繪設快慢車道分隔線","有",48,"未使用",121.0263,24.816438,"新竹縣","竹北市"
"路口交岔撞","2018",9,20,10,"晴","日間自然光線",40,"直路","一般車道(未劃分快慢車道)","柏油","乾燥","良好","正常","行車分向線","未繪設快慢車道分隔線","有",72,"未使用",121.0263,24.816438,"新竹縣","竹北市"
"撞護欄(樁)","2018",9,20,23,"晴","夜間(或隧道、地下道、涵洞)有照明",50,"直路","一般車道(未劃分快慢車道)","柏油","乾燥","良好","無號誌","無","未繪設快慢車道分隔線","有",24,"未使用",121.435191,24.995727,"新北市","樹林區"
"撞護欄(樁)","2018",9,20,23,"晴","夜間(或隧道、地下道、涵洞)有照明",50,"直路","一般車道(未劃分快慢車道)","柏油","乾燥","良好","無號誌","無","未繪設快慢車道分隔線","有",19,"非汽(機)車駕駛人",121.435191,24.995727,"新北市","樹林區"
"同向擦撞","2018",9,21,8,"晴","日間自然光線",40,"橋樑","一般車道(未劃分快慢車道)","柏油","乾燥","良好","無號誌","雙向禁止超車線","未繪設快慢車道分隔線","有",24,"未使用",120.844327,23.808789,"南投縣","水里鄉"
"同向擦撞","2018",9,21,8,"晴","日間自然光線",40,"橋樑","一般車道(未劃分快慢車道)","柏油","乾燥","良好","無號誌","雙向禁止超車線","未繪設快慢車道分隔線","有",57,"非汽(機)車駕駛人",120.844327,23.808789,"南投縣","水里鄉"
"同向擦撞","2018",9,21,8,"晴","日間自然光線",40,"橋樑","一般車道(未劃分快慢車道)","柏油","乾燥","良好","無號誌","雙向禁止超車線","未繪設快慢車道分隔線","有",79,"非汽(機)車駕駛人",120.844327,23.808789,"南投縣","水里鄉"
"其他","2018",9,21,23,"晴","夜間(或隧道、地下道、涵洞)有照明",40,"直路","一般車道(未劃分快慢車道)","柏油","乾燥","良好","無號誌","雙向禁止超車線","未繪設快慢車道分隔線","無",23,"未使用",121.536572,25.105182,"臺北市","士林區"
"撞交通島","2018",9,22,1,"晴","夜間(或隧道、地下道、涵洞)有照明",50,"直路","交通島(含槽化線)","柏油","乾燥","良好","無號誌","中央分向島","快慢車道分隔線","有",28,"未使用",120.198236,22.96962,"臺南市","南區"
"撞護欄(樁)","2018",9,22,3,"晴","夜間(或隧道、地下道、涵洞)有照明",90,"直路","路肩、路緣","柏油","乾燥","良好","無號誌","中央分向島","未繪設快慢車道分隔線","有",54,"不明",121.107936,24.779176,"新竹縣","芎林鄉"
"其他","2018",9,22,5,"晴","日間自然光線",60,"坡路","路肩、路緣","柏油","濕潤","良好","無號誌","雙向禁止超車線","未繪設快慢車道分隔線","有",16,"未使用",120.92744,23.939976,"南投縣","埔里鎮"
"其他","2018",9,22,5,"晴","日間自然光線",60,"坡路","路肩、路緣","柏油","濕潤","良好","無號誌","雙向禁止超車線","未繪設快慢車道分隔線","有",15,"非汽(機)車駕駛人",120.92744,23.939976,"南投縣","埔里鎮"
"路上翻車、摔倒","2018",9,22,5,"晴","日間自然光線",50,"彎曲路及附近","一般車道(未劃分快慢車道)","柏油","乾燥","不良","無號誌","雙向禁止超車線","未繪設快慢車道分隔線","有",28,"非汽(機)車駕駛人",121.66201,24.737629,"宜蘭縣","員山鄉"
"衝出路外","2018",9,22,9,"晴","日間自然光線",40,"直路","一般車道(未劃分快慢車道)","柏油","乾燥","良好","無號誌","無","未繪設快慢車道分隔線","無",38,"不明",120.891739,24.737892,"新竹市","香山區"
"對向擦撞","2018",9,22,19,"晴","夜間(或隧道、地下道、涵洞)有照明",40,"直路","一般車道(未劃分快慢車道)","柏油","乾燥","良好","無號誌","無","未繪設快慢車道分隔線","無",54,"不明",120.135043,23.262787,"臺南市","北門區"
"對向擦撞","2018",9,22,19,"晴","夜間(或隧道、地下道、涵洞)有照明",40,"直路","一般車道(未劃分快慢車道)","柏油","乾燥","良好","無號誌","無","未繪設快慢車道分隔線","無",56,"不明",120.135043,23.262787,"臺南市","北門區"
"對向擦撞","2018",9,22,19,"晴","夜間(或隧道、地下道、涵洞)有照明",40,"直路","一般車道(未劃分快慢車道)","柏油","乾燥","良好","無號誌","無","未繪設快慢車道分隔線","無",50,"非汽(機)車駕駛人",120.135043,23.262787,"臺南市","北門區"
"撞路樹、電桿","2018",9,22,21,"晴","夜間(或隧道、地下道、涵洞)有照明",40,"直路","其他","柏油","乾燥","良好","無號誌","無","未繪設快慢車道分隔線","有",56,"不明",120.674286,24.0743,"臺中市","霧峰區"
"其他","2018",9,23,5,"晴","日間自然光線",50,"其他","其他","柏油","乾燥","良好","無號誌","中央分向島","快慢車道分隔線","無",23,"不明",121.540755,25.013976,"臺北市","大安區"
"其他","2018",9,23,5,"晴","日間自然光線",50,"其他","其他","柏油","乾燥","良好","無號誌","中央分向島","快慢車道分隔線","無",67,"不明",121.540755,25.013976,"臺北市","大安區"
"其他","2018",9,23,5,"晴","日間自然光線",50,"其他","其他","柏油","乾燥","良好","無號誌","中央分向島","快慢車道分隔線","無",56,"不明",121.540755,25.013976,"臺北市","大安區"
"其他","2018",9,23,5,"晴","日間自然光線",50,"其他","其他","柏油","乾燥","良好","無號誌","中央分向島","快慢車道分隔線","無",49,"不明",121.540755,25.013976,"臺北市","大安區"
"其他","2018",9,23,5,"晴","日間自然光線",50,"其他","其他","柏油","乾燥","良好","無號誌","中央分向島","快慢車道分隔線","無",28,"不明",121.540755,25.013976,"臺北市","大安區"
"其他","2018",9,23,5,"晴","日間自然光線",50,"其他","其他","柏油","乾燥","良好","無號誌","中央分向島","快慢車道分隔線","無",28,"不明",121.540755,25.013976,"臺北市","大安區"
"其他","2018",9,23,5,"晴","日間自然光線",50,"其他","其他","柏油","乾燥","良好","無號誌","中央分向島","快慢車道分隔線","無",50,"不明",121.540755,25.013976,"臺北市","大安區"
"其他","2018",9,23,5,"晴","日間自然光線",50,"其他","其他","柏油","乾燥","良好","無號誌","中央分向島","快慢車道分隔線","無",24,"不明",121.540755,25.013976,"臺北市","大安區"
"其他","2018",9,23,5,"晴","日間自然光線",50,"其他","其他","柏油","乾燥","良好","無號誌","中央分向島","快慢車道分隔線","無",25,"不明",121.540755,25.013976,"臺北市","大安區"
"其他","2018",9,23,5,"晴","日間自然光線",50,"其他","其他","柏油","乾燥","良好","無號誌","中央分向島","快慢車道分隔線","無",45,"不明",121.540755,25.013976,"臺北市","大安區"
"其他","2018",9,23,5,"晴","日間自然光線",50,"其他","其他","柏油","乾燥","良好","無號誌","中央分向島","快慢車道分隔線","無",48,"不明",121.540755,25.013976,"臺北市","大安區"
"其他","2018",9,23,8,"晴","日間自然光線",40,"三岔路","交叉路口內","柏油","乾燥","良好","正常","中央分向島","快慢車道分隔線","有",71,"不明",120.614187,22.337545,"屏東縣","枋山鄉"
"其他","2018",9,23,8,"晴","日間自然光線",40,"三岔路","交叉路口內","柏油","乾燥","良好","正常","中央分向島","快慢車道分隔線","有",48,"不明",120.614187,22.337545,"屏東縣","枋山鄉"
"其他","2018",9,23,8,"晴","日間自然光線",40,"三岔路","交叉路口內","柏油","乾燥","良好","正常","中央分向島","快慢車道分隔線","有",29,"不明",120.614187,22.337545,"屏東縣","枋山鄉"
"對撞","2018",9,23,23,"晴","夜間(或隧道、地下道、涵洞)有照明",50,"直路","一般車道(未劃分快慢車道)","柏油","乾燥","良好","無號誌","雙向禁止超車線","未繪設快慢車道分隔線","有",25,"未使用",120.53624,24.167438,"臺中市","大肚區"
"對撞","2018",9,23,23,"晴","夜間(或隧道、地下道、涵洞)有照明",50,"直路","一般車道(未劃分快慢車道)","柏油","乾燥","良好","無號誌","雙向禁止超車線","未繪設快慢車道分隔線","有",20,"未使用",120.53624,24.167438,"臺中市","大肚區"
"對撞","2018",9,23,23,"晴","夜間(或隧道、地下道、涵洞)有照明",50,"直路","一般車道(未劃分快慢車道)","柏油","乾燥","良好","無號誌","雙向禁止超車線","未繪設快慢車道分隔線","有",23,"未使用",120.53624,24.167438,"臺中市","大肚區"
"撞路樹、電桿","2018",9,23,23,"晴","夜間(或隧道、地下道、涵洞)有照明",60,"直路","路肩、路緣","柏油","乾燥","良好","無號誌","行車分向線","快慢車道分隔線","有",27,"非汽(機)車駕駛人",120.288154,23.198739,"臺南市","麻豆區"
"同向通行中","2018",9,24,4,"晴","夜間(或隧道、地下道、涵洞)有照明",50,"直路","機車專用道","柏油","乾燥","良好","無號誌","雙向禁止超車線","快慢車道分隔線","無",56,"未使用",121.339877,24.996062,"桃園市","龜山區"
"同向通行中","2018",9,24,4,"晴","夜間(或隧道、地下道、涵洞)有照明",50,"直路","機車專用道","柏油","乾燥","良好","無號誌","雙向禁止超車線","快慢車道分隔線","無",76,"非汽(機)車駕駛人",121.339877,24.996062,"桃園市","龜山區"
"對向擦撞","2018",9,24,13,"雨","日間自然光線",50,"彎曲路及附近","一般車道(未劃分快慢車道)","柏油","濕潤","良好","無號誌","無","未繪設快慢車道分隔線","有",42,"未使用",121.212928,24.718294,"新竹縣","尖石鄉"
"對向擦撞","2018",9,24,13,"雨","日間自然光線",50,"彎曲路及附近","一般車道(未劃分快慢車道)","柏油","濕潤","良好","無號誌","無","未繪設快慢車道分隔線","有",15,"未使用",121.212928,24.718294,"新竹縣","尖石鄉"
"路口交岔撞","2018",9,24,15,"晴","日間自然光線",50,"四岔路","交叉路口內","柏油","乾燥","良好","正常","雙向禁止超車線","未繪設快慢車道分隔線","有",22,"未使用",121.006997,24.894513,"新竹縣","新豐鄉"
"路口交岔撞","2018",9,24,15,"晴","日間自然光線",50,"四岔路","交叉路口內","柏油","乾燥","良好","正常","雙向禁止超車線","未繪設快慢車道分隔線","有",74,"未使用",121.006997,24.894513,"新竹縣","新豐鄉"
"衝過(或撞壞)遮斷器","2018",9,24,21,"晴","夜間(或隧道、地下道、涵洞)有照明",15,"有遮斷器","其他","其他鋪裝","乾燥","良好","正常","無","未繪設快慢車道分隔線","無",38,"不明",120.522891,22.521577,"屏東縣","崁頂鄉"
"衝過(或撞壞)遮斷器","2018",9,24,21,"晴","夜間(或隧道、地下道、涵洞)有照明",15,"有遮斷器","其他","其他鋪裝","乾燥","良好","正常","無","未繪設快慢車道分隔線","無",43,"未使用",120.522891,22.521577,"屏東縣","崁頂鄉"
"其他","2018",9,25,1,"晴","夜間(或隧道、地下道、涵洞)有照明",50,"三岔路","交叉口附近","柏油","乾燥","良好","正常","雙向禁止超車線","快慢車道分隔線","有",17,"未使用",120.183495,22.99823,"臺南市","安平區"
"其他","2018",9,25,1,"晴","夜間(或隧道、地下道、涵洞)有照明",50,"三岔路","交叉口附近","柏油","乾燥","良好","正常","雙向禁止超車線","快慢車道分隔線","有",17,"未使用",120.183495,22.99823,"臺南市","安平區"
"其他","2018",9,25,1,"晴","夜間(或隧道、地下道、涵洞)有照明",50,"三岔路","交叉口附近","柏油","乾燥","良好","正常","雙向禁止超車線","快慢車道分隔線","有",17,"未使用",120.183495,22.99823,"臺南市","安平區"
"其他","2018",9,25,1,"晴","夜間(或隧道、地下道、涵洞)有照明",50,"三岔路","交叉口附近","柏油","乾燥","良好","正常","雙向禁止超車線","快慢車道分隔線","有",16,"未使用",120.183495,22.99823,"臺南市","安平區"
"其他","2018",9,25,1,"晴","夜間(或隧道、地下道、涵洞)有照明",50,"三岔路","交叉口附近","柏油","乾燥","良好","正常","雙向禁止超車線","快慢車道分隔線","有",21,"未使用",120.183495,22.99823,"臺南市","安平區"
"其他","2018",9,25,1,"晴","夜間(或隧道、地下道、涵洞)有照明",50,"三岔路","交叉口附近","柏油","乾燥","良好","正常","雙向禁止超車線","快慢車道分隔線","有",17,"未使用",120.183495,22.99823,"臺南市","安平區"
"路口交岔撞","2018",9,25,1,"晴","夜間(或隧道、地下道、涵洞)有照明",50,"四岔路","交叉路口內","柏油","乾燥","良好","正常","行車分向線","快慢車道分隔線","無",20,"未使用",120.633875,24.141415,"臺中市","南屯區"
"路口交岔撞","2018",9,25,1,"晴","夜間(或隧道、地下道、涵洞)有照明",50,"四岔路","交叉路口內","柏油","乾燥","良好","正常","行車分向線","快慢車道分隔線","無",18,"未使用",120.633875,24.141415,"臺中市","南屯區"
"路口交岔撞","2018",9,25,1,"晴","夜間(或隧道、地下道、涵洞)有照明",50,"四岔路","交叉路口內","柏油","乾燥","良好","正常","行車分向線","快慢車道分隔線","無",14,"非汽(機)車駕駛人",120.633875,24.141415,"臺中市","南屯區"
"其他","2018",9,25,4,"晴","夜間(或隧道、地下道、涵洞)有照明",50,"直路","路肩、路緣","柏油","乾燥","良好","無號誌","雙向禁止超車線","未繪設快慢車道分隔線","有",17,"不明",118.420055,24.448038,"金門縣","金湖鎮"
"其他","2018",9,25,4,"晴","夜間(或隧道、地下道、涵洞)有照明",50,"直路","路肩、路緣","柏油","乾燥","良好","無號誌","雙向禁止超車線","未繪設快慢車道分隔線","有",17,"非汽(機)車駕駛人",118.420055,24.448038,"金門縣","金湖鎮"
"側撞","2018",9,25,6,"晴","日間自然光線",50,"直路","一般車道(未劃分快慢車道)","柏油","乾燥","良好","無號誌","行車分向線","未繪設快慢車道分隔線","有",46,"非汽(機)車駕駛人",121.127719,24.938674,"桃園市","楊梅區"
"側撞","2018",9,25,6,"晴","日間自然光線",50,"直路","一般車道(未劃分快慢車道)","柏油","乾燥","良好","無號誌","行車分向線","未繪設快慢車道分隔線","有",52,"未使用",121.127719,24.938674,"桃園市","楊梅區"
"其他","2018",9,25,8,"晴","日間自然光線",40,"直路","機車優先道","柏油","乾燥","良好","無號誌","中央分向島","快慢車道分隔線","有",31,"不明",120.362462,22.668216,"高雄市","鳥松區"
"其他","2018",9,25,8,"晴","日間自然光線",40,"直路","機車優先道","柏油","乾燥","良好","無號誌","中央分向島","快慢車道分隔線","有",56,"未使用",120.362462,22.668216,"高雄市","鳥松區"
"其他","2018",9,25,8,"晴","日間自然光線",40,"直路","機車優先道","柏油","乾燥","良好","無號誌","中央分向島","快慢車道分隔線","有",27,"未使用",120.362462,22.668216,"高雄市","鳥松區"
"撞路樹、電桿","2018",9,25,9,"晴","日間自然光線",50,"直路","路肩、路緣","柏油","乾燥","良好","無號誌","行車分向線","快慢車道分隔線","有",54,"未使用",120.212289,23.238878,"臺南市","學甲區"
"路口交岔撞","2018",9,25,9,"晴","日間自然光線",50,"四岔路","交叉路口內","柏油","乾燥","不良","正常","無","未繪設快慢車道分隔線","有",54,"未使用",120.250578,23.015392,"臺南市","永康區"
"路口交岔撞","2018",9,25,9,"晴","日間自然光線",50,"四岔路","交叉路口內","柏油","乾燥","不良","正常","無","未繪設快慢車道分隔線","有",81,"未使用",120.250578,23.015392,"臺南市","永康區"
"追撞","2018",9,25,17,"晴","日間自然光線",90,"直路","快車道","柏油","乾燥","良好","無號誌","中央分向島","未繪設快慢車道分隔線","有",65,"未使用",120.750308,24.553714,"苗栗縣","西湖鄉"
"追撞","2018",9,25,17,"晴","日間自然光線",90,"直路","快車道","柏油","乾燥","良好","無號誌","中央分向島","未繪設快慢車道分隔線","有",53,"未使用",120.750308,24.553714,"苗栗縣","西湖鄉"
"追撞","2018",9,25,17,"晴","日間自然光線",90,"直路","快車道","柏油","乾燥","良好","無號誌","中央分向島","未繪設快慢車道分隔線","有",64,"未使用",120.750308,24.553714,"苗栗縣","西湖鄉"
"追撞","2018",9,25,17,"晴","日間自然光線",90,"直路","快車道","柏油","乾燥","良好","無號誌","中央分向島","未繪設快慢車道分隔線","有",36,"未使用",120.750308,24.553714,"苗栗縣","西湖鄉"
"追撞","2018",9,25,17,"晴","日間自然光線",90,"直路","快車道","柏油","乾燥","良好","無號誌","中央分向島","未繪設快慢車道分隔線","有",39,"非汽(機)車駕駛人",120.750308,24.553714,"苗栗縣","西湖鄉"
"追撞","2018",9,25,17,"晴","日間自然光線",90,"直路","快車道","柏油","乾燥","良好","無號誌","中央分向島","未繪設快慢車道分隔線","有",29,"非汽(機)車駕駛人",120.750308,24.553714,"苗栗縣","西湖鄉"
"追撞","2018",9,25,17,"晴","日間自然光線",90,"直路","快車道","柏油","乾燥","良好","無號誌","中央分向島","未繪設快慢車道分隔線","有",63,"未使用",120.750308,24.553714,"苗栗縣","西湖鄉"
"追撞","2018",9,25,17,"晴","日間自然光線",90,"直路","快車道","柏油","乾燥","良好","無號誌","中央分向島","未繪設快慢車道分隔線","有",39,"未使用",120.750308,24.553714,"苗栗縣","西湖鄉"
"追撞","2018",9,25,17,"晴","日間自然光線",90,"直路","快車道","柏油","乾燥","良好","無號誌","中央分向島","未繪設快慢車道分隔線","有",61,"未使用",120.750308,24.553714,"苗栗縣","西湖鄉"
"追撞","2018",9,25,17,"晴","日間自然光線",90,"直路","快車道","柏油","乾燥","良好","無號誌","中央分向島","未繪設快慢車道分隔線","有",28,"未使用",120.750308,24.553714,"苗栗縣","西湖鄉"
"追撞","2018",9,25,17,"晴","日間自然光線",90,"直路","快車道","柏油","乾燥","良好","無號誌","中央分向島","未繪設快慢車道分隔線","有",59,"未使用",120.750308,24.553714,"苗栗縣","西湖鄉"
"追撞","2018",9,25,17,"晴","日間自然光線",90,"直路","快車道","柏油","乾燥","良好","無號誌","中央分向島","未繪設快慢車道分隔線","有",37,"未使用",120.750308,24.553714,"苗栗縣","西湖鄉"
"追撞","2018",9,25,17,"晴","日間自然光線",90,"直路","快車道","柏油","乾燥","良好","無號誌","中央分向島","未繪設快慢車道分隔線","有",39,"未使用",120.750308,24.553714,"苗栗縣","西湖鄉"
"追撞","2018",9,25,17,"晴","日間自然光線",90,"直路","快車道","柏油","乾燥","良好","無號誌","中央分向島","未繪設快慢車道分隔線","有",39,"未使用",120.750308,24.553714,"苗栗縣","西湖鄉"
"追撞","2018",9,25,17,"晴","日間自然光線",90,"直路","快車道","柏油","乾燥","良好","無號誌","中央分向島","未繪設快慢車道分隔線","有",27,"未使用",120.750308,24.553714,"苗栗縣","西湖鄉"
"穿越道路中","2018",9,25,18,"晴","夜間(或隧道、地下道、涵洞)有照明",50,"四岔路","交叉口附近","柏油","乾燥","良好","正常","雙向禁止超車線","未繪設快慢車道分隔線","有",60,"未使用",120.972815,24.799515,"新竹市","東區"
"穿越道路中","2018",9,25,18,"晴","夜間(或隧道、地下道、涵洞)有照明",50,"四岔路","交叉口附近","柏油","乾燥","良好","正常","雙向禁止超車線","未繪設快慢車道分隔線","有",85,"非汽(機)車駕駛人",120.972815,24.799515,"新竹市","東區"
"穿越道路中","2018",9,25,18,"晴","夜間(或隧道、地下道、涵洞)有照明",50,"四岔路","交叉口附近","柏油","乾燥","良好","正常","雙向禁止超車線","未繪設快慢車道分隔線","有",80,"非汽(機)車駕駛人",120.972815,24.799515,"新竹市","東區"
"撞路樹、電桿","2018",9,26,11,"晴","日間自然光線",50,"彎曲路及附近","路肩、路緣","柏油","乾燥","良好","無號誌","雙向禁止超車線","快慢車道分隔線","有",34,"未使用",120.506925,24.143802,"彰化縣","和美鎮"
"其他","2018",9,26,13,"晴","日間自然光線",40,"彎曲路及附近","一般車道(未劃分快慢車道)","柏油","乾燥","良好","無號誌","雙向禁止超車線","未繪設快慢車道分隔線","無",23,"未使用",120.598358,24.173573,"臺中市","西屯區"
"側撞","2018",9,26,14,"晴","日間自然光線",40,"三岔路","交叉路口內","柏油","乾燥","良好","無號誌","無","未繪設快慢車道分隔線","有",84,"不明",120.218599,23.488217,"嘉義縣","東石鄉"
"側撞","2018",9,26,14,"晴","日間自然光線",40,"三岔路","交叉路口內","柏油","乾燥","良好","無號誌","無","未繪設快慢車道分隔線","有",60,"不明",120.218599,23.488217,"嘉義縣","東石鄉"
"撞護欄(樁)","2018",9,27,5,"晴","晨或暮光",90,"直路","路肩、路緣","柏油","乾燥","良好","無號誌","中央分向島","未繪設快慢車道分隔線","有",38,"未使用",120.440409,23.520358,"嘉義縣","民雄鄉"
"側撞","2018",9,27,16,"晴","日間自然光線",50,"四岔路","交叉路口內","柏油","乾燥","良好","正常","無","未繪設快慢車道分隔線","無",49,"不明",120.686,24.1461,"臺中市","北區"
"側撞","2018",9,27,16,"晴","日間自然光線",50,"四岔路","交叉路口內","柏油","乾燥","良好","正常","無","未繪設快慢車道分隔線","無",52,"不明",120.686,24.1461,"臺中市","北區"
"側撞","2018",9,27,16,"陰","日間自然光線",50,"四岔路","交叉路口內","柏油","乾燥","良好","無號誌","中央分向島","快慢車道分隔線","有",76,"未使用",121.06812,24.757454,"新竹縣","竹東鎮"
"側撞","2018",9,27,16,"陰","日間自然光線",50,"四岔路","交叉路口內","柏油","乾燥","良好","無號誌","中央分向島","快慢車道分隔線","有",28,"未使用",121.06812,24.757454,"新竹縣","竹東鎮"
"衝出路外","2018",9,27,17,"晴","晨或暮光",50,"直路","一般車道(未劃分快慢車道)","柏油","乾燥","良好","無號誌","行車分向線","未繪設快慢車道分隔線","有",74,"未使用",120.435841,23.420652,"嘉義縣","水上鄉"
"側撞","2018",9,28,19,"晴","夜間(或隧道、地下道、涵洞)有照明",60,"四岔路","交叉路口內","柏油","乾燥","良好","正常","行車分向線","快慢車道分隔線","有",18,"不明",120.585242,23.917048,"彰化縣","社頭鄉"
"側撞","2018",9,28,19,"晴","夜間(或隧道、地下道、涵洞)有照明",60,"四岔路","交叉路口內","柏油","乾燥","良好","正常","行車分向線","快慢車道分隔線","有",71,"非汽(機)車駕駛人",120.585242,23.917048,"彰化縣","社頭鄉"
"衝出路外","2018",9,29,5,"晴","晨或暮光",50,"直路","一般車道(未劃分快慢車道)","柏油","乾燥","良好","無號誌","中央分向島","未繪設快慢車道分隔線","無",18,"未使用",120.64625,24.12567,"臺中市","南屯區"
"穿越道路中","2018",9,29,14,"晴","日間自然光線",50,"四岔路","交叉路口內","柏油","乾燥","良好","正常","無","未繪設快慢車道分隔線","有",28,"未使用",121.44423,25.179598,"新北市","淡水區"
"穿越道路中","2018",9,29,14,"晴","日間自然光線",50,"四岔路","交叉路口內","柏油","乾燥","良好","正常","無","未繪設快慢車道分隔線","有",82,"非汽(機)車駕駛人",121.44423,25.179598,"新北市","淡水區"
"其他","2018",9,29,14,"晴","日間自然光線",40,"三岔路","交叉路口內","柏油","乾燥","良好","無號誌","無","未繪設快慢車道分隔線","有",63,"未使用",121.007706,24.919301,"新竹縣","新豐鄉"
"其他","2018",9,29,14,"晴","日間自然光線",40,"三岔路","交叉路口內","柏油","乾燥","良好","無號誌","無","未繪設快慢車道分隔線","有",22,"未使用",121.007706,24.919301,"新竹縣","新豐鄉"
"撞號誌、標誌桿","2018",9,30,0,"晴","夜間(或隧道、地下道、涵洞)有照明",50,"直路","路肩、路緣","柏油","乾燥","良好","無動作","中央分向島","未繪設快慢車道分隔線","有",46,"不明",120.271752,23.79064,"雲林縣","麥寮鄉"
"路上翻車、摔倒","2018",9,30,1,"晴","夜間(或隧道、地下道、涵洞)有照明",50,"三岔路","交叉路口內","柏油","乾燥","不良","正常","無","未繪設快慢車道分隔線","無",18,"未使用",121.283685,24.954321,"桃園市","八德區"
"撞護欄(樁)","2018",9,30,4,"晴","夜間(或隧道、地下道、涵洞)有照明",50,"三岔路","交叉路口內","柏油","乾燥","良好","正常","中央分向島","未繪設快慢車道分隔線","無",19,"未使用",121.501518,25.010159,"新北市","永和區"
"其他","2018",9,30,8,"晴","日間自然光線",50,"直路","一般車道(未劃分快慢車道)","柏油","乾燥","良好","無號誌","中央分向島","快慢車道分隔線","有",51,"未使用",120.957635,24.887793,"新竹縣","新豐鄉"
"其他","2018",9,30,8,"晴","日間自然光線",50,"直路","一般車道(未劃分快慢車道)","柏油","乾燥","良好","無號誌","中央分向島","快慢車道分隔線","有",47,"未使用",120.957635,24.887793,"新竹縣","新豐鄉"
"其他","2018",9,30,12,"晴","日間自然光線",50,"三岔路","慢車道","柏油","乾燥","良好","無號誌","雙向禁止超車線","快慢車道分隔線","有",14,"非汽(機)車駕駛人",118.317762,24.436371,"金門縣","金城鎮"
"其他","2018",9,30,12,"晴","日間自然光線",50,"三岔路","慢車道","柏油","乾燥","良好","無號誌","雙向禁止超車線","快慢車道分隔線","有",33,"未使用",118.317762,24.436371,"金門縣","金城鎮"
"穿越道路中","2018",9,30,16,"晴","日間自然光線",50,"直路","一般車道(未劃分快慢車道)","柏油","乾燥","良好","無號誌","無","未繪設快慢車道分隔線","無",16,"未使用",121.780134,25.150247,"基隆市","中正區"
"穿越道路中","2018",9,30,16,"晴","日間自然光線",50,"直路","一般車道(未劃分快慢車道)","柏油","乾燥","良好","無號誌","無","未繪設快慢車道分隔線","無",58,"未使用",121.780134,25.150247,"基隆市","中正區"
"穿越道路中","2018",9,30,16,"晴","日間自然光線",50,"直路","一般車道(未劃分快慢車道)","柏油","乾燥","良好","無號誌","無","未繪設快慢車道分隔線","無",17,"非汽(機)車駕駛人",121.780134,25.150247,"基隆市","中正區"
"穿越道路中","2018",9,30,16,"晴","日間自然光線",50,"直路","一般車道(未劃分快慢車道)","柏油","乾燥","良好","無號誌","無","未繪設快慢車道分隔線","無",61,"非汽(機)車駕駛人",121.780134,25.150247,"基隆市","中正區"
"衝出路外","2018",9,30,22,"晴","夜間(或隧道、地下道、涵洞)有照明",40,"彎曲路及附近","一般車道(未劃分快慢車道)","柏油","乾燥","良好","無號誌","雙向禁止超車線","未繪設快慢車道分隔線","有",27,"未使用",120.674262,23.745388,"南投縣","竹山鎮"
"撞路樹、電桿","2018",9,30,23,"晴","夜間(或隧道、地下道、涵洞)有照明",50,"直路","其他","柏油","乾燥","良好","無號誌","行車分向線","未繪設快慢車道分隔線","有",53,"不明",120.382556,23.93529,"彰化縣","二林鎮"
"同向通行中","2018",10,1,8,"晴","夜間(或隧道、地下道、涵洞)有照明",40,"地下道","一般車道(未劃分快慢車道)","柏油","乾燥","良好","無號誌","無","未繪設快慢車道分隔線","無",38,"未使用",120.535942,24.070883,"彰化縣","彰化市"
"同向通行中","2018",10,1,8,"晴","夜間(或隧道、地下道、涵洞)有照明",40,"地下道","一般車道(未劃分快慢車道)","柏油","乾燥","良好","無號誌","無","未繪設快慢車道分隔線","無",21,"未使用",120.535942,24.070883,"彰化縣","彰化市"