"事故類型及型態子類別名稱","發生年度","發生月份","發生日期","發生時間","天候名稱","光線名稱","速限.第1當事者","道路型態子類別名稱","事故位置子類別名稱","路面狀況.路面鋪裝名稱","路面狀況.路面狀態名稱","道路障礙.視距品質名稱","號誌.號誌動作名稱","車道劃分設施.分向設施大類別名稱","車道劃分設施.分道設施.快慢車道間名稱","車道劃分設施.分道設施.路面邊線名稱","當事者事故發生時年齡","行動電話或電腦或其他相類功能裝置名稱","經度","緯度","縣市","鄉鎮"
"同向通行中","2018",10,1,8,"晴","夜間(或隧道、地下道、涵洞)有照明",40,"地下道","一般車道(未劃分快慢車道)","柏油","乾燥","良好","無號誌","無","未繪設快慢車道分隔線","無",80,"非汽(機)車駕駛人",120.535942,24.070883,"彰化縣","彰化市"
"同向通行中","2018",10,1,8,"晴","夜間(或隧道、地下道、涵洞)有照明",40,"地下道","一般車道(未劃分快慢車道)","柏油","乾燥","良好","無號誌","無","未繪設快慢車道分隔線","無",5,"非汽(機)車駕駛人",120.535942,24.070883,"彰化縣","彰化市"
"路口交岔撞","2018",10,1,8,"晴","日間自然光線",50,"三岔路","交叉路口內","柏油","乾燥","良好","正常","中央分向島","快慢車道分隔線","有",80,"未使用",120.526961,22.650721,"屏東縣","麟洛鄉"
"路口交岔撞","2018",10,1,8,"晴","日間自然光線",50,"三岔路","交叉路口內","柏油","乾燥","良好","正常","中央分向島","快慢車道分隔線","有",59,"未使用",120.526961,22.650721,"屏東縣","麟洛鄉"
"同向擦撞","2018",10,1,10,"晴","日間自然光線",50,"直路","快車道","柏油","乾燥","良好","無號誌","雙向禁止超車線","快慢車道分隔線","有",69,"未使用",120.510642,22.700811,"屏東縣","屏東市"
"同向擦撞","2018",10,1,10,"晴","日間自然光線",50,"直路","快車道","柏油","乾燥","良好","無號誌","雙向禁止超車線","快慢車道分隔線","有",72,"未使用",120.510642,22.700811,"屏東縣","屏東市"
"同向擦撞","2018",10,1,10,"晴","日間自然光線",50,"直路","快車道","柏油","乾燥","良好","無號誌","雙向禁止超車線","快慢車道分隔線","有",29,"未使用",120.510642,22.700811,"屏東縣","屏東市"
"同向擦撞","2018",10,1,10,"晴","日間自然光線",50,"直路","快車道","柏油","乾燥","良好","無號誌","雙向禁止超車線","快慢車道分隔線","有",54,"未使用",120.510642,22.700811,"屏東縣","屏東市"
"同向擦撞","2018",10,1,10,"晴","日間自然光線",50,"直路","快車道","柏油","乾燥","良好","無號誌","雙向禁止超車線","快慢車道分隔線","有",64,"未使用",120.510642,22.700811,"屏東縣","屏東市"
"側撞","2018",10,1,10,"晴","日間自然光線",50,"四岔路","交叉路口內","柏油","乾燥","良好","正常","無","未繪設快慢車道分隔線","無",54,"未使用",121.28387,24.948269,"桃園市","八德區"
"側撞","2018",10,1,10,"晴","日間自然光線",50,"四岔路","交叉路口內","柏油","乾燥","良好","正常","無","未繪設快慢車道分隔線","無",57,"未使用",121.28387,24.948269,"桃園市","八德區"
"其他","2018",10,1,12,"晴","日間自然光線",40,"四岔路","交叉路口內","柏油","乾燥","良好","正常","中央分向島","未繪設快慢車道分隔線","無",26,"未使用",121.516539,25.048604,"臺北市","中正區"
"其他","2018",10,1,12,"晴","日間自然光線",40,"四岔路","交叉路口內","柏油","乾燥","良好","正常","中央分向島","未繪設快慢車道分隔線","無",76,"非汽(機)車駕駛人",121.516539,25.048604,"臺北市","中正區"
"撞路樹、電桿","2018",10,1,14,"晴","日間自然光線",60,"直路","一般車道(未劃分快慢車道)","柏油","乾燥","良好","無號誌","行車分向線","未繪設快慢車道分隔線","有",21,"不明",121.129036,24.726769,"新竹縣","芎林鄉"
"側撞","2018",10,1,17,"晴","夜間(或隧道、地下道、涵洞)有照明",60,"直路","快車道","柏油","乾燥","良好","無號誌","雙向禁止超車線","快慢車道分隔線","有",73,"非汽(機)車駕駛人",120.464675,23.959033,"彰化縣","溪湖鎮"
"側撞","2018",10,1,17,"晴","夜間(或隧道、地下道、涵洞)有照明",60,"直路","快車道","柏油","乾燥","良好","無號誌","雙向禁止超車線","快慢車道分隔線","有",35,"未使用",120.464675,23.959033,"彰化縣","溪湖鎮"
"其他","2018",10,1,18,"晴","夜間(或隧道、地下道、涵洞)有照明",60,"三岔路","交叉路口內","柏油","乾燥","良好","無號誌","無","未繪設快慢車道分隔線","無",68,"未使用",120.446159,23.782427,"雲林縣","西螺鎮"
"其他","2018",10,1,18,"晴","夜間(或隧道、地下道、涵洞)有照明",60,"三岔路","交叉路口內","柏油","乾燥","良好","無號誌","無","未繪設快慢車道分隔線","無",68,"非汽(機)車駕駛人",120.446159,23.782427,"雲林縣","西螺鎮"
"穿越道路中","2018",10,2,5,"晴","晨或暮光",70,"四岔路","交叉路口內","柏油","乾燥","良好","正常","單向禁止超車線","未繪設快慢車道分隔線","有",37,"未使用",120.510468,22.439788,"屏東縣","林邊鄉"
"穿越道路中","2018",10,2,5,"晴","晨或暮光",70,"四岔路","交叉路口內","柏油","乾燥","良好","正常","單向禁止超車線","未繪設快慢車道分隔線","有",78,"非汽(機)車駕駛人",120.510468,22.439788,"屏東縣","林邊鄉"
"其他","2018",10,2,6,"晴","日間自然光線",50,"三岔路","交叉口附近","柏油","乾燥","良好","正常","雙向禁止超車線","未繪設快慢車道分隔線","有",21,"未使用",120.487206,22.666914,"屏東縣","屏東市"
"其他","2018",10,2,6,"晴","日間自然光線",50,"三岔路","交叉口附近","柏油","乾燥","良好","正常","雙向禁止超車線","未繪設快慢車道分隔線","有",30,"不明",120.487206,22.666914,"屏東縣","屏東市"
"衝出路外","2018",10,2,6,"晴","夜間(或隧道、地下道、涵洞)無照明",40,"三岔路","交叉路口內","柏油","乾燥","良好","無號誌","無","未繪設快慢車道分隔線","無",55,"未使用",120.219149,23.354168,"嘉義縣","義竹鄉"
"路口交岔撞","2018",10,2,7,"晴","日間自然光線",50,"四岔路","交叉路口內","柏油","乾燥","不良","正常","雙向禁止超車線","未繪設快慢車道分隔線","有",42,"未使用",120.967555,24.891218,"新竹縣","新豐鄉"
"路口交岔撞","2018",10,2,7,"晴","日間自然光線",50,"四岔路","交叉路口內","柏油","乾燥","不良","正常","雙向禁止超車線","未繪設快慢車道分隔線","有",84,"未使用",120.967555,24.891218,"新竹縣","新豐鄉"
"對向通行中","2018",10,2,9,"晴","日間自然光線",60,"直路","路肩、路緣","柏油","乾燥","良好","無號誌","雙向禁止超車線","未繪設快慢車道分隔線","有",43,"不明",120.798406,24.325756,"苗栗縣","卓蘭鎮"
"對向通行中","2018",10,2,9,"晴","日間自然光線",60,"直路","路肩、路緣","柏油","乾燥","良好","無號誌","雙向禁止超車線","未繪設快慢車道分隔線","有",60,"非汽(機)車駕駛人",120.798406,24.325756,"苗栗縣","卓蘭鎮"
"其他","2018",10,2,10,"晴","日間自然光線",60,"四岔路","交叉路口內","柏油","乾燥","良好","正常","無","未繪設快慢車道分隔線","無",64,"未使用",120.533228,23.713671,"雲林縣","斗六市"
"其他","2018",10,2,10,"晴","日間自然光線",60,"四岔路","交叉路口內","柏油","乾燥","良好","正常","無","未繪設快慢車道分隔線","無",81,"非汽(機)車駕駛人",120.533228,23.713671,"雲林縣","斗六市"
"追撞","2018",10,2,11,"晴","日間自然光線",60,"直路","快車道","柏油","乾燥","良好","正常","中央分向島","寛式快慢車道分隔島(50公分以上)","有",41,"未使用",120.302316,22.773237,"高雄市","橋頭區"
"追撞","2018",10,2,11,"晴","日間自然光線",60,"直路","快車道","柏油","乾燥","良好","正常","中央分向島","寛式快慢車道分隔島(50公分以上)","有",65,"未使用",120.302316,22.773237,"高雄市","橋頭區"
"同向擦撞","2018",10,2,20,"晴","夜間(或隧道、地下道、涵洞)有照明",50,"彎曲路及附近","一般車道(未劃分快慢車道)","柏油","乾燥","良好","無號誌","雙向禁止超車線","未繪設快慢車道分隔線","有",13,"未使用",121.783587,25.145873,"基隆市","中正區"
"同向擦撞","2018",10,2,20,"晴","夜間(或隧道、地下道、涵洞)有照明",50,"彎曲路及附近","一般車道(未劃分快慢車道)","柏油","乾燥","良好","無號誌","雙向禁止超車線","未繪設快慢車道分隔線","有",14,"未使用",121.783587,25.145873,"基隆市","中正區"
"同向擦撞","2018",10,2,20,"晴","夜間(或隧道、地下道、涵洞)有照明",50,"彎曲路及附近","一般車道(未劃分快慢車道)","柏油","乾燥","良好","無號誌","雙向禁止超車線","未繪設快慢車道分隔線","有",46,"未使用",121.783587,25.145873,"基隆市","中正區"
"側撞","2018",10,2,23,"陰","夜間(或隧道、地下道、涵洞)有照明",50,"四岔路","交叉路口內","柏油","乾燥","良好","正常","雙向禁止超車線","未繪設快慢車道分隔線","有",66,"未使用",120.54065,24.068672,"彰化縣","彰化市"
"側撞","2018",10,2,23,"陰","夜間(或隧道、地下道、涵洞)有照明",50,"四岔路","交叉路口內","柏油","乾燥","良好","正常","雙向禁止超車線","未繪設快慢車道分隔線","有",25,"未使用",120.54065,24.068672,"彰化縣","彰化市"
"衝出路外","2018",10,3,1,"晴","夜間(或隧道、地下道、涵洞)有照明",50,"三岔路","交叉口附近","柏油","乾燥","良好","正常","雙向禁止超車線","未繪設快慢車道分隔線","無",59,"不明",120.958438,24.794092,"新竹市","北區"
"其他","2018",10,3,6,"晴","日間自然光線",70,"直路","快車道","柏油","乾燥","良好","無號誌","行車分向線","窄式快慢車道分隔島(無柵欄)","有",73,"未使用",120.460081,22.803165,"高雄市","旗山區"
"其他","2018",10,3,6,"晴","日間自然光線",70,"直路","快車道","柏油","乾燥","良好","無號誌","行車分向線","窄式快慢車道分隔島(無柵欄)","有",23,"未使用",120.460081,22.803165,"高雄市","旗山區"
"側撞","2018",10,3,10,"晴","日間自然光線",40,"直路","快車道","柏油","乾燥","良好","無號誌","行車分向線","快慢車道分隔線","無",60,"未使用",120.304732,22.635869,"高雄市","新興區"
"側撞","2018",10,3,10,"晴","日間自然光線",40,"直路","快車道","柏油","乾燥","良好","無號誌","行車分向線","快慢車道分隔線","無",32,"未使用",120.304732,22.635869,"高雄市","新興區"
"側撞","2018",10,3,10,"晴","日間自然光線",40,"直路","快車道","柏油","乾燥","良好","無號誌","行車分向線","快慢車道分隔線","無",76,"不明",120.304732,22.635869,"高雄市","新興區"
"側撞","2018",10,3,11,"晴","日間自然光線",50,"四岔路","交叉路口內","柏油","乾燥","良好","正常","無","未繪設快慢車道分隔線","無",84,"未使用",120.284842,22.625379,"高雄市","鹽埕區"
"側撞","2018",10,3,11,"晴","日間自然光線",50,"四岔路","交叉路口內","柏油","乾燥","良好","正常","無","未繪設快慢車道分隔線","無",72,"未使用",120.284842,22.625379,"高雄市","鹽埕區"
"對向擦撞","2018",10,3,16,"晴","日間自然光線",40,"彎曲路及附近","一般車道(未劃分快慢車道)","柏油","乾燥","良好","無號誌","雙向禁止超車線","未繪設快慢車道分隔線","有",50,"未使用",120.78989,24.100388,"臺中市","太平區"
"對向擦撞","2018",10,3,16,"晴","日間自然光線",40,"彎曲路及附近","一般車道(未劃分快慢車道)","柏油","乾燥","良好","無號誌","雙向禁止超車線","未繪設快慢車道分隔線","有",19,"未使用",120.78989,24.100388,"臺中市","太平區"
"其他","2018",10,4,1,"陰","日間自然光線",50,"直路","一般車道(未劃分快慢車道)","柏油","乾燥","良好","無號誌","中央分向島","快慢車道分隔線","有",27,"不明",121.076545,24.752464,"新竹縣","竹東鎮"
"其他","2018",10,4,1,"陰","日間自然光線",50,"直路","一般車道(未劃分快慢車道)","柏油","乾燥","良好","無號誌","中央分向島","快慢車道分隔線","有",44,"未使用",121.076545,24.752464,"新竹縣","竹東鎮"
"其他","2018",10,4,1,"陰","日間自然光線",50,"直路","一般車道(未劃分快慢車道)","柏油","乾燥","良好","無號誌","中央分向島","快慢車道分隔線","有",43,"未使用",121.076545,24.752464,"新竹縣","竹東鎮"
"側撞","2018",10,4,7,"晴","日間自然光線",40,"四岔路","交叉路口內","柏油","乾燥","良好","正常","無","未繪設快慢車道分隔線","無",56,"未使用",120.485031,24.008678,"彰化縣","埔鹽鄉"
"側撞","2018",10,4,7,"晴","日間自然光線",40,"四岔路","交叉路口內","柏油","乾燥","良好","正常","無","未繪設快慢車道分隔線","無",41,"未使用",120.485031,24.008678,"彰化縣","埔鹽鄉"
"衝出路外","2018",10,4,20,"雨","夜間(或隧道、地下道、涵洞)有照明",50,"彎曲路及附近","一般車道(未劃分快慢車道)","柏油","濕潤","良好","無號誌","行車分向線","未繪設快慢車道分隔線","有",21,"未使用",121.205444,25.044078,"桃園市","大園區"
"路口交岔撞","2018",10,5,11,"晴","日間自然光線",50,"四岔路","交叉口附近","柏油","乾燥","良好","正常","行車分向線","未繪設快慢車道分隔線","有",50,"未使用",121.003566,24.841044,"新竹縣","竹北市"
"路口交岔撞","2018",10,5,11,"晴","日間自然光線",50,"四岔路","交叉口附近","柏油","乾燥","良好","正常","行車分向線","未繪設快慢車道分隔線","有",31,"未使用",121.003566,24.841044,"新竹縣","竹北市"
"側撞","2018",10,5,15,"晴","日間自然光線",50,"四岔路","交叉路口內","柏油","乾燥","良好","正常","無","未繪設快慢車道分隔線","無",44,"未使用",120.934214,24.84238,"新竹市","北區"
"側撞","2018",10,5,15,"晴","日間自然光線",50,"四岔路","交叉路口內","柏油","乾燥","良好","正常","無","未繪設快慢車道分隔線","無",72,"未使用",120.934214,24.84238,"新竹市","北區"
"其他","2018",10,5,16,"晴","日間自然光線",110,"直路","快車道","柏油","乾燥","良好","無號誌","中央分向島","未繪設快慢車道分隔線","有",25,"未使用",120.526019,22.596292,"屏東縣","竹田鄉"
"其他","2018",10,5,16,"晴","日間自然光線",110,"直路","快車道","柏油","乾燥","良好","無號誌","中央分向島","未繪設快慢車道分隔線","有",47,"非汽(機)車駕駛人",120.526019,22.596292,"屏東縣","竹田鄉"
"其他","2018",10,5,16,"晴","日間自然光線",110,"直路","快車道","柏油","乾燥","良好","無號誌","中央分向島","未繪設快慢車道分隔線","有",55,"未使用",120.526019,22.596292,"屏東縣","竹田鄉"
"其他","2018",10,5,16,"晴","日間自然光線",110,"直路","快車道","柏油","乾燥","良好","無號誌","中央分向島","未繪設快慢車道分隔線","有",30,"未使用",120.526019,22.596292,"屏東縣","竹田鄉"
"其他","2018",10,5,16,"晴","日間自然光線",110,"直路","快車道","柏油","乾燥","良好","無號誌","中央分向島","未繪設快慢車道分隔線","有",37,"未使用",120.526019,22.596292,"屏東縣","竹田鄉"
"其他","2018",10,5,16,"晴","日間自然光線",110,"直路","快車道","柏油","乾燥","良好","無號誌","中央分向島","未繪設快慢車道分隔線","有",46,"未使用",120.526019,22.596292,"屏東縣","竹田鄉"
"其他","2018",10,5,16,"晴","日間自然光線",110,"直路","快車道","柏油","乾燥","良好","無號誌","中央分向島","未繪設快慢車道分隔線","有",25,"未使用",120.526019,22.596292,"屏東縣","竹田鄉"
"其他","2018",10,5,16,"晴","日間自然光線",110,"直路","快車道","柏油","乾燥","良好","無號誌","中央分向島","未繪設快慢車道分隔線","有",46,"未使用",120.526019,22.596292,"屏東縣","竹田鄉"
"其他","2018",10,5,16,"晴","日間自然光線",110,"直路","快車道","柏油","乾燥","良好","無號誌","中央分向島","未繪設快慢車道分隔線","有",25,"未使用",120.526019,22.596292,"屏東縣","竹田鄉"
"其他","2018",10,5,16,"晴","日間自然光線",110,"直路","快車道","柏油","乾燥","良好","無號誌","中央分向島","未繪設快慢車道分隔線","有",36,"未使用",120.526019,22.596292,"屏東縣","竹田鄉"
"其他","2018",10,5,23,"晴","夜間(或隧道、地下道、涵洞)有照明",40,"四岔路","交叉路口內","柏油","乾燥","良好","正常","中央分向島","未繪設快慢車道分隔線","有",20,"未使用",121.465545,25.061243,"新北市","泰山區"
"其他","2018",10,5,23,"晴","夜間(或隧道、地下道、涵洞)有照明",40,"四岔路","交叉路口內","柏油","乾燥","良好","正常","中央分向島","未繪設快慢車道分隔線","有",43,"未使用",121.465545,25.061243,"新北市","泰山區"
"其他","2018",10,5,23,"晴","夜間(或隧道、地下道、涵洞)有照明",40,"四岔路","交叉路口內","柏油","乾燥","良好","正常","中央分向島","未繪設快慢車道分隔線","有",22,"未使用",121.465545,25.061243,"新北市","泰山區"
"其他","2018",10,5,23,"晴","夜間(或隧道、地下道、涵洞)有照明",40,"四岔路","交叉路口內","柏油","乾燥","良好","正常","中央分向島","未繪設快慢車道分隔線","有",20,"未使用",121.465545,25.061243,"新北市","泰山區"
"其他","2018",10,5,23,"晴","夜間(或隧道、地下道、涵洞)有照明",40,"四岔路","交叉路口內","柏油","乾燥","良好","正常","中央分向島","未繪設快慢車道分隔線","有",20,"未使用",121.465545,25.061243,"新北市","泰山區"
"對撞","2018",10,6,0,"晴","夜間(或隧道、地下道、涵洞)有照明",50,"彎曲路及附近","一般車道(未劃分快慢車道)","柏油","乾燥","良好","無號誌","無","未繪設快慢車道分隔線","有",34,"未使用",120.677505,23.853784,"南投縣","名間鄉"
"對撞","2018",10,6,0,"晴","夜間(或隧道、地下道、涵洞)有照明",50,"彎曲路及附近","一般車道(未劃分快慢車道)","柏油","乾燥","良好","無號誌","無","未繪設快慢車道分隔線","有",24,"未使用",120.677505,23.853784,"南投縣","名間鄉"
"同向通行中","2018",10,6,7,"晴","日間自然光線",40,"彎曲路及附近","一般車道(未劃分快慢車道)","柏油","乾燥","良好","無號誌","雙向禁止超車線","未繪設快慢車道分隔線","無",27,"未使用",121.732251,25.161198,"基隆市","中山區"
"同向通行中","2018",10,6,7,"晴","日間自然光線",40,"彎曲路及附近","一般車道(未劃分快慢車道)","柏油","乾燥","良好","無號誌","雙向禁止超車線","未繪設快慢車道分隔線","無",54,"非汽(機)車駕駛人",121.732251,25.161198,"基隆市","中山區"
"同向擦撞","2018",10,7,5,"晴","晨或暮光",50,"三岔路","交叉路口內","柏油","乾燥","良好","正常","無","未繪設快慢車道分隔線","無",74,"未使用",121.295607,24.923697,"桃園市","大溪區"
"同向擦撞","2018",10,7,5,"晴","晨或暮光",50,"三岔路","交叉路口內","柏油","乾燥","良好","正常","無","未繪設快慢車道分隔線","無",68,"非汽(機)車駕駛人",121.295607,24.923697,"桃園市","大溪區"
"同向擦撞","2018",10,7,5,"晴","晨或暮光",50,"三岔路","交叉路口內","柏油","乾燥","良好","正常","無","未繪設快慢車道分隔線","無",45,"未使用",121.295607,24.923697,"桃園市","大溪區"
"側撞","2018",10,7,8,"晴","日間自然光線",50,"三岔路","快車道","柏油","乾燥","良好","正常","行車分向線","快慢車道分隔線","有",20,"未使用",120.460593,23.440979,"嘉義縣","中埔鄉"
"側撞","2018",10,7,8,"晴","日間自然光線",50,"三岔路","快車道","柏油","乾燥","良好","正常","行車分向線","快慢車道分隔線","有",37,"未使用",120.460593,23.440979,"嘉義縣","中埔鄉"
"撞路樹、電桿","2018",10,8,1,"晴","夜間(或隧道、地下道、涵洞)有照明",50,"直路","路肩、路緣","柏油","乾燥","良好","正常","行車分向線","未繪設快慢車道分隔線","有",21,"未使用",120.291328,23.045505,"臺南市","新化區"
"倒車撞","2018",10,8,12,"晴","日間自然光線",40,"三岔路","交叉口附近","柏油","乾燥","良好","無號誌","無","未繪設快慢車道分隔線","無",51,"未使用",121.22479,24.868558,"桃園市","龍潭區"
"倒車撞","2018",10,8,12,"晴","日間自然光線",40,"三岔路","交叉口附近","柏油","乾燥","良好","無號誌","無","未繪設快慢車道分隔線","無",67,"未使用",121.22479,24.868558,"桃園市","龍潭區"
"側撞","2018",10,8,14,"晴","日間自然光線",50,"直路","慢車道","柏油","乾燥","良好","無號誌","中央分向島","快慢車道分隔線","有",50,"不明",120.143661,23.456478,"嘉義縣","東石鄉"
"側撞","2018",10,8,14,"晴","日間自然光線",50,"直路","慢車道","柏油","乾燥","良好","無號誌","中央分向島","快慢車道分隔線","有",18,"不明",120.143661,23.456478,"嘉義縣","東石鄉"
"路口交岔撞","2018",10,8,15,"晴","日間自然光線",40,"四岔路","交叉路口內","柏油","乾燥","良好","正常","無","未繪設快慢車道分隔線","有",71,"未使用",120.279699,22.977325,"臺南市","歸仁區"
"路口交岔撞","2018",10,8,15,"晴","日間自然光線",40,"四岔路","交叉路口內","柏油","乾燥","良好","正常","無","未繪設快慢車道分隔線","有",29,"未使用",120.279699,22.977325,"臺南市","歸仁區"
"路口交岔撞","2018",10,8,15,"晴","日間自然光線",40,"四岔路","交叉路口內","柏油","乾燥","良好","正常","無","未繪設快慢車道分隔線","有",31,"未使用",120.279699,22.977325,"臺南市","歸仁區"
"穿越道路中","2018",10,8,18,"晴","夜間(或隧道、地下道、涵洞)有照明",50,"直路","快車道","柏油","乾燥","良好","無號誌","雙向禁止超車線","快慢車道分隔線","有",68,"未使用",120.169813,23.169956,"臺南市","佳里區"
"穿越道路中","2018",10,8,18,"晴","夜間(或隧道、地下道、涵洞)有照明",50,"直路","快車道","柏油","乾燥","良好","無號誌","雙向禁止超車線","快慢車道分隔線","有",76,"非汽(機)車駕駛人",120.169813,23.169956,"臺南市","佳里區"
"穿越道路中","2018",10,8,18,"晴","夜間(或隧道、地下道、涵洞)有照明",50,"三岔路","交叉路口內","柏油","乾燥","良好","無號誌","無","未繪設快慢車道分隔線","無",36,"未使用",120.434353,23.478231,"嘉義市","西區"
"穿越道路中","2018",10,8,18,"晴","夜間(或隧道、地下道、涵洞)有照明",50,"三岔路","交叉路口內","柏油","乾燥","良好","無號誌","無","未繪設快慢車道分隔線","無",79,"不明",120.434353,23.478231,"嘉義市","西區"
"撞護欄(樁)","2018",10,8,21,"晴","夜間(或隧道、地下道、涵洞)有照明",40,"直路","一般車道(未劃分快慢車道)","柏油","乾燥","不良","無號誌","無","未繪設快慢車道分隔線","無",28,"不明",120.575513,23.7274,"雲林縣","斗六市"
"路口交岔撞","2018",10,9,7,"晴","日間自然光線",60,"四岔路","交叉路口內","柏油","乾燥","良好","正常","中央分向島","快慢車道分隔線","有",58,"未使用",120.445493,22.665551,"屏東縣","屏東市"
"路口交岔撞","2018",10,9,7,"晴","日間自然光線",60,"四岔路","交叉路口內","柏油","乾燥","良好","正常","中央分向島","快慢車道分隔線","有",74,"未使用",120.445493,22.665551,"屏東縣","屏東市"
"路上翻車、摔倒","2018",10,9,12,"晴","日間自然光線",40,"直路","一般車道(未劃分快慢車道)","柏油","乾燥","良好","無號誌","無","未繪設快慢車道分隔線","無",80,"不明",120.584559,23.692065,"雲林縣","古坑鄉"
"追撞","2018",10,9,13,"晴","日間自然光線",70,"直路","機車優先道","柏油","乾燥","良好","無號誌","行車分向線","快慢車道分隔線","有",43,"不明",120.453628,24.018627,"彰化縣","福興鄉"
"追撞","2018",10,9,13,"晴","日間自然光線",70,"直路","機車優先道","柏油","乾燥","良好","無號誌","行車分向線","快慢車道分隔線","有",31,"未使用",120.453628,24.018627,"彰化縣","福興鄉"
"追撞","2018",10,9,13,"晴","日間自然光線",70,"直路","機車優先道","柏油","乾燥","良好","無號誌","行車分向線","快慢車道分隔線","有",20,"未使用",120.453628,24.018627,"彰化縣","福興鄉"
"路口交岔撞","2018",10,9,16,"雨","日間自然光線",50,"四岔路","交叉路口內","柏油","濕潤","良好","無號誌","無","未繪設快慢車道分隔線","無",65,"未使用",121.494931,23.841851,"花蓮縣","壽豐鄉"
"路口交岔撞","2018",10,9,16,"雨","日間自然光線",50,"四岔路","交叉路口內","柏油","濕潤","良好","無號誌","無","未繪設快慢車道分隔線","無",59,"未使用",121.494931,23.841851,"花蓮縣","壽豐鄉"
"路上翻車、摔倒","2018",10,9,17,"晴","晨或暮光",50,"三岔路","交叉路口內","柏油","乾燥","良好","無號誌","無","未繪設快慢車道分隔線","無",64,"未使用",120.299548,23.300856,"臺南市","新營區"
"路上翻車、摔倒","2018",10,9,17,"晴","晨或暮光",50,"三岔路","交叉路口內","柏油","乾燥","良好","無號誌","無","未繪設快慢車道分隔線","無",17,"未使用",120.299548,23.300856,"臺南市","新營區"
"路上翻車、摔倒","2018",10,9,17,"晴","晨或暮光",50,"三岔路","交叉路口內","柏油","乾燥","良好","無號誌","無","未繪設快慢車道分隔線","無",42,"未使用",120.299548,23.300856,"臺南市","新營區"
"撞號誌、標誌桿","2018",10,10,7,"晴","日間自然光線",50,"四岔路","交叉路口內","柏油","乾燥","良好","正常","無","未繪設快慢車道分隔線","無",33,"未使用",120.251613,23.176992,"臺南市","麻豆區"
"倒車撞","2018",10,11,12,"陰","日間自然光線",40,"廣場","其他","其他鋪裝","濕潤","良好","無號誌","無","未繪設快慢車道分隔線","無",66,"未使用",121.822669,24.858095,"宜蘭縣","頭城鎮"
"倒車撞","2018",10,11,12,"陰","日間自然光線",40,"廣場","其他","其他鋪裝","濕潤","良好","無號誌","無","未繪設快慢車道分隔線","無",62,"非汽(機)車駕駛人",121.822669,24.858095,"宜蘭縣","頭城鎮"
"倒車撞","2018",10,11,12,"陰","日間自然光線",40,"廣場","其他","其他鋪裝","濕潤","良好","無號誌","無","未繪設快慢車道分隔線","無",2,"非汽(機)車駕駛人",121.822669,24.858095,"宜蘭縣","頭城鎮"
"倒車撞","2018",10,11,12,"陰","日間自然光線",40,"廣場","其他","其他鋪裝","濕潤","良好","無號誌","無","未繪設快慢車道分隔線","無",63,"未使用",121.822669,24.858095,"宜蘭縣","頭城鎮"
"倒車撞","2018",10,11,12,"陰","日間自然光線",40,"廣場","其他","其他鋪裝","濕潤","良好","無號誌","無","未繪設快慢車道分隔線","無",41,"未使用",121.822669,24.858095,"宜蘭縣","頭城鎮"
"倒車撞","2018",10,11,12,"陰","日間自然光線",40,"廣場","其他","其他鋪裝","濕潤","良好","無號誌","無","未繪設快慢車道分隔線","無",19,"未使用",121.822669,24.858095,"宜蘭縣","頭城鎮"
"其他","2018",10,11,17,"雨","夜間(或隧道、地下道、涵洞)有照明",50,"直路","慢車道","柏油","濕潤","良好","無號誌","中央分向島","快慢車道分隔線","無",26,"未使用",121.550155,25.051954,"臺北市","松山區"
"其他","2018",10,11,17,"雨","夜間(或隧道、地下道、涵洞)有照明",50,"直路","慢車道","柏油","濕潤","良好","無號誌","中央分向島","快慢車道分隔線","無",29,"未使用",121.550155,25.051954,"臺北市","松山區"
"其他","2018",10,11,17,"雨","夜間(或隧道、地下道、涵洞)有照明",50,"直路","慢車道","柏油","濕潤","良好","無號誌","中央分向島","快慢車道分隔線","無",24,"未使用",121.550155,25.051954,"臺北市","松山區"
"其他","2018",10,11,17,"雨","夜間(或隧道、地下道、涵洞)有照明",50,"直路","慢車道","柏油","濕潤","良好","無號誌","中央分向島","快慢車道分隔線","無",52,"未使用",121.550155,25.051954,"臺北市","松山區"
"其他","2018",10,11,17,"雨","夜間(或隧道、地下道、涵洞)有照明",50,"直路","慢車道","柏油","濕潤","良好","無號誌","中央分向島","快慢車道分隔線","無",25,"未使用",121.550155,25.051954,"臺北市","松山區"
"其他","2018",10,11,17,"雨","夜間(或隧道、地下道、涵洞)有照明",50,"直路","慢車道","柏油","濕潤","良好","無號誌","中央分向島","快慢車道分隔線","無",23,"未使用",121.550155,25.051954,"臺北市","松山區"
"其他","2018",10,11,17,"雨","夜間(或隧道、地下道、涵洞)有照明",50,"直路","慢車道","柏油","濕潤","良好","無號誌","中央分向島","快慢車道分隔線","無",36,"未使用",121.550155,25.051954,"臺北市","松山區"
"其他","2018",10,11,17,"雨","夜間(或隧道、地下道、涵洞)有照明",50,"直路","慢車道","柏油","濕潤","良好","無號誌","中央分向島","快慢車道分隔線","無",37,"未使用",121.550155,25.051954,"臺北市","松山區"
"其他","2018",10,11,17,"雨","夜間(或隧道、地下道、涵洞)有照明",50,"直路","慢車道","柏油","濕潤","良好","無號誌","中央分向島","快慢車道分隔線","無",25,"未使用",121.550155,25.051954,"臺北市","松山區"