"事故類型及型態子類別名稱","發生年度","發生月份","發生日期","發生時間","天候名稱","光線名稱","速限.第1當事者","道路型態子類別名稱","事故位置子類別名稱","路面狀況.路面鋪裝名稱","路面狀況.路面狀態名稱","道路障礙.視距品質名稱","號誌.號誌動作名稱","車道劃分設施.分向設施大類別名稱","車道劃分設施.分道設施.快慢車道間名稱","車道劃分設施.分道設施.路面邊線名稱","當事者事故發生時年齡","行動電話或電腦或其他相類功能裝置名稱","經度","緯度","縣市","鄉鎮"
"其他","2018",10,11,17,"雨","夜間(或隧道、地下道、涵洞)有照明",50,"直路","慢車道","柏油","濕潤","良好","無號誌","中央分向島","快慢車道分隔線","無",44,"未使用",121.550155,25.051954,"臺北市","松山區"
"其他","2018",10,11,17,"雨","夜間(或隧道、地下道、涵洞)有照明",50,"直路","慢車道","柏油","濕潤","良好","無號誌","中央分向島","快慢車道分隔線","無",27,"未使用",121.550155,25.051954,"臺北市","松山區"
"其他","2018",10,11,17,"雨","夜間(或隧道、地下道、涵洞)有照明",50,"直路","慢車道","柏油","濕潤","良好","無號誌","中央分向島","快慢車道分隔線","無",64,"不明",121.550155,25.051954,"臺北市","松山區"
"其他","2018",10,11,17,"雨","夜間(或隧道、地下道、涵洞)有照明",50,"直路","慢車道","柏油","濕潤","良好","無號誌","中央分向島","快慢車道分隔線","無",66,"不明",121.550155,25.051954,"臺北市","松山區"
"其他","2018",10,11,17,"雨","夜間(或隧道、地下道、涵洞)有照明",50,"直路","慢車道","柏油","濕潤","良好","無號誌","中央分向島","快慢車道分隔線","無",66,"未使用",121.550155,25.051954,"臺北市","松山區"
"其他","2018",10,11,17,"雨","夜間(或隧道、地下道、涵洞)有照明",50,"直路","慢車道","柏油","濕潤","良好","無號誌","中央分向島","快慢車道分隔線","無",21,"未使用",121.550155,25.051954,"臺北市","松山區"
"其他","2018",10,11,17,"雨","夜間(或隧道、地下道、涵洞)有照明",50,"直路","慢車道","柏油","濕潤","良好","無號誌","中央分向島","快慢車道分隔線","無",64,"非汽(機)車駕駛人",121.550155,25.051954,"臺北市","松山區"
"追撞","2018",10,12,1,"晴","夜間(或隧道、地下道、涵洞)無照明",100,"直路","快車道","柏油","乾燥","良好","無號誌","中央分向島","未繪設快慢車道分隔線","有",30,"未使用",120.382228,22.759615,"高雄市","燕巢區"
"追撞","2018",10,12,1,"晴","夜間(或隧道、地下道、涵洞)無照明",100,"直路","快車道","柏油","乾燥","良好","無號誌","中央分向島","未繪設快慢車道分隔線","有",32,"未使用",120.382228,22.759615,"高雄市","燕巢區"
"對撞","2018",10,12,2,"陰","夜間(或隧道、地下道、涵洞)有照明",100,"直路","快車道","柏油","乾燥","良好","無號誌","中央分向島","未繪設快慢車道分隔線","有",32,"未使用",120.336866,22.618118,"高雄市","鳳山區"
"對撞","2018",10,12,2,"陰","夜間(或隧道、地下道、涵洞)有照明",100,"直路","快車道","柏油","乾燥","良好","無號誌","中央分向島","未繪設快慢車道分隔線","有",37,"不明",120.336866,22.618118,"高雄市","鳳山區"
"對撞","2018",10,12,2,"陰","夜間(或隧道、地下道、涵洞)有照明",100,"直路","快車道","柏油","乾燥","良好","無號誌","中央分向島","未繪設快慢車道分隔線","有",21,"非汽(機)車駕駛人",120.336866,22.618118,"高雄市","鳳山區"
"對撞","2018",10,12,2,"陰","夜間(或隧道、地下道、涵洞)有照明",100,"直路","快車道","柏油","乾燥","良好","無號誌","中央分向島","未繪設快慢車道分隔線","有",19,"未使用",120.336866,22.618118,"高雄市","鳳山區"
"側撞","2018",10,12,8,"晴","日間自然光線",50,"三岔路","交叉路口內","柏油","乾燥","良好","正常","無","未繪設快慢車道分隔線","無",55,"未使用",120.367331,22.634687,"高雄市","鳳山區"
"側撞","2018",10,12,8,"晴","日間自然光線",50,"三岔路","交叉路口內","柏油","乾燥","良好","正常","無","未繪設快慢車道分隔線","無",42,"未使用",120.367331,22.634687,"高雄市","鳳山區"
"撞護欄(樁)","2018",10,12,12,"晴","日間自然光線",60,"彎曲路及附近","路肩、路緣","柏油","乾燥","良好","無號誌","雙向禁止超車線","未繪設快慢車道分隔線","有",64,"未使用",120.43335,23.091025,"臺南市","玉井區"
"撞護欄(樁)","2018",10,12,12,"晴","日間自然光線",60,"彎曲路及附近","路肩、路緣","柏油","乾燥","良好","無號誌","雙向禁止超車線","未繪設快慢車道分隔線","有",83,"非汽(機)車駕駛人",120.43335,23.091025,"臺南市","玉井區"
"側撞","2018",10,12,16,"晴","日間自然光線",60,"三岔路","交叉口附近","柏油","乾燥","良好","無號誌","中央分向島","寛式快慢車道分隔島(50公分以上)","有",58,"不明",120.509776,24.219768,"臺中市","龍井區"
"側撞","2018",10,12,16,"晴","日間自然光線",60,"三岔路","交叉口附近","柏油","乾燥","良好","無號誌","中央分向島","寛式快慢車道分隔島(50公分以上)","有",50,"未使用",120.509776,24.219768,"臺中市","龍井區"
"撞護欄(樁)","2018",10,13,3,"陰","夜間(或隧道、地下道、涵洞)有照明",50,"直路","直線匝道","柏油","濕潤","良好","無號誌","無","未繪設快慢車道分隔線","有",38,"未使用",121.242764,25.032952,"桃園市","蘆竹區"
"撞護欄(樁)","2018",10,13,3,"陰","夜間(或隧道、地下道、涵洞)有照明",50,"直路","直線匝道","柏油","濕潤","良好","無號誌","無","未繪設快慢車道分隔線","有",31,"未使用",121.242764,25.032952,"桃園市","蘆竹區"
"同向擦撞","2018",10,13,8,"晴","日間自然光線",110,"直路","快車道","柏油","乾燥","良好","無號誌","中央分向島","未繪設快慢車道分隔線","有",30,"不明",120.576835,24.130027,"臺中市","大肚區"
"同向擦撞","2018",10,13,8,"晴","日間自然光線",110,"直路","快車道","柏油","乾燥","良好","無號誌","中央分向島","未繪設快慢車道分隔線","有",56,"未使用",120.576835,24.130027,"臺中市","大肚區"
"撞路樹、電桿","2018",10,13,10,"晴","日間自然光線",50,"彎曲路及附近","路肩、路緣","柏油","乾燥","不良","無號誌","雙向禁止超車線","快慢車道分隔線","有",79,"未使用",120.509429,23.475921,"嘉義縣","番路鄉"
"側撞","2018",10,13,10,"晴","日間自然光線",50,"直路","一般車道(未劃分快慢車道)","柏油","乾燥","良好","無號誌","雙向禁止超車線","未繪設快慢車道分隔線","有",67,"不明",120.462543,22.943416,"高雄市","內門區"
"側撞","2018",10,13,10,"晴","日間自然光線",50,"直路","一般車道(未劃分快慢車道)","柏油","乾燥","良好","無號誌","雙向禁止超車線","未繪設快慢車道分隔線","有",18,"不明",120.462543,22.943416,"高雄市","內門區"
"路口交岔撞","2018",10,13,17,"陰","日間自然光線",50,"四岔路","交叉路口內","柏油","乾燥","良好","正常","雙向禁止超車線","快慢車道分隔線","有",25,"未使用",121.470823,25.034292,"新北市","板橋區"
"路口交岔撞","2018",10,13,17,"陰","日間自然光線",50,"四岔路","交叉路口內","柏油","乾燥","良好","正常","雙向禁止超車線","快慢車道分隔線","有",65,"未使用",121.470823,25.034292,"新北市","板橋區"
"在路上嬉戲","2018",10,14,17,"晴","晨或暮光",40,"直路","一般車道(未劃分快慢車道)","柏油","乾燥","良好","無號誌","無","未繪設快慢車道分隔線","無",58,"未使用",120.881283,22.192964,"屏東縣","牡丹鄉"
"在路上嬉戲","2018",10,14,17,"晴","晨或暮光",40,"直路","一般車道(未劃分快慢車道)","柏油","乾燥","良好","無號誌","無","未繪設快慢車道分隔線","無",2,"非汽(機)車駕駛人",120.881283,22.192964,"屏東縣","牡丹鄉"
"路口交岔撞","2018",10,15,4,"陰","夜間(或隧道、地下道、涵洞)有照明",50,"四岔路","交叉路口內","柏油","乾燥","良好","正常","無","未繪設快慢車道分隔線","有",47,"不明",121.688988,24.681497,"宜蘭縣","三星鄉"
"路口交岔撞","2018",10,15,4,"陰","夜間(或隧道、地下道、涵洞)有照明",50,"四岔路","交叉路口內","柏油","乾燥","良好","正常","無","未繪設快慢車道分隔線","有",47,"未使用",121.688988,24.681497,"宜蘭縣","三星鄉"
"其他","2018",10,15,9,"陰","日間自然光線",70,"三岔路","交叉口附近","柏油","濕潤","良好","正常","中央分向島","窄式快慢車道分隔島(無柵欄)","無",45,"不明",121.486077,25.12175,"臺北市","北投區"
"路口交岔撞","2018",10,15,11,"晴","日間自然光線",50,"四岔路","交叉路口內","柏油","乾燥","良好","正常","無","未繪設快慢車道分隔線","無",38,"未使用",120.6955,24.126148,"臺中市","東區"
"路口交岔撞","2018",10,15,11,"晴","日間自然光線",50,"四岔路","交叉路口內","柏油","乾燥","良好","正常","無","未繪設快慢車道分隔線","無",28,"未使用",120.6955,24.126148,"臺中市","東區"
"對向擦撞","2018",10,15,16,"晴","日間自然光線",40,"直路","一般車道(未劃分快慢車道)","柏油","乾燥","良好","無號誌","無","未繪設快慢車道分隔線","無",59,"不明",120.384471,22.629031,"高雄市","大寮區"
"對向擦撞","2018",10,15,16,"晴","日間自然光線",40,"直路","一般車道(未劃分快慢車道)","柏油","乾燥","良好","無號誌","無","未繪設快慢車道分隔線","無",39,"未使用",120.384471,22.629031,"高雄市","大寮區"
"路口交岔撞","2018",10,15,16,"晴","日間自然光線",50,"四岔路","交叉路口內","柏油","乾燥","良好","正常","行車分向線","未繪設快慢車道分隔線","有",71,"未使用",120.431116,24.013202,"彰化縣","埔鹽鄉"
"路口交岔撞","2018",10,15,16,"晴","日間自然光線",50,"四岔路","交叉路口內","柏油","乾燥","良好","正常","行車分向線","未繪設快慢車道分隔線","有",69,"非汽(機)車駕駛人",120.431116,24.013202,"彰化縣","埔鹽鄉"
"路口交岔撞","2018",10,15,16,"晴","日間自然光線",50,"四岔路","交叉路口內","柏油","乾燥","良好","正常","行車分向線","未繪設快慢車道分隔線","有",50,"未使用",120.431116,24.013202,"彰化縣","埔鹽鄉"
"側撞","2018",10,15,22,"晴","夜間(或隧道、地下道、涵洞)有照明",50,"四岔路","交叉路口內","柏油","乾燥","良好","正常","無","未繪設快慢車道分隔線","無",60,"未使用",121.465128,25.018586,"新北市","板橋區"
"側撞","2018",10,15,22,"晴","夜間(或隧道、地下道、涵洞)有照明",50,"四岔路","交叉路口內","柏油","乾燥","良好","正常","無","未繪設快慢車道分隔線","無",20,"未使用",121.465128,25.018586,"新北市","板橋區"
"路口交岔撞","2018",10,16,9,"陰","日間自然光線",50,"四岔路","交叉路口內","柏油","乾燥","良好","正常","無","未繪設快慢車道分隔線","無",71,"未使用",121.302351,24.974167,"桃園市","八德區"
"路口交岔撞","2018",10,16,9,"陰","日間自然光線",50,"四岔路","交叉路口內","柏油","乾燥","良好","正常","無","未繪設快慢車道分隔線","無",20,"未使用",121.302351,24.974167,"桃園市","八德區"
"路口交岔撞","2018",10,16,11,"晴","日間自然光線",40,"四岔路","交叉路口內","柏油","乾燥","良好","正常","無","未繪設快慢車道分隔線","無",29,"不明",120.29915,22.620785,"高雄市","前金區"
"路口交岔撞","2018",10,16,11,"晴","日間自然光線",40,"四岔路","交叉路口內","柏油","乾燥","良好","正常","無","未繪設快慢車道分隔線","無",35,"未使用",120.29915,22.620785,"高雄市","前金區"
"側撞","2018",10,16,13,"晴","日間自然光線",50,"四岔路","交叉路口內","柏油","乾燥","良好","無號誌","雙向禁止超車線","未繪設快慢車道分隔線","無",24,"不明",120.973025,24.794273,"新竹市","東區"
"側撞","2018",10,16,13,"晴","日間自然光線",50,"四岔路","交叉路口內","柏油","乾燥","良好","無號誌","雙向禁止超車線","未繪設快慢車道分隔線","無",26,"未使用",120.973025,24.794273,"新竹市","東區"
"側撞","2018",10,16,13,"晴","日間自然光線",50,"四岔路","交叉路口內","柏油","乾燥","良好","無號誌","雙向禁止超車線","未繪設快慢車道分隔線","無",23,"未使用",120.973025,24.794273,"新竹市","東區"
"側撞","2018",10,16,13,"晴","日間自然光線",50,"四岔路","交叉路口內","柏油","乾燥","良好","無號誌","雙向禁止超車線","未繪設快慢車道分隔線","無",70,"未使用",120.973025,24.794273,"新竹市","東區"
"其他","2018",10,16,20,"晴","夜間(或隧道、地下道、涵洞)有照明",40,"直路","慢車道","柏油","乾燥","良好","無號誌","中央分向島","快慢車道分隔線","無",107,"",120.284582,22.644439,"高雄市","三民區"
"其他","2018",10,16,20,"晴","夜間(或隧道、地下道、涵洞)有照明",40,"直路","慢車道","柏油","乾燥","良好","無號誌","中央分向島","快慢車道分隔線","無",28,"不明",120.284582,22.644439,"高雄市","三民區"
"撞路樹、電桿","2018",10,17,6,"晴","晨或暮光",60,"直路","路肩、路緣","柏油","乾燥","良好","無號誌","行車分向線","快慢車道分隔線","有",61,"不明",120.297822,23.197998,"臺南市","官田區"
"撞路樹、電桿","2018",10,18,7,"晴","日間自然光線",60,"直路","一般車道(未劃分快慢車道)","柏油","乾燥","良好","無號誌","中央分向島","未繪設快慢車道分隔線","有",107,"",120.228233,22.85497,"高雄市","路竹區"
"撞路樹、電桿","2018",10,18,7,"晴","日間自然光線",60,"直路","一般車道(未劃分快慢車道)","柏油","乾燥","良好","無號誌","中央分向島","未繪設快慢車道分隔線","有",23,"未使用",120.228233,22.85497,"高雄市","路竹區"
"其他","2018",10,18,7,"晴","日間自然光線",40,"三岔路","一般車道(未劃分快慢車道)","柏油","乾燥","良好","無號誌","行車分向線","未繪設快慢車道分隔線","有",29,"未使用",120.970576,23.941002,"南投縣","埔里鎮"
"其他","2018",10,18,7,"晴","日間自然光線",40,"三岔路","一般車道(未劃分快慢車道)","柏油","乾燥","良好","無號誌","行車分向線","未繪設快慢車道分隔線","有",78,"非汽(機)車駕駛人",120.970576,23.941002,"南投縣","埔里鎮"
"側撞","2018",10,18,17,"晴","日間自然光線",50,"三岔路","交叉路口內","柏油","乾燥","良好","無號誌","雙向禁止超車線","未繪設快慢車道分隔線","有",66,"未使用",118.324305,24.460321,"金門縣","金寧鄉"
"側撞","2018",10,18,17,"晴","日間自然光線",50,"三岔路","交叉路口內","柏油","乾燥","良好","無號誌","雙向禁止超車線","未繪設快慢車道分隔線","有",43,"未使用",118.324305,24.460321,"金門縣","金寧鄉"
"追撞","2018",10,19,7,"雨","日間自然光線",70,"其他","快車道","柏油","濕潤","良好","無號誌","中央分向島","快慢車道分隔線","有",50,"未使用",120.596731,24.305909,"臺中市","清水區"
"追撞","2018",10,19,7,"雨","日間自然光線",70,"其他","快車道","柏油","濕潤","良好","無號誌","中央分向島","快慢車道分隔線","有",57,"未使用",120.596731,24.305909,"臺中市","清水區"
"其他","2018",10,19,12,"晴","日間自然光線",60,"四岔路","交叉路口內","柏油","乾燥","良好","正常","無","未繪設快慢車道分隔線","無",62,"不明",120.233842,23.690217,"雲林縣","東勢鄉"
"其他","2018",10,19,12,"晴","日間自然光線",60,"四岔路","交叉路口內","柏油","乾燥","良好","正常","無","未繪設快慢車道分隔線","無",35,"不明",120.233842,23.690217,"雲林縣","東勢鄉"
"撞號誌、標誌桿","2018",10,19,13,"陰","日間自然光線",60,"彎曲路及附近","快車道","柏油","乾燥","良好","無號誌","中央分向島","快慢車道分隔線","有",30,"未使用",120.447061,22.670519,"屏東縣","屏東市"
"穿越道路中","2018",10,19,16,"晴","日間自然光線",60,"直路","一般車道(未劃分快慢車道)","柏油","濕潤","良好","無號誌","雙向禁止超車線","未繪設快慢車道分隔線","有",37,"未使用",121.749445,24.307775,"花蓮縣","秀林鄉"
"穿越道路中","2018",10,19,16,"晴","日間自然光線",60,"直路","一般車道(未劃分快慢車道)","柏油","濕潤","良好","無號誌","雙向禁止超車線","未繪設快慢車道分隔線","有",59,"未使用",121.749445,24.307775,"花蓮縣","秀林鄉"
"穿越道路中","2018",10,19,16,"晴","日間自然光線",60,"直路","一般車道(未劃分快慢車道)","柏油","濕潤","良好","無號誌","雙向禁止超車線","未繪設快慢車道分隔線","有",61,"非汽(機)車駕駛人",121.749445,24.307775,"花蓮縣","秀林鄉"
"其他","2018",10,19,17,"陰","夜間(或隧道、地下道、涵洞)有照明",50,"三岔路","交叉口附近","柏油","乾燥","良好","正常","雙向禁止超車線","未繪設快慢車道分隔線","無",35,"未使用",121.570459,25.002356,"臺北市","文山區"
"其他","2018",10,19,17,"陰","夜間(或隧道、地下道、涵洞)有照明",50,"三岔路","交叉口附近","柏油","乾燥","良好","正常","雙向禁止超車線","未繪設快慢車道分隔線","無",77,"非汽(機)車駕駛人",121.570459,25.002356,"臺北市","文山區"
"追撞","2018",10,20,1,"晴","夜間(或隧道、地下道、涵洞)無照明",110,"直路","快車道","柏油","乾燥","良好","無號誌","中央分向島","未繪設快慢車道分隔線","有",32,"未使用",120.24583,23.234474,"臺南市","下營區"
"追撞","2018",10,20,1,"晴","夜間(或隧道、地下道、涵洞)無照明",110,"直路","快車道","柏油","乾燥","良好","無號誌","中央分向島","未繪設快慢車道分隔線","有",52,"未使用",120.24583,23.234474,"臺南市","下營區"
"追撞","2018",10,20,1,"晴","夜間(或隧道、地下道、涵洞)無照明",110,"直路","快車道","柏油","乾燥","良好","無號誌","中央分向島","未繪設快慢車道分隔線","有",36,"未使用",120.24583,23.234474,"臺南市","下營區"
"追撞","2018",10,20,1,"晴","夜間(或隧道、地下道、涵洞)無照明",110,"直路","快車道","柏油","乾燥","良好","無號誌","中央分向島","未繪設快慢車道分隔線","有",30,"未使用",120.24583,23.234474,"臺南市","下營區"
"追撞","2018",10,20,1,"晴","夜間(或隧道、地下道、涵洞)無照明",110,"直路","快車道","柏油","乾燥","良好","無號誌","中央分向島","未繪設快慢車道分隔線","有",4,"未使用",120.24583,23.234474,"臺南市","下營區"
"追撞","2018",10,20,1,"晴","夜間(或隧道、地下道、涵洞)無照明",110,"直路","快車道","柏油","乾燥","良好","無號誌","中央分向島","未繪設快慢車道分隔線","有",34,"未使用",120.24583,23.234474,"臺南市","下營區"
"衝出路外","2018",10,20,2,"晴","夜間(或隧道、地下道、涵洞)有照明",40,"直路","一般車道(未劃分快慢車道)","柏油","乾燥","良好","無號誌","行車分向線","未繪設快慢車道分隔線","有",34,"不明",120.4631,23.774559,"雲林縣","西螺鎮"
"撞護欄(樁)","2018",10,20,8,"晴","日間自然光線",50,"直路","機車優先道","柏油","乾燥","良好","無號誌","雙向禁止超車線","快慢車道分隔線","有",39,"不明",121.5,25.066667,"新北市","三重區"
"其他","2018",10,20,21,"晴","夜間(或隧道、地下道、涵洞)有照明",30,"三岔路","交叉路口內","柏油","乾燥","良好","無號誌","無","未繪設快慢車道分隔線","有",29,"未使用",121.406958,25.039842,"新北市","新莊區"
"其他","2018",10,20,21,"晴","夜間(或隧道、地下道、涵洞)有照明",30,"三岔路","交叉路口內","柏油","乾燥","良好","無號誌","無","未繪設快慢車道分隔線","有",53,"未使用",121.406958,25.039842,"新北市","新莊區"
"其他","2018",10,20,21,"晴","夜間(或隧道、地下道、涵洞)有照明",30,"三岔路","交叉路口內","柏油","乾燥","良好","無號誌","無","未繪設快慢車道分隔線","有",18,"未使用",121.406958,25.039842,"新北市","新莊區"
"其他","2018",10,20,23,"晴","夜間(或隧道、地下道、涵洞)有照明",50,"直路","一般車道(未劃分快慢車道)","柏油","乾燥","良好","無號誌","行車分向線","未繪設快慢車道分隔線","無",40,"未使用",120.656965,24.26986,"臺中市","神岡區"
"其他","2018",10,20,23,"晴","夜間(或隧道、地下道、涵洞)有照明",50,"直路","一般車道(未劃分快慢車道)","柏油","乾燥","良好","無號誌","行車分向線","未繪設快慢車道分隔線","無",31,"未使用",120.656965,24.26986,"臺中市","神岡區"
"撞路樹、電桿","2018",10,21,6,"晴","日間自然光線",50,"直路","一般車道(未劃分快慢車道)","其他鋪裝","乾燥","良好","無號誌","雙向禁止超車線","未繪設快慢車道分隔線","無",49,"未使用",121.419678,25.078165,"新北市","五股區"
"側撞","2018",10,21,9,"晴","日間自然光線",50,"直路","快車道","柏油","乾燥","良好","無號誌","雙向禁止超車線","未繪設快慢車道分隔線","有",74,"不明",120.389639,22.613406,"高雄市","大寮區"
"側撞","2018",10,21,9,"晴","日間自然光線",50,"直路","快車道","柏油","乾燥","良好","無號誌","雙向禁止超車線","未繪設快慢車道分隔線","有",19,"未使用",120.389639,22.613406,"高雄市","大寮區"
"同向擦撞","2018",10,21,15,"晴","日間自然光線",50,"直路","一般車道(未劃分快慢車道)","柏油","乾燥","良好","無號誌","雙向禁止超車線","未繪設快慢車道分隔線","有",54,"不明",121.454638,25.078158,"新北市","五股區"
"同向擦撞","2018",10,21,15,"晴","日間自然光線",50,"直路","一般車道(未劃分快慢車道)","柏油","乾燥","良好","無號誌","雙向禁止超車線","未繪設快慢車道分隔線","有",50,"不明",121.454638,25.078158,"新北市","五股區"
"其他","2018",10,21,17,"晴","夜間(或隧道、地下道、涵洞)有照明",40,"直路","慢車道","柏油","乾燥","良好","無號誌","雙向禁止超車線","快慢車道分隔線","有",29,"未使用",120.52141,22.489789,"屏東縣","南州鄉"
"其他","2018",10,21,17,"晴","夜間(或隧道、地下道、涵洞)有照明",40,"直路","慢車道","柏油","乾燥","良好","無號誌","雙向禁止超車線","快慢車道分隔線","有",72,"非汽(機)車駕駛人",120.52141,22.489789,"屏東縣","南州鄉"
"穿越道路中","2018",10,21,18,"晴","夜間(或隧道、地下道、涵洞)有照明",50,"三岔路","交叉路口內","柏油","乾燥","良好","正常","無","未繪設快慢車道分隔線","無",79,"非汽(機)車駕駛人",120.19507,22.979914,"臺南市","南區"
"穿越道路中","2018",10,21,18,"晴","夜間(或隧道、地下道、涵洞)有照明",50,"三岔路","交叉路口內","柏油","乾燥","良好","正常","無","未繪設快慢車道分隔線","無",57,"未使用",120.19507,22.979914,"臺南市","南區"
"側撞","2018",10,21,20,"晴","夜間(或隧道、地下道、涵洞)有照明",50,"四岔路","交叉路口內","柏油","乾燥","良好","正常","無","未繪設快慢車道分隔線","無",78,"未使用",120.30495,23.042806,"臺南市","新化區"
"側撞","2018",10,21,20,"晴","夜間(或隧道、地下道、涵洞)有照明",50,"四岔路","交叉路口內","柏油","乾燥","良好","正常","無","未繪設快慢車道分隔線","無",24,"未使用",120.30495,23.042806,"臺南市","新化區"
"其他","2018",10,21,21,"晴","夜間(或隧道、地下道、涵洞)有照明",50,"直路","快車道","柏油","乾燥","良好","無號誌","中央分向島","未繪設快慢車道分隔線","有",34,"未使用",121.461023,25.037234,"新北市","新莊區"
"其他","2018",10,21,21,"晴","夜間(或隧道、地下道、涵洞)有照明",50,"直路","快車道","柏油","乾燥","良好","無號誌","中央分向島","未繪設快慢車道分隔線","有",73,"非汽(機)車駕駛人",121.461023,25.037234,"新北市","新莊區"
"同向擦撞","2018",10,22,9,"晴","日間自然光線",90,"直路","快車道","柏油","乾燥","良好","無號誌","中央分向島","未繪設快慢車道分隔線","有",53,"未使用",120.798548,24.607888,"苗栗縣","後龍鎮"
"同向擦撞","2018",10,22,9,"晴","日間自然光線",90,"直路","快車道","柏油","乾燥","良好","無號誌","中央分向島","未繪設快慢車道分隔線","有",26,"未使用",120.798548,24.607888,"苗栗縣","後龍鎮"
"同向擦撞","2018",10,22,9,"晴","日間自然光線",90,"直路","快車道","柏油","乾燥","良好","無號誌","中央分向島","未繪設快慢車道分隔線","有",44,"非汽(機)車駕駛人",120.798548,24.607888,"苗栗縣","後龍鎮"
"同向擦撞","2018",10,22,9,"晴","日間自然光線",90,"直路","快車道","柏油","乾燥","良好","無號誌","中央分向島","未繪設快慢車道分隔線","有",21,"非汽(機)車駕駛人",120.798548,24.607888,"苗栗縣","後龍鎮"
"同向擦撞","2018",10,22,9,"晴","日間自然光線",90,"直路","快車道","柏油","乾燥","良好","無號誌","中央分向島","未繪設快慢車道分隔線","有",58,"未使用",120.798548,24.607888,"苗栗縣","後龍鎮"
"同向擦撞","2018",10,22,9,"晴","日間自然光線",90,"直路","快車道","柏油","乾燥","良好","無號誌","中央分向島","未繪設快慢車道分隔線","有",46,"未使用",120.798548,24.607888,"苗栗縣","後龍鎮"
"同向擦撞","2018",10,22,9,"晴","日間自然光線",90,"直路","快車道","柏油","乾燥","良好","無號誌","中央分向島","未繪設快慢車道分隔線","有",54,"未使用",120.798548,24.607888,"苗栗縣","後龍鎮"
"同向擦撞","2018",10,22,19,"晴","夜間(或隧道、地下道、涵洞)有照明",50,"直路","一般車道(未劃分快慢車道)","柏油","乾燥","良好","無號誌","行車分向線","未繪設快慢車道分隔線","有",37,"不明",121.506688,24.985193,"新北市","中和區"
"同向擦撞","2018",10,22,19,"晴","夜間(或隧道、地下道、涵洞)有照明",50,"直路","一般車道(未劃分快慢車道)","柏油","乾燥","良好","無號誌","行車分向線","未繪設快慢車道分隔線","有",72,"未使用",121.506688,24.985193,"新北市","中和區"
"衝出路外","2018",10,23,9,"晴","日間自然光線",70,"直路","路肩、路緣","柏油","乾燥","良好","無號誌","中央分向島","快慢車道分隔線","有",28,"不明",120.325321,23.281185,"臺南市","柳營區"
"追撞","2018",10,23,12,"晴","日間自然光線",40,"直路","快車道","柏油","乾燥","良好","正常","無","未繪設快慢車道分隔線","無",77,"未使用",120.30152,22.62716,"高雄市","三民區"
"追撞","2018",10,23,12,"晴","日間自然光線",40,"直路","快車道","柏油","乾燥","良好","正常","無","未繪設快慢車道分隔線","無",20,"未使用",120.30152,22.62716,"高雄市","三民區"
"追撞","2018",10,23,12,"晴","日間自然光線",40,"直路","快車道","柏油","乾燥","良好","正常","無","未繪設快慢車道分隔線","無",58,"未使用",120.30152,22.62716,"高雄市","三民區"
"追撞","2018",10,23,12,"晴","日間自然光線",40,"直路","快車道","柏油","乾燥","良好","正常","無","未繪設快慢車道分隔線","無",18,"未使用",120.30152,22.62716,"高雄市","三民區"
"追撞","2018",10,23,12,"晴","日間自然光線",40,"直路","快車道","柏油","乾燥","良好","正常","無","未繪設快慢車道分隔線","無",19,"未使用",120.30152,22.62716,"高雄市","三民區"
"追撞","2018",10,23,12,"晴","日間自然光線",40,"直路","快車道","柏油","乾燥","良好","正常","無","未繪設快慢車道分隔線","無",42,"未使用",120.30152,22.62716,"高雄市","三民區"
"追撞","2018",10,23,12,"晴","日間自然光線",40,"直路","快車道","柏油","乾燥","良好","正常","無","未繪設快慢車道分隔線","無",35,"未使用",120.30152,22.62716,"高雄市","三民區"
"追撞","2018",10,23,12,"晴","日間自然光線",40,"直路","快車道","柏油","乾燥","良好","正常","無","未繪設快慢車道分隔線","無",31,"未使用",120.30152,22.62716,"高雄市","三民區"
"追撞","2018",10,23,12,"晴","日間自然光線",40,"直路","快車道","柏油","乾燥","良好","正常","無","未繪設快慢車道分隔線","無",42,"未使用",120.30152,22.62716,"高雄市","三民區"
"追撞","2018",10,23,12,"晴","日間自然光線",40,"直路","快車道","柏油","乾燥","良好","正常","無","未繪設快慢車道分隔線","無",54,"未使用",120.30152,22.62716,"高雄市","三民區"
"追撞","2018",10,23,12,"晴","日間自然光線",40,"直路","快車道","柏油","乾燥","良好","正常","無","未繪設快慢車道分隔線","無",21,"未使用",120.30152,22.62716,"高雄市","三民區"
"追撞","2018",10,23,12,"晴","日間自然光線",40,"直路","快車道","柏油","乾燥","良好","正常","無","未繪設快慢車道分隔線","無",37,"未使用",120.30152,22.62716,"高雄市","三民區"
"追撞","2018",10,23,12,"晴","日間自然光線",40,"直路","快車道","柏油","乾燥","良好","正常","無","未繪設快慢車道分隔線","無",27,"未使用",120.30152,22.62716,"高雄市","三民區"