"事故類型及型態子類別名稱","發生年度","發生月份","發生日期","發生時間","天候名稱","光線名稱","速限.第1當事者","道路型態子類別名稱","事故位置子類別名稱","路面狀況.路面鋪裝名稱","路面狀況.路面狀態名稱","道路障礙.視距品質名稱","號誌.號誌動作名稱","車道劃分設施.分向設施大類別名稱","車道劃分設施.分道設施.快慢車道間名稱","車道劃分設施.分道設施.路面邊線名稱","當事者事故發生時年齡","行動電話或電腦或其他相類功能裝置名稱","經度","緯度","縣市","鄉鎮"
"追撞","2018",10,23,12,"晴","日間自然光線",40,"直路","快車道","柏油","乾燥","良好","正常","無","未繪設快慢車道分隔線","無",21,"未使用",120.30152,22.62716,"高雄市","三民區"
"追撞","2018",10,23,12,"晴","日間自然光線",40,"直路","快車道","柏油","乾燥","良好","正常","無","未繪設快慢車道分隔線","無",46,"未使用",120.30152,22.62716,"高雄市","三民區"
"追撞","2018",10,23,12,"晴","日間自然光線",40,"直路","快車道","柏油","乾燥","良好","正常","無","未繪設快慢車道分隔線","無",45,"未使用",120.30152,22.62716,"高雄市","三民區"
"追撞","2018",10,23,12,"晴","日間自然光線",40,"直路","快車道","柏油","乾燥","良好","正常","無","未繪設快慢車道分隔線","無",24,"未使用",120.30152,22.62716,"高雄市","三民區"
"追撞","2018",10,23,12,"晴","日間自然光線",40,"直路","快車道","柏油","乾燥","良好","正常","無","未繪設快慢車道分隔線","無",43,"未使用",120.30152,22.62716,"高雄市","三民區"
"追撞","2018",10,23,12,"晴","日間自然光線",40,"直路","快車道","柏油","乾燥","良好","正常","無","未繪設快慢車道分隔線","無",49,"未使用",120.30152,22.62716,"高雄市","三民區"
"追撞","2018",10,23,12,"晴","日間自然光線",40,"直路","快車道","柏油","乾燥","良好","正常","無","未繪設快慢車道分隔線","無",29,"未使用",120.30152,22.62716,"高雄市","三民區"
"追撞","2018",10,23,12,"晴","日間自然光線",40,"直路","快車道","柏油","乾燥","良好","正常","無","未繪設快慢車道分隔線","無",51,"不明",120.30152,22.62716,"高雄市","三民區"
"追撞","2018",10,23,12,"晴","日間自然光線",40,"直路","快車道","柏油","乾燥","良好","正常","無","未繪設快慢車道分隔線","無",16,"未使用",120.30152,22.62716,"高雄市","三民區"
"追撞","2018",10,23,12,"晴","日間自然光線",40,"直路","快車道","柏油","乾燥","良好","正常","無","未繪設快慢車道分隔線","無",17,"未使用",120.30152,22.62716,"高雄市","三民區"
"追撞","2018",10,23,12,"晴","日間自然光線",40,"直路","快車道","柏油","乾燥","良好","正常","無","未繪設快慢車道分隔線","無",40,"未使用",120.30152,22.62716,"高雄市","三民區"
"側撞","2018",10,23,14,"晴","日間自然光線",70,"三岔路","交叉路口內","柏油","乾燥","良好","正常","無","未繪設快慢車道分隔線","有",44,"未使用",120.791954,23.821748,"南投縣","集集鎮"
"側撞","2018",10,23,14,"晴","日間自然光線",70,"三岔路","交叉路口內","柏油","乾燥","良好","正常","無","未繪設快慢車道分隔線","有",50,"未使用",120.791954,23.821748,"南投縣","集集鎮"
"穿越道路中","2018",10,24,8,"晴","日間自然光線",40,"三岔路","交叉路口內","柏油","乾燥","良好","正常","無","未繪設快慢車道分隔線","無",21,"未使用",120.580429,24.216066,"臺中市","沙鹿區"
"穿越道路中","2018",10,24,8,"晴","日間自然光線",40,"三岔路","交叉路口內","柏油","乾燥","良好","正常","無","未繪設快慢車道分隔線","無",87,"非汽(機)車駕駛人",120.580429,24.216066,"臺中市","沙鹿區"
"穿越道路中","2018",10,24,10,"晴","日間自然光線",50,"直路","快車道","柏油","乾燥","良好","無號誌","行車分向線","快慢車道分隔線","有",37,"未使用",121.452239,24.985993,"新北市","土城區"
"穿越道路中","2018",10,24,10,"晴","日間自然光線",50,"直路","快車道","柏油","乾燥","良好","無號誌","行車分向線","快慢車道分隔線","有",78,"非汽(機)車駕駛人",121.452239,24.985993,"新北市","土城區"
"其他","2018",10,25,14,"晴","日間自然光線",40,"三岔路","交叉路口內","柏油","乾燥","良好","無號誌","無","未繪設快慢車道分隔線","無",73,"不明",120.553057,22.521014,"屏東縣","潮州鎮"
"其他","2018",10,25,14,"晴","日間自然光線",40,"三岔路","交叉路口內","柏油","乾燥","良好","無號誌","無","未繪設快慢車道分隔線","無",17,"不明",120.553057,22.521014,"屏東縣","潮州鎮"
"穿越道路中","2018",10,25,17,"晴","夜間(或隧道、地下道、涵洞)無照明",50,"四岔路","交叉路口內","柏油","乾燥","良好","正常","雙向禁止超車線","未繪設快慢車道分隔線","有",85,"未使用",121.44423,25.179598,"新北市","淡水區"
"穿越道路中","2018",10,25,17,"晴","夜間(或隧道、地下道、涵洞)無照明",50,"四岔路","交叉路口內","柏油","乾燥","良好","正常","雙向禁止超車線","未繪設快慢車道分隔線","有",61,"未使用",121.44423,25.179598,"新北市","淡水區"
"衝出路外","2018",10,25,21,"晴","夜間(或隧道、地下道、涵洞)有照明",110,"直路","快車道","柏油","乾燥","良好","無號誌","中央分向島","未繪設快慢車道分隔線","有",48,"未使用",120.411644,23.543027,"嘉義縣","民雄鄉"
"衝出路外","2018",10,25,21,"晴","夜間(或隧道、地下道、涵洞)有照明",110,"直路","快車道","柏油","乾燥","良好","無號誌","中央分向島","未繪設快慢車道分隔線","有",56,"非汽(機)車駕駛人",120.411644,23.543027,"嘉義縣","民雄鄉"
"側撞","2018",10,26,0,"晴","夜間(或隧道、地下道、涵洞)有照明",60,"三岔路","交叉口附近","柏油","乾燥","良好","無號誌","無","未繪設快慢車道分隔線","有",21,"不明",120.420693,23.69476,"雲林縣","虎尾鎮"
"側撞","2018",10,26,0,"晴","夜間(或隧道、地下道、涵洞)有照明",60,"三岔路","交叉口附近","柏油","乾燥","良好","無號誌","無","未繪設快慢車道分隔線","有",50,"未使用",120.420693,23.69476,"雲林縣","虎尾鎮"
"側撞","2018",10,26,3,"陰","夜間(或隧道、地下道、涵洞)有照明",50,"四岔路","交叉路口內","柏油","乾燥","良好","正常","無","未繪設快慢車道分隔線","無",17,"不明",121.228936,25.004213,"桃園市","中壢區"
"側撞","2018",10,26,3,"陰","夜間(或隧道、地下道、涵洞)有照明",50,"四岔路","交叉路口內","柏油","乾燥","良好","正常","無","未繪設快慢車道分隔線","無",21,"未使用",121.228936,25.004213,"桃園市","中壢區"
"同向擦撞","2018",10,26,12,"晴","日間自然光線",70,"橋樑","機車優先道","柏油","乾燥","良好","無號誌","中央分向島","快慢車道分隔線","有",35,"未使用",120.22598,22.915763,"臺南市","仁德區"
"同向擦撞","2018",10,26,12,"晴","日間自然光線",70,"橋樑","機車優先道","柏油","乾燥","良好","無號誌","中央分向島","快慢車道分隔線","有",80,"非汽(機)車駕駛人",120.22598,22.915763,"臺南市","仁德區"
"側撞","2018",10,27,9,"晴","日間自然光線",50,"四岔路","交叉路口內","柏油","乾燥","良好","正常","無","未繪設快慢車道分隔線","無",36,"不明",120.957303,24.816449,"新竹市","北區"
"側撞","2018",10,27,9,"晴","日間自然光線",50,"四岔路","交叉路口內","柏油","乾燥","良好","正常","無","未繪設快慢車道分隔線","無",33,"不明",120.957303,24.816449,"新竹市","北區"
"側撞","2018",10,28,9,"晴","日間自然光線",50,"多岔路","交叉路口內","柏油","乾燥","良好","正常","無","未繪設快慢車道分隔線","無",18,"未使用",120.313429,23.269212,"臺南市","柳營區"
"側撞","2018",10,28,9,"晴","日間自然光線",50,"多岔路","交叉路口內","柏油","乾燥","良好","正常","無","未繪設快慢車道分隔線","無",25,"未使用",120.313429,23.269212,"臺南市","柳營區"
"其他","2018",10,28,9,"晴","日間自然光線",50,"直路","路肩、路緣","柏油","乾燥","良好","無號誌","行車分向線","快慢車道分隔線","有",65,"不明",120.624744,23.765704,"雲林縣","林內鄉"
"其他","2018",10,28,9,"晴","日間自然光線",50,"直路","路肩、路緣","柏油","乾燥","良好","無號誌","行車分向線","快慢車道分隔線","有",34,"非汽(機)車駕駛人",120.624744,23.765704,"雲林縣","林內鄉"
"路口交岔撞","2018",10,28,14,"晴","日間自然光線",40,"四岔路","交叉路口內","柏油","乾燥","良好","正常","無","未繪設快慢車道分隔線","無",44,"不明",121.272028,24.920272,"桃園市","大溪區"
"路口交岔撞","2018",10,28,14,"晴","日間自然光線",40,"四岔路","交叉路口內","柏油","乾燥","良好","正常","無","未繪設快慢車道分隔線","無",65,"未使用",121.272028,24.920272,"桃園市","大溪區"
"路口交岔撞","2018",10,28,14,"晴","日間自然光線",40,"四岔路","交叉路口內","柏油","乾燥","良好","正常","無","未繪設快慢車道分隔線","無",11,"非汽(機)車駕駛人",121.272028,24.920272,"桃園市","大溪區"
"側撞","2018",10,28,22,"陰","夜間(或隧道、地下道、涵洞)有照明",50,"三岔路","交叉路口內","柏油","乾燥","良好","無號誌","無","未繪設快慢車道分隔線","無",22,"不明",121.177708,24.913674,"桃園市","楊梅區"
"側撞","2018",10,28,22,"陰","夜間(或隧道、地下道、涵洞)有照明",50,"三岔路","交叉路口內","柏油","乾燥","良好","無號誌","無","未繪設快慢車道分隔線","無",19,"不明",121.177708,24.913674,"桃園市","楊梅區"
"側撞","2018",10,28,22,"陰","夜間(或隧道、地下道、涵洞)有照明",50,"三岔路","交叉路口內","柏油","乾燥","良好","無號誌","無","未繪設快慢車道分隔線","無",45,"不明",121.177708,24.913674,"桃園市","楊梅區"
"側撞","2018",10,30,0,"晴","夜間(或隧道、地下道、涵洞)有照明",50,"三岔路","交叉路口內","柏油","乾燥","良好","正常","無","未繪設快慢車道分隔線","無",28,"未使用",121.460423,25.042322,"新北市","新莊區"
"側撞","2018",10,30,0,"晴","夜間(或隧道、地下道、涵洞)有照明",50,"三岔路","交叉路口內","柏油","乾燥","良好","正常","無","未繪設快慢車道分隔線","無",30,"未使用",121.460423,25.042322,"新北市","新莊區"
"路上翻車、摔倒","2018",10,31,18,"陰","夜間(或隧道、地下道、涵洞)有照明",60,"直路","快車道","柏油","乾燥","良好","無號誌","雙向禁止超車線","快慢車道分隔線","有",41,"不明",120.326812,22.968127,"臺南市","關廟區"
"路上翻車、摔倒","2018",10,31,18,"陰","夜間(或隧道、地下道、涵洞)有照明",60,"直路","快車道","柏油","乾燥","良好","無號誌","雙向禁止超車線","快慢車道分隔線","有",55,"未使用",120.326812,22.968127,"臺南市","關廟區"
"側撞","2018",10,31,18,"晴","夜間(或隧道、地下道、涵洞)有照明",50,"四岔路","交叉路口內","柏油","乾燥","良好","正常","無","未繪設快慢車道分隔線","無",41,"未使用",120.489133,23.493427,"嘉義縣","竹崎鄉"
"側撞","2018",10,31,18,"晴","夜間(或隧道、地下道、涵洞)有照明",50,"四岔路","交叉路口內","柏油","乾燥","良好","正常","無","未繪設快慢車道分隔線","無",53,"未使用",120.489133,23.493427,"嘉義縣","竹崎鄉"
"其他","2018",11,1,0,"雨","夜間(或隧道、地下道、涵洞)有照明",50,"直路","慢車道","柏油","濕潤","不良","無號誌","雙向禁止超車線","快慢車道分隔線","無",52,"未使用",121.306657,24.961699,"桃園市","八德區"
"其他","2018",11,1,0,"雨","夜間(或隧道、地下道、涵洞)有照明",50,"直路","慢車道","柏油","濕潤","不良","無號誌","雙向禁止超車線","快慢車道分隔線","無",66,"未使用",121.306657,24.961699,"桃園市","八德區"
"其他","2018",11,1,0,"雨","夜間(或隧道、地下道、涵洞)有照明",50,"直路","慢車道","柏油","濕潤","不良","無號誌","雙向禁止超車線","快慢車道分隔線","無",40,"未使用",121.306657,24.961699,"桃園市","八德區"
"穿越道路中","2018",11,1,7,"雨","日間自然光線",60,"四岔路","行人穿越道","柏油","濕潤","良好","正常","無","未繪設快慢車道分隔線","無",49,"未使用",121.219207,25.016828,"桃園市","中壢區"
"穿越道路中","2018",11,1,7,"雨","日間自然光線",60,"四岔路","行人穿越道","柏油","濕潤","良好","正常","無","未繪設快慢車道分隔線","無",82,"非汽(機)車駕駛人",121.219207,25.016828,"桃園市","中壢區"
"穿越道路中","2018",11,1,10,"陰","晨或暮光",50,"四岔路","交叉口附近","柏油","乾燥","良好","無號誌","雙向禁止超車線","未繪設快慢車道分隔線","有",83,"非汽(機)車駕駛人",120.969538,23.958313,"南投縣","埔里鎮"
"穿越道路中","2018",11,1,10,"陰","晨或暮光",50,"四岔路","交叉口附近","柏油","乾燥","良好","無號誌","雙向禁止超車線","未繪設快慢車道分隔線","有",53,"未使用",120.969538,23.958313,"南投縣","埔里鎮"
"路上翻車、摔倒","2018",11,1,17,"晴","晨或暮光",60,"直路","一般車道(未劃分快慢車道)","柏油","乾燥","良好","無號誌","行車分向線","未繪設快慢車道分隔線","有",56,"不明",120.231112,23.524562,"雲林縣","水林鄉"
"同向通行中","2018",11,1,17,"晴","夜間(或隧道、地下道、涵洞)有照明",40,"直路","一般車道(未劃分快慢車道)","柏油","乾燥","良好","無號誌","無","未繪設快慢車道分隔線","有",56,"不明",120.719982,23.997682,"南投縣","草屯鎮"
"同向通行中","2018",11,1,17,"晴","夜間(或隧道、地下道、涵洞)有照明",40,"直路","一般車道(未劃分快慢車道)","柏油","乾燥","良好","無號誌","無","未繪設快慢車道分隔線","有",87,"不明",120.719982,23.997682,"南投縣","草屯鎮"
"側撞","2018",11,2,0,"晴","夜間(或隧道、地下道、涵洞)有照明",50,"四岔路","交叉路口內","柏油","乾燥","良好","正常","中央分向島","未繪設快慢車道分隔線","有",57,"未使用",120.551629,24.087375,"彰化縣","彰化市"
"側撞","2018",11,2,0,"晴","夜間(或隧道、地下道、涵洞)有照明",50,"四岔路","交叉路口內","柏油","乾燥","良好","正常","中央分向島","未繪設快慢車道分隔線","有",19,"未使用",120.551629,24.087375,"彰化縣","彰化市"
"側撞","2018",11,2,0,"晴","夜間(或隧道、地下道、涵洞)有照明",50,"四岔路","交叉路口內","柏油","乾燥","良好","正常","中央分向島","未繪設快慢車道分隔線","有",19,"非汽(機)車駕駛人",120.551629,24.087375,"彰化縣","彰化市"
"路口交岔撞","2018",11,2,10,"陰","日間自然光線",50,"多岔路","交叉路口內","柏油","濕潤","良好","正常","無","未繪設快慢車道分隔線","無",69,"未使用",121.281983,24.898475,"桃園市","大溪區"
"路口交岔撞","2018",11,2,10,"陰","日間自然光線",50,"多岔路","交叉路口內","柏油","濕潤","良好","正常","無","未繪設快慢車道分隔線","無",36,"未使用",121.281983,24.898475,"桃園市","大溪區"
"穿越道路中","2018",11,2,17,"雨","夜間(或隧道、地下道、涵洞)有照明",60,"直路","路肩、路緣","柏油","濕潤","良好","正常","中央分向島","窄式快慢車道分隔島(附柵欄)","有",17,"未使用",121.064196,24.825372,"新竹縣","新埔鎮"
"穿越道路中","2018",11,2,17,"雨","夜間(或隧道、地下道、涵洞)有照明",60,"直路","路肩、路緣","柏油","濕潤","良好","正常","中央分向島","窄式快慢車道分隔島(附柵欄)","有",78,"非汽(機)車駕駛人",121.064196,24.825372,"新竹縣","新埔鎮"
"穿越道路中","2018",11,2,17,"雨","夜間(或隧道、地下道、涵洞)有照明",60,"直路","路肩、路緣","柏油","濕潤","良好","正常","中央分向島","窄式快慢車道分隔島(附柵欄)","有",14,"未使用",121.064196,24.825372,"新竹縣","新埔鎮"
"其他","2018",11,2,17,"晴","夜間(或隧道、地下道、涵洞)無照明",50,"直路","一般車道(未劃分快慢車道)","柏油","乾燥","良好","無號誌","中央分向島","寛式快慢車道分隔島(50公分以上)","有",39,"",120.428759,22.591964,"高雄市","大寮區"
"其他","2018",11,2,17,"晴","夜間(或隧道、地下道、涵洞)無照明",50,"直路","一般車道(未劃分快慢車道)","柏油","乾燥","良好","無號誌","中央分向島","寛式快慢車道分隔島(50公分以上)","有",54,"不明",120.428759,22.591964,"高雄市","大寮區"
"側撞","2018",11,2,18,"雨","夜間(或隧道、地下道、涵洞)有照明",50,"多岔路","交叉路口內","柏油","濕潤","良好","正常","無","未繪設快慢車道分隔線","有",52,"未使用",121.653908,25.066012,"新北市","汐止區"
"側撞","2018",11,2,18,"雨","夜間(或隧道、地下道、涵洞)有照明",50,"多岔路","交叉路口內","柏油","濕潤","良好","正常","無","未繪設快慢車道分隔線","有",16,"未使用",121.653908,25.066012,"新北市","汐止區"
"側撞","2018",11,3,9,"晴","日間自然光線",50,"三岔路","交叉口附近","柏油","乾燥","良好","正常","雙向禁止超車線","未繪設快慢車道分隔線","有",65,"不明",120.196509,23.641135,"雲林縣","四湖鄉"
"側撞","2018",11,3,9,"晴","日間自然光線",50,"三岔路","交叉口附近","柏油","乾燥","良好","正常","雙向禁止超車線","未繪設快慢車道分隔線","有",73,"不明",120.196509,23.641135,"雲林縣","四湖鄉"
"衝出路外","2018",11,3,13,"晴","日間自然光線",40,"直路","其他","柏油","乾燥","良好","無號誌","無","未繪設快慢車道分隔線","無",77,"不明",120.303571,23.767777,"雲林縣","崙背鄉"
"其他","2018",11,4,5,"陰","夜間(或隧道、地下道、涵洞)有照明",50,"四岔路","交叉路口內","柏油","乾燥","良好","正常","無","未繪設快慢車道分隔線","無",59,"不明",121.468543,25.044136,"新北市","三重區"
"其他","2018",11,4,5,"陰","夜間(或隧道、地下道、涵洞)有照明",50,"四岔路","交叉路口內","柏油","乾燥","良好","正常","無","未繪設快慢車道分隔線","無",26,"不明",121.468543,25.044136,"新北市","三重區"
"撞號誌、標誌桿","2018",11,4,6,"晴","日間自然光線",50,"直路","一般車道(未劃分快慢車道)","柏油","乾燥","良好","正常","無","未繪設快慢車道分隔線","無",43,"不明",121.434105,25.032937,"新北市","新莊區"
"側撞","2018",11,4,8,"晴","日間自然光線",50,"四岔路","交叉路口內","柏油","乾燥","良好","正常","無","未繪設快慢車道分隔線","無",25,"不明",120.293268,22.636101,"高雄市","三民區"
"側撞","2018",11,4,8,"晴","日間自然光線",50,"四岔路","交叉路口內","柏油","乾燥","良好","正常","無","未繪設快慢車道分隔線","無",86,"不明",120.293268,22.636101,"高雄市","三民區"
"側撞","2018",11,4,8,"晴","日間自然光線",50,"四岔路","交叉路口內","柏油","乾燥","良好","正常","無","未繪設快慢車道分隔線","無",57,"未使用",120.293268,22.636101,"高雄市","三民區"
"側撞","2018",11,4,8,"晴","日間自然光線",50,"四岔路","交叉路口內","柏油","乾燥","良好","正常","無","未繪設快慢車道分隔線","無",55,"未使用",120.293268,22.636101,"高雄市","三民區"
"側撞","2018",11,4,8,"晴","日間自然光線",50,"四岔路","交叉路口內","柏油","乾燥","良好","正常","無","未繪設快慢車道分隔線","無",53,"未使用",120.293268,22.636101,"高雄市","三民區"
"撞非固定設施","2018",11,4,12,"晴","日間自然光線",40,"橋樑","交通島(含槽化線)","柏油","乾燥","良好","無號誌","無","窄式快慢車道分隔島(無柵欄)","有",39,"不明",120.443716,22.649036,"屏東縣","屏東市"
"撞非固定設施","2018",11,4,12,"晴","日間自然光線",40,"橋樑","交通島(含槽化線)","柏油","乾燥","良好","無號誌","無","窄式快慢車道分隔島(無柵欄)","有",27,"非汽(機)車駕駛人",120.443716,22.649036,"屏東縣","屏東市"
"撞護欄(樁)","2018",11,4,12,"晴","日間自然光線",40,"彎曲路及附近","一般車道(未劃分快慢車道)","柏油","乾燥","不良","無號誌","雙向禁止超車線","未繪設快慢車道分隔線","有",23,"未使用",120.582403,23.267151,"嘉義縣","大埔鄉"
"撞護欄(樁)","2018",11,4,14,"晴","日間自然光線",50,"彎曲路及附近","一般車道(未劃分快慢車道)","柏油","乾燥","良好","無號誌","行車分向線","未繪設快慢車道分隔線","有",24,"未使用",120.783808,23.806005,"南投縣","鹿谷鄉"
"其他","2018",11,4,16,"晴","日間自然光線",50,"直路","一般車道(未劃分快慢車道)","柏油","乾燥","良好","無號誌","中央分向島","未繪設快慢車道分隔線","無",39,"未使用",121.524635,25.081244,"臺北市","士林區"
"其他","2018",11,4,16,"晴","日間自然光線",50,"直路","一般車道(未劃分快慢車道)","柏油","乾燥","良好","無號誌","中央分向島","未繪設快慢車道分隔線","無",33,"未使用",121.524635,25.081244,"臺北市","士林區"
"其他","2018",11,4,17,"雨","晨或暮光",50,"直路","慢車道","柏油","濕潤","良好","無號誌","雙向禁止超車線","快慢車道分隔線","有",14,"未使用",121.505775,23.918213,"花蓮縣","壽豐鄉"
"其他","2018",11,4,17,"雨","晨或暮光",50,"直路","慢車道","柏油","濕潤","良好","無號誌","雙向禁止超車線","快慢車道分隔線","有",49,"未使用",121.505775,23.918213,"花蓮縣","壽豐鄉"
"側撞","2018",11,4,19,"晴","夜間(或隧道、地下道、涵洞)有照明",70,"四岔路","交叉路口內","柏油","乾燥","良好","正常","無","未繪設快慢車道分隔線","無",58,"非汽(機)車駕駛人",120.599094,23.939787,"彰化縣","員林市"
"側撞","2018",11,4,19,"晴","夜間(或隧道、地下道、涵洞)有照明",70,"四岔路","交叉路口內","柏油","乾燥","良好","正常","無","未繪設快慢車道分隔線","無",40,"未使用",120.599094,23.939787,"彰化縣","員林市"
"其他","2018",11,5,6,"陰","晨或暮光",50,"四岔路","交叉路口內","柏油","濕潤","良好","正常","行車分向線","未繪設快慢車道分隔線","無",63,"未使用",121.565365,25.061111,"臺北市","松山區"
"其他","2018",11,5,6,"陰","晨或暮光",50,"四岔路","交叉路口內","柏油","濕潤","良好","正常","行車分向線","未繪設快慢車道分隔線","無",66,"非汽(機)車駕駛人",121.565365,25.061111,"臺北市","松山區"
"路口交岔撞","2018",11,5,8,"晴","日間自然光線",40,"四岔路","交叉路口內","無鋪裝","乾燥","良好","無號誌","無","未繪設快慢車道分隔線","無",75,"未使用",120.339407,23.457212,"嘉義縣","太保市"
"路口交岔撞","2018",11,5,8,"晴","日間自然光線",40,"四岔路","交叉路口內","無鋪裝","乾燥","良好","無號誌","無","未繪設快慢車道分隔線","無",34,"未使用",120.339407,23.457212,"嘉義縣","太保市"
"路口交岔撞","2018",11,5,13,"晴","日間自然光線",50,"四岔路","交叉路口內","柏油","乾燥","良好","正常","無","未繪設快慢車道分隔線","有",40,"未使用",120.250454,22.907727,"臺南市","仁德區"
"路口交岔撞","2018",11,5,13,"晴","日間自然光線",50,"四岔路","交叉路口內","柏油","乾燥","良好","正常","無","未繪設快慢車道分隔線","有",77,"未使用",120.250454,22.907727,"臺南市","仁德區"
"穿越道路中","2018",11,6,6,"晴","日間自然光線",50,"四岔路","行人穿越道","柏油","乾燥","良好","正常","無","未繪設快慢車道分隔線","無",49,"未使用",121.222567,24.954974,"桃園市","中壢區"
"穿越道路中","2018",11,6,6,"晴","日間自然光線",50,"四岔路","行人穿越道","柏油","乾燥","良好","正常","無","未繪設快慢車道分隔線","無",82,"未使用",121.222567,24.954974,"桃園市","中壢區"
"側撞","2018",11,6,8,"晴","日間自然光線",60,"三岔路","交叉路口內","柏油","乾燥","良好","正常","無","未繪設快慢車道分隔線","無",91,"未使用",120.335741,23.063502,"臺南市","新化區"
"側撞","2018",11,6,8,"晴","日間自然光線",60,"三岔路","交叉路口內","柏油","乾燥","良好","正常","無","未繪設快慢車道分隔線","無",27,"未使用",120.335741,23.063502,"臺南市","新化區"
"穿越道路中","2018",11,6,8,"晴","日間自然光線",50,"四岔路","交叉口附近","柏油","乾燥","良好","正常","中央分向島","未繪設快慢車道分隔線","無",29,"不明",121.544135,25.062151,"臺北市","中山區"
"穿越道路中","2018",11,6,8,"晴","日間自然光線",50,"四岔路","交叉口附近","柏油","乾燥","良好","正常","中央分向島","未繪設快慢車道分隔線","無",89,"非汽(機)車駕駛人",121.544135,25.062151,"臺北市","中山區"
"路口交岔撞","2018",11,6,9,"晴","日間自然光線",70,"三岔路","交叉路口內","柏油","乾燥","良好","正常","無","未繪設快慢車道分隔線","無",22,"未使用",120.453826,23.121974,"臺南市","玉井區"
"路口交岔撞","2018",11,6,9,"晴","日間自然光線",70,"三岔路","交叉路口內","柏油","乾燥","良好","正常","無","未繪設快慢車道分隔線","無",66,"未使用",120.453826,23.121974,"臺南市","玉井區"
"追撞","2018",11,6,17,"晴","日間自然光線",40,"三岔路","交叉路口內","柏油","乾燥","良好","無動作","雙向禁止超車線","未繪設快慢車道分隔線","無",80,"不明",120.381735,23.903526,"彰化縣","二林鎮"
"追撞","2018",11,6,17,"晴","日間自然光線",40,"三岔路","交叉路口內","柏油","乾燥","良好","無動作","雙向禁止超車線","未繪設快慢車道分隔線","無",34,"不明",120.381735,23.903526,"彰化縣","二林鎮"
"其他","2018",11,6,20,"晴","夜間(或隧道、地下道、涵洞)有照明",40,"直路","一般車道(未劃分快慢車道)","柏油","乾燥","良好","無號誌","雙向禁止超車線","未繪設快慢車道分隔線","有",52,"不明",121.663062,24.989467,"新北市","石碇區"
"其他","2018",11,6,20,"晴","夜間(或隧道、地下道、涵洞)有照明",40,"直路","一般車道(未劃分快慢車道)","柏油","乾燥","良好","無號誌","雙向禁止超車線","未繪設快慢車道分隔線","有",58,"未使用",121.663062,24.989467,"新北市","石碇區"
"撞護欄(樁)","2018",11,6,21,"晴","夜間(或隧道、地下道、涵洞)有照明",50,"直路","其他","柏油","乾燥","良好","無號誌","雙向禁止超車線","快慢車道分隔線","無",26,"未使用",120.528009,22.714214,"屏東縣","長治鄉"
"路口交岔撞","2018",11,6,22,"晴","夜間(或隧道、地下道、涵洞)有照明",50,"四岔路","交叉路口內","柏油","乾燥","良好","正常","無","未繪設快慢車道分隔線","無",49,"不明",120.429422,23.491167,"嘉義市","西區"
"路口交岔撞","2018",11,6,22,"晴","夜間(或隧道、地下道、涵洞)有照明",50,"四岔路","交叉路口內","柏油","乾燥","良好","正常","無","未繪設快慢車道分隔線","無",29,"不明",120.429422,23.491167,"嘉義市","西區"
"路口交岔撞","2018",11,7,11,"晴","日間自然光線",40,"四岔路","交叉路口內","柏油","乾燥","良好","無號誌","無","未繪設快慢車道分隔線","有",26,"未使用",121.769899,24.774983,"宜蘭縣","礁溪鄉"
"路口交岔撞","2018",11,7,11,"晴","日間自然光線",40,"四岔路","交叉路口內","柏油","乾燥","良好","無號誌","無","未繪設快慢車道分隔線","有",57,"未使用",121.769899,24.774983,"宜蘭縣","礁溪鄉"
"路口交岔撞","2018",11,7,11,"晴","日間自然光線",40,"四岔路","交叉路口內","柏油","乾燥","良好","無號誌","無","未繪設快慢車道分隔線","有",72,"未使用",121.769899,24.774983,"宜蘭縣","礁溪鄉"
"同向擦撞","2018",11,7,15,"晴","日間自然光線",40,"直路","一般車道(未劃分快慢車道)","柏油","乾燥","良好","正常","行車分向線","未繪設快慢車道分隔線","有",19,"不明",120.967415,24.779166,"新竹市","東區"
"同向擦撞","2018",11,7,15,"晴","日間自然光線",40,"直路","一般車道(未劃分快慢車道)","柏油","乾燥","良好","正常","行車分向線","未繪設快慢車道分隔線","有",51,"不明",120.967415,24.779166,"新竹市","東區"
"撞路樹、電桿","2018",11,7,19,"陰","夜間(或隧道、地下道、涵洞)有照明",50,"三岔路","一般車道(未劃分快慢車道)","柏油","乾燥","良好","正常","雙向禁止超車線","未繪設快慢車道分隔線","有",40,"不明",121.181333,24.901619,"桃園市","楊梅區"
"追撞","2018",11,8,12,"晴","日間自然光線",50,"直路","一般車道(未劃分快慢車道)","柏油","乾燥","良好","無號誌","行車分向線","未繪設快慢車道分隔線","無",25,"不明",120.979437,24.816078,"新竹市","北區"
"追撞","2018",11,8,12,"晴","日間自然光線",50,"直路","一般車道(未劃分快慢車道)","柏油","乾燥","良好","無號誌","行車分向線","未繪設快慢車道分隔線","無",66,"不明",120.979437,24.816078,"新竹市","北區"