"事故類型及型態子類別名稱","發生年度","發生月份","發生日期","發生時間","天候名稱","光線名稱","速限.第1當事者","道路型態子類別名稱","事故位置子類別名稱","路面狀況.路面鋪裝名稱","路面狀況.路面狀態名稱","道路障礙.視距品質名稱","號誌.號誌動作名稱","車道劃分設施.分向設施大類別名稱","車道劃分設施.分道設施.快慢車道間名稱","車道劃分設施.分道設施.路面邊線名稱","當事者事故發生時年齡","行動電話或電腦或其他相類功能裝置名稱","經度","緯度","縣市","鄉鎮"
"追撞","2018",11,8,12,"晴","日間自然光線",50,"直路","一般車道(未劃分快慢車道)","柏油","乾燥","良好","無號誌","行車分向線","未繪設快慢車道分隔線","無",24,"不明",120.979437,24.816078,"新竹市","北區"
"追撞","2018",11,8,12,"晴","日間自然光線",50,"直路","一般車道(未劃分快慢車道)","柏油","乾燥","良好","無號誌","行車分向線","未繪設快慢車道分隔線","無",20,"不明",120.979437,24.816078,"新竹市","北區"
"追撞","2018",11,8,12,"晴","日間自然光線",50,"直路","一般車道(未劃分快慢車道)","柏油","乾燥","良好","無號誌","行車分向線","未繪設快慢車道分隔線","無",66,"不明",120.979437,24.816078,"新竹市","北區"
"追撞","2018",11,8,12,"晴","日間自然光線",50,"直路","一般車道(未劃分快慢車道)","柏油","乾燥","良好","無號誌","行車分向線","未繪設快慢車道分隔線","無",57,"不明",120.979437,24.816078,"新竹市","北區"
"追撞","2018",11,8,12,"晴","日間自然光線",50,"直路","一般車道(未劃分快慢車道)","柏油","乾燥","良好","無號誌","行車分向線","未繪設快慢車道分隔線","無",40,"不明",120.979437,24.816078,"新竹市","北區"
"追撞","2018",11,8,12,"晴","日間自然光線",50,"直路","一般車道(未劃分快慢車道)","柏油","乾燥","良好","無號誌","行車分向線","未繪設快慢車道分隔線","無",51,"不明",120.979437,24.816078,"新竹市","北區"
"側撞","2018",11,8,19,"陰","夜間(或隧道、地下道、涵洞)有照明",70,"四岔路","交叉路口內","柏油","乾燥","良好","正常","無","未繪設快慢車道分隔線","無",47,"未使用",121.609086,24.009608,"花蓮縣","新城鄉"
"側撞","2018",11,8,19,"陰","夜間(或隧道、地下道、涵洞)有照明",70,"四岔路","交叉路口內","柏油","乾燥","良好","正常","無","未繪設快慢車道分隔線","無",30,"未使用",121.609086,24.009608,"花蓮縣","新城鄉"
"側撞","2018",11,8,19,"陰","夜間(或隧道、地下道、涵洞)有照明",70,"四岔路","交叉路口內","柏油","乾燥","良好","正常","無","未繪設快慢車道分隔線","無",62,"未使用",121.609086,24.009608,"花蓮縣","新城鄉"
"側撞","2018",11,8,19,"陰","夜間(或隧道、地下道、涵洞)有照明",70,"四岔路","交叉路口內","柏油","乾燥","良好","正常","無","未繪設快慢車道分隔線","無",30,"未使用",121.609086,24.009608,"花蓮縣","新城鄉"
"路上翻車、摔倒","2018",11,8,21,"晴","夜間(或隧道、地下道、涵洞)有照明",40,"直路","慢車道","柏油","乾燥","良好","無號誌","中央分向島","寛式快慢車道分隔島(50公分以上)","有",107,"",120.3632,22.70279,"高雄市","仁武區"
"路上翻車、摔倒","2018",11,8,21,"晴","夜間(或隧道、地下道、涵洞)有照明",40,"直路","慢車道","柏油","乾燥","良好","無號誌","中央分向島","寛式快慢車道分隔島(50公分以上)","有",21,"未使用",120.3632,22.70279,"高雄市","仁武區"
"撞號誌、標誌桿","2018",11,8,22,"晴","夜間(或隧道、地下道、涵洞)無照明",20,"直路","一般車道(未劃分快慢車道)","柏油","乾燥","良好","無號誌","雙向禁止超車線","未繪設快慢車道分隔線","有",58,"不明",120.72517,23.895009,"南投縣","中寮鄉"
"撞交通島","2018",11,9,0,"陰","夜間(或隧道、地下道、涵洞)有照明",50,"直路","交通島(含槽化線)","柏油","乾燥","良好","無號誌","中央分向島","未繪設快慢車道分隔線","有",39,"不明",121.304975,24.974106,"桃園市","桃園區"
"對向通行中","2018",11,9,4,"晴","夜間(或隧道、地下道、涵洞)有照明",50,"四岔路","交叉口附近","柏油","乾燥","良好","正常","雙向禁止超車線","未繪設快慢車道分隔線","有",19,"未使用",120.646524,24.219475,"臺中市","大雅區"
"對向通行中","2018",11,9,4,"晴","夜間(或隧道、地下道、涵洞)有照明",50,"四岔路","交叉口附近","柏油","乾燥","良好","正常","雙向禁止超車線","未繪設快慢車道分隔線","有",70,"未使用",120.646524,24.219475,"臺中市","大雅區"
"追撞","2018",11,9,4,"陰","晨或暮光",50,"直路","一般車道(未劃分快慢車道)","柏油","乾燥","良好","無號誌","雙向禁止超車線","未繪設快慢車道分隔線","有",20,"未使用",121.761675,24.758754,"宜蘭縣","宜蘭市"
"追撞","2018",11,9,4,"陰","晨或暮光",50,"直路","一般車道(未劃分快慢車道)","柏油","乾燥","良好","無號誌","雙向禁止超車線","未繪設快慢車道分隔線","有",78,"非汽(機)車駕駛人",121.761675,24.758754,"宜蘭縣","宜蘭市"
"撞路樹、電桿","2018",11,9,6,"晴","晨或暮光",50,"直路","一般車道(未劃分快慢車道)","柏油","乾燥","良好","無號誌","行車分向線","未繪設快慢車道分隔線","有",32,"未使用",121.085015,24.802916,"新竹縣","新埔鎮"
"同向擦撞","2018",11,9,7,"陰","日間自然光線",50,"直路","一般車道(未劃分快慢車道)","柏油","乾燥","良好","無號誌","中央分向島","未繪設快慢車道分隔線","無",22,"未使用",121.557613,25.042126,"臺北市","大安區"
"同向擦撞","2018",11,9,7,"陰","日間自然光線",50,"直路","一般車道(未劃分快慢車道)","柏油","乾燥","良好","無號誌","中央分向島","未繪設快慢車道分隔線","無",38,"未使用",121.557613,25.042126,"臺北市","大安區"
"側撞","2018",11,9,14,"晴","日間自然光線",50,"三岔路","交叉路口內","柏油","乾燥","良好","無號誌","無","未繪設快慢車道分隔線","無",49,"不明",120.537341,24.260238,"臺中市","梧棲區"
"側撞","2018",11,9,14,"晴","日間自然光線",50,"三岔路","交叉路口內","柏油","乾燥","良好","無號誌","無","未繪設快慢車道分隔線","無",68,"未使用",120.537341,24.260238,"臺中市","梧棲區"
"側撞","2018",11,9,14,"晴","日間自然光線",50,"三岔路","交叉路口內","柏油","乾燥","良好","無號誌","無","未繪設快慢車道分隔線","無",65,"未使用",120.537341,24.260238,"臺中市","梧棲區"
"同向擦撞","2018",11,9,18,"晴","夜間(或隧道、地下道、涵洞)有照明",50,"直路","一般車道(未劃分快慢車道)","柏油","乾燥","良好","無號誌","行車分向線","快慢車道分隔線","有",77,"非汽(機)車駕駛人",120.515198,22.672919,"屏東縣","長治鄉"
"同向擦撞","2018",11,9,18,"晴","夜間(或隧道、地下道、涵洞)有照明",50,"直路","一般車道(未劃分快慢車道)","柏油","乾燥","良好","無號誌","行車分向線","快慢車道分隔線","有",18,"未使用",120.515198,22.672919,"屏東縣","長治鄉"
"側撞","2018",11,9,19,"晴","夜間(或隧道、地下道、涵洞)有照明",40,"三岔路","交叉路口內","柏油","乾燥","良好","正常","中央分向島","未繪設快慢車道分隔線","有",72,"未使用",120.550036,24.093186,"彰化縣","彰化市"
"側撞","2018",11,9,19,"晴","夜間(或隧道、地下道、涵洞)有照明",40,"三岔路","交叉路口內","柏油","乾燥","良好","正常","中央分向島","未繪設快慢車道分隔線","有",35,"未使用",120.550036,24.093186,"彰化縣","彰化市"
"其他","2018",11,9,22,"晴","夜間(或隧道、地下道、涵洞)有照明",40,"直路","慢車道","柏油","乾燥","良好","無號誌","雙向禁止超車線","快慢車道分隔線","無",107,"",120.341113,22.663396,"高雄市","鳥松區"
"其他","2018",11,9,22,"晴","夜間(或隧道、地下道、涵洞)有照明",40,"直路","慢車道","柏油","乾燥","良好","無號誌","雙向禁止超車線","快慢車道分隔線","無",50,"不明",120.341113,22.663396,"高雄市","鳥松區"
"穿越道路中","2018",11,10,6,"晴","日間自然光線",50,"四岔路","行人穿越道","柏油","乾燥","良好","正常","無","未繪設快慢車道分隔線","無",46,"未使用",120.721526,24.119926,"臺中市","太平區"
"穿越道路中","2018",11,10,6,"晴","日間自然光線",50,"四岔路","行人穿越道","柏油","乾燥","良好","正常","無","未繪設快慢車道分隔線","無",76,"非汽(機)車駕駛人",120.721526,24.119926,"臺中市","太平區"
"側撞","2018",11,10,8,"雨","日間自然光線",50,"四岔路","交叉路口內","柏油","濕潤","良好","正常","中央分向島","快慢車道分隔線","無",49,"未使用",121.50046,25.029435,"臺北市","萬華區"
"側撞","2018",11,10,8,"雨","日間自然光線",50,"四岔路","交叉路口內","柏油","濕潤","良好","正常","中央分向島","快慢車道分隔線","無",57,"非汽(機)車駕駛人",121.50046,25.029435,"臺北市","萬華區"
"撞路樹、電桿","2018",11,10,8,"雨","日間自然光線",70,"彎曲路及附近","路肩、路緣","柏油","濕潤","良好","無號誌","無","未繪設快慢車道分隔線","有",29,"非汽(機)車駕駛人",121.619373,24.106171,"花蓮縣","新城鄉"
"撞路樹、電桿","2018",11,10,8,"雨","日間自然光線",70,"彎曲路及附近","路肩、路緣","柏油","濕潤","良好","無號誌","無","未繪設快慢車道分隔線","有",21,"非汽(機)車駕駛人",121.619373,24.106171,"花蓮縣","新城鄉"
"撞路樹、電桿","2018",11,10,8,"雨","日間自然光線",70,"彎曲路及附近","路肩、路緣","柏油","濕潤","良好","無號誌","無","未繪設快慢車道分隔線","有",27,"未使用",121.619373,24.106171,"花蓮縣","新城鄉"
"撞路樹、電桿","2018",11,10,8,"雨","日間自然光線",70,"彎曲路及附近","路肩、路緣","柏油","濕潤","良好","無號誌","無","未繪設快慢車道分隔線","有",31,"非汽(機)車駕駛人",121.619373,24.106171,"花蓮縣","新城鄉"
"撞路樹、電桿","2018",11,10,8,"雨","日間自然光線",70,"彎曲路及附近","路肩、路緣","柏油","濕潤","良好","無號誌","無","未繪設快慢車道分隔線","有",2,"非汽(機)車駕駛人",121.619373,24.106171,"花蓮縣","新城鄉"
"路上翻車、摔倒","2018",11,10,10,"晴","日間自然光線",40,"直路","機車專用道","柏油","乾燥","良好","無號誌","無","未繪設快慢車道分隔線","有",26,"未使用",121.467731,25.006527,"新北市","板橋區"
"其他","2018",11,10,13,"晴","日間自然光線",50,"其他","其他","柏油","乾燥","良好","正常","中央分向島","未繪設快慢車道分隔線","有",44,"未使用",121.023197,24.81309,"新竹縣","竹北市"
"其他","2018",11,10,13,"晴","日間自然光線",50,"其他","其他","柏油","乾燥","良好","正常","中央分向島","未繪設快慢車道分隔線","有",34,"未使用",121.023197,24.81309,"新竹縣","竹北市"
"其他","2018",11,10,13,"晴","日間自然光線",50,"其他","其他","柏油","乾燥","良好","正常","中央分向島","未繪設快慢車道分隔線","有",45,"非汽(機)車駕駛人",121.023197,24.81309,"新竹縣","竹北市"
"其他","2018",11,10,13,"晴","日間自然光線",50,"其他","其他","柏油","乾燥","良好","正常","中央分向島","未繪設快慢車道分隔線","有",27,"未使用",121.023197,24.81309,"新竹縣","竹北市"
"其他","2018",11,10,13,"晴","日間自然光線",50,"其他","其他","柏油","乾燥","良好","正常","中央分向島","未繪設快慢車道分隔線","有",26,"未使用",121.023197,24.81309,"新竹縣","竹北市"
"其他","2018",11,10,17,"晴","晨或暮光",50,"三岔路","交叉口附近","柏油","乾燥","良好","無號誌","雙向禁止超車線","快慢車道分隔線","有",18,"未使用",120.458371,23.447606,"嘉義縣","中埔鄉"
"其他","2018",11,10,17,"晴","晨或暮光",50,"三岔路","交叉口附近","柏油","乾燥","良好","無號誌","雙向禁止超車線","快慢車道分隔線","有",42,"未使用",120.458371,23.447606,"嘉義縣","中埔鄉"
"其他","2018",11,10,17,"晴","晨或暮光",50,"三岔路","交叉口附近","柏油","乾燥","良好","無號誌","雙向禁止超車線","快慢車道分隔線","有",48,"未使用",120.458371,23.447606,"嘉義縣","中埔鄉"
"同向通行中","2018",11,10,21,"晴","夜間(或隧道、地下道、涵洞)有照明",50,"直路","快車道","柏油","乾燥","良好","無號誌","雙向禁止超車線","快慢車道分隔線","無",18,"不明",120.306619,22.648029,"高雄市","三民區"
"同向通行中","2018",11,10,21,"晴","夜間(或隧道、地下道、涵洞)有照明",50,"直路","快車道","柏油","乾燥","良好","無號誌","雙向禁止超車線","快慢車道分隔線","無",66,"非汽(機)車駕駛人",120.306619,22.648029,"高雄市","三民區"
"同向通行中","2018",11,10,21,"晴","夜間(或隧道、地下道、涵洞)有照明",50,"直路","快車道","柏油","乾燥","良好","無號誌","雙向禁止超車線","快慢車道分隔線","無",62,"非汽(機)車駕駛人",120.306619,22.648029,"高雄市","三民區"
"同向通行中","2018",11,11,5,"晴","晨或暮光",50,"直路","一般車道(未劃分快慢車道)","柏油","乾燥","良好","無號誌","行車分向線","未繪設快慢車道分隔線","有",75,"未使用",121.797743,24.650845,"宜蘭縣","冬山鄉"
"同向通行中","2018",11,11,5,"晴","晨或暮光",50,"直路","一般車道(未劃分快慢車道)","柏油","乾燥","良好","無號誌","行車分向線","未繪設快慢車道分隔線","有",25,"未使用",121.797743,24.650845,"宜蘭縣","冬山鄉"
"路上翻車、摔倒","2018",11,11,10,"晴","日間自然光線",40,"彎曲路及附近","一般車道(未劃分快慢車道)","柏油","濕潤","良好","無號誌","雙向禁止超車線","未繪設快慢車道分隔線","有",27,"不明",121.720231,24.901738,"新北市","坪林區"
"撞路樹、電桿","2018",11,11,16,"晴","日間自然光線",50,"直路","路肩、路緣","柏油","乾燥","良好","無號誌","中央分向島","快慢車道分隔線","有",34,"不明",120.868025,23.983381,"南投縣","國姓鄉"
"撞路樹、電桿","2018",11,11,16,"晴","日間自然光線",50,"直路","路肩、路緣","柏油","乾燥","良好","無號誌","中央分向島","快慢車道分隔線","有",5,"不明",120.868025,23.983381,"南投縣","國姓鄉"
"側撞","2018",11,12,13,"晴","日間自然光線",50,"四岔路","交叉路口內","柏油","乾燥","良好","正常","雙向禁止超車線","快慢車道分隔線","有",36,"未使用",120.2411,22.84035,"高雄市","路竹區"
"側撞","2018",11,12,13,"晴","日間自然光線",50,"四岔路","交叉路口內","柏油","乾燥","良好","正常","雙向禁止超車線","快慢車道分隔線","有",67,"未使用",120.2411,22.84035,"高雄市","路竹區"
"側撞","2018",11,12,13,"晴","日間自然光線",50,"四岔路","交叉路口內","柏油","乾燥","良好","正常","雙向禁止超車線","快慢車道分隔線","有",65,"未使用",120.2411,22.84035,"高雄市","路竹區"
"側撞","2018",11,12,14,"晴","日間自然光線",50,"四岔路","一般車道(未劃分快慢車道)","柏油","乾燥","良好","正常","雙向禁止超車線","未繪設快慢車道分隔線","無",63,"不明",120.385956,24.00896,"彰化縣","芳苑鄉"
"側撞","2018",11,12,14,"晴","日間自然光線",50,"四岔路","一般車道(未劃分快慢車道)","柏油","乾燥","良好","正常","雙向禁止超車線","未繪設快慢車道分隔線","無",42,"不明",120.385956,24.00896,"彰化縣","芳苑鄉"
"路口交岔撞","2018",11,12,14,"晴","日間自然光線",50,"四岔路","交叉路口內","柏油","乾燥","良好","正常","雙向禁止超車線","未繪設快慢車道分隔線","有",75,"未使用",120.454711,22.526277,"屏東縣","新園鄉"
"路口交岔撞","2018",11,12,14,"晴","日間自然光線",50,"四岔路","交叉路口內","柏油","乾燥","良好","正常","雙向禁止超車線","未繪設快慢車道分隔線","有",73,"未使用",120.454711,22.526277,"屏東縣","新園鄉"
"對撞","2018",11,12,17,"晴","夜間(或隧道、地下道、涵洞)無照明",50,"彎曲路及附近","一般車道(未劃分快慢車道)","柏油","乾燥","良好","無號誌","雙向禁止超車線","未繪設快慢車道分隔線","有",64,"未使用",120.741152,22.204802,"屏東縣","獅子鄉"
"對撞","2018",11,12,17,"晴","夜間(或隧道、地下道、涵洞)無照明",50,"彎曲路及附近","一般車道(未劃分快慢車道)","柏油","乾燥","良好","無號誌","雙向禁止超車線","未繪設快慢車道分隔線","有",46,"未使用",120.741152,22.204802,"屏東縣","獅子鄉"
"路口交岔撞","2018",11,12,20,"晴","夜間(或隧道、地下道、涵洞)有照明",50,"三岔路","交叉路口內","柏油","乾燥","良好","正常","中央分向島","未繪設快慢車道分隔線","有",34,"未使用",121.475738,25.083015,"新北市","蘆洲區"
"路口交岔撞","2018",11,12,20,"晴","夜間(或隧道、地下道、涵洞)有照明",50,"三岔路","交叉路口內","柏油","乾燥","良好","正常","中央分向島","未繪設快慢車道分隔線","有",78,"非汽(機)車駕駛人",121.475738,25.083015,"新北市","蘆洲區"
"其他","2018",11,12,23,"晴","夜間(或隧道、地下道、涵洞)無照明",110,"直路","快車道","柏油","乾燥","良好","無號誌","中央分向島","未繪設快慢車道分隔線","有",37,"未使用",120.526804,24.1296,"彰化縣","和美鎮"
"其他","2018",11,12,23,"晴","夜間(或隧道、地下道、涵洞)無照明",110,"直路","快車道","柏油","乾燥","良好","無號誌","中央分向島","未繪設快慢車道分隔線","有",24,"未使用",120.526804,24.1296,"彰化縣","和美鎮"
"其他","2018",11,12,23,"晴","夜間(或隧道、地下道、涵洞)無照明",110,"直路","快車道","柏油","乾燥","良好","無號誌","中央分向島","未繪設快慢車道分隔線","有",24,"未使用",120.526804,24.1296,"彰化縣","和美鎮"
"其他","2018",11,12,23,"晴","夜間(或隧道、地下道、涵洞)無照明",110,"直路","快車道","柏油","乾燥","良好","無號誌","中央分向島","未繪設快慢車道分隔線","有",37,"未使用",120.526804,24.1296,"彰化縣","和美鎮"
"其他","2018",11,12,23,"晴","夜間(或隧道、地下道、涵洞)無照明",110,"直路","快車道","柏油","乾燥","良好","無號誌","中央分向島","未繪設快慢車道分隔線","有",37,"未使用",120.526804,24.1296,"彰化縣","和美鎮"
"其他","2018",11,12,23,"晴","夜間(或隧道、地下道、涵洞)無照明",110,"直路","快車道","柏油","乾燥","良好","無號誌","中央分向島","未繪設快慢車道分隔線","有",24,"未使用",120.526804,24.1296,"彰化縣","和美鎮"
"同向擦撞","2018",11,13,9,"晴","日間自然光線",50,"直路","一般車道(未劃分快慢車道)","柏油","乾燥","良好","無號誌","行車分向線","未繪設快慢車道分隔線","有",73,"不明",120.369878,22.557611,"高雄市","小港區"
"同向擦撞","2018",11,13,9,"晴","日間自然光線",50,"直路","一般車道(未劃分快慢車道)","柏油","乾燥","良好","無號誌","行車分向線","未繪設快慢車道分隔線","有",55,"未使用",120.369878,22.557611,"高雄市","小港區"
"撞路樹、電桿","2018",11,13,10,"晴","日間自然光線",60,"直路","路肩、路緣","柏油","乾燥","良好","無號誌","雙向禁止超車線","未繪設快慢車道分隔線","有",41,"未使用",120.486589,23.792711,"雲林縣","西螺鎮"
"同向擦撞","2018",11,13,17,"晴","日間自然光線",50,"直路","機車優先道","柏油","乾燥","良好","無號誌","行車分向線","快慢車道分隔線","無",71,"不明",120.302245,22.792931,"高雄市","岡山區"
"同向擦撞","2018",11,13,17,"晴","日間自然光線",50,"直路","機車優先道","柏油","乾燥","良好","無號誌","行車分向線","快慢車道分隔線","無",24,"未使用",120.302245,22.792931,"高雄市","岡山區"
"側撞","2018",11,13,18,"陰","夜間(或隧道、地下道、涵洞)有照明",70,"四岔路","交叉路口內","柏油","乾燥","良好","正常","中央分向島","未繪設快慢車道分隔線","無",57,"不明",121.562594,25.080507,"臺北市","中山區"
"側撞","2018",11,13,18,"陰","夜間(或隧道、地下道、涵洞)有照明",70,"四岔路","交叉路口內","柏油","乾燥","良好","正常","中央分向島","未繪設快慢車道分隔線","無",56,"不明",121.562594,25.080507,"臺北市","中山區"
"側撞","2018",11,13,18,"晴","夜間(或隧道、地下道、涵洞)有照明",50,"三岔路","交叉路口內","柏油","乾燥","良好","正常","無","未繪設快慢車道分隔線","無",26,"未使用",121.286251,24.887498,"桃園市","大溪區"
"側撞","2018",11,13,18,"晴","夜間(或隧道、地下道、涵洞)有照明",50,"三岔路","交叉路口內","柏油","乾燥","良好","正常","無","未繪設快慢車道分隔線","無",28,"未使用",121.286251,24.887498,"桃園市","大溪區"
"側撞","2018",11,13,18,"晴","夜間(或隧道、地下道、涵洞)有照明",50,"三岔路","交叉路口內","柏油","乾燥","良好","正常","無","未繪設快慢車道分隔線","無",36,"未使用",121.286251,24.887498,"桃園市","大溪區"
"其他","2018",11,13,23,"晴","夜間(或隧道、地下道、涵洞)無照明",100,"直路","一般車道(未劃分快慢車道)","柏油","乾燥","良好","無號誌","中央分向島","未繪設快慢車道分隔線","有",42,"不明",120.265622,23.687308,"雲林縣","東勢鄉"
"其他","2018",11,13,23,"晴","夜間(或隧道、地下道、涵洞)無照明",100,"直路","一般車道(未劃分快慢車道)","柏油","乾燥","良好","無號誌","中央分向島","未繪設快慢車道分隔線","有",54,"非汽(機)車駕駛人",120.265622,23.687308,"雲林縣","東勢鄉"
"其他","2018",11,13,23,"晴","夜間(或隧道、地下道、涵洞)無照明",100,"直路","一般車道(未劃分快慢車道)","柏油","乾燥","良好","無號誌","中央分向島","未繪設快慢車道分隔線","有",52,"非汽(機)車駕駛人",120.265622,23.687308,"雲林縣","東勢鄉"
"其他","2018",11,13,23,"晴","夜間(或隧道、地下道、涵洞)無照明",100,"直路","一般車道(未劃分快慢車道)","柏油","乾燥","良好","無號誌","中央分向島","未繪設快慢車道分隔線","有",54,"不明",120.265622,23.687308,"雲林縣","東勢鄉"
"其他","2018",11,14,9,"晴","日間自然光線",50,"直路","一般車道(未劃分快慢車道)","柏油","乾燥","良好","無號誌","行車分向線","未繪設快慢車道分隔線","有",65,"未使用",120.440936,23.525343,"嘉義縣","民雄鄉"
"其他","2018",11,14,9,"晴","日間自然光線",50,"直路","一般車道(未劃分快慢車道)","柏油","乾燥","良好","無號誌","行車分向線","未繪設快慢車道分隔線","有",38,"未使用",120.440936,23.525343,"嘉義縣","民雄鄉"
"其他","2018",11,14,9,"晴","日間自然光線",50,"直路","一般車道(未劃分快慢車道)","柏油","乾燥","良好","無號誌","行車分向線","未繪設快慢車道分隔線","有",29,"未使用",120.440936,23.525343,"嘉義縣","民雄鄉"
"其他","2018",11,14,9,"晴","日間自然光線",50,"直路","一般車道(未劃分快慢車道)","柏油","乾燥","良好","無號誌","行車分向線","未繪設快慢車道分隔線","有",41,"未使用",120.440936,23.525343,"嘉義縣","民雄鄉"
"其他","2018",11,14,9,"晴","日間自然光線",50,"直路","一般車道(未劃分快慢車道)","柏油","乾燥","良好","無號誌","行車分向線","未繪設快慢車道分隔線","有",46,"未使用",120.440936,23.525343,"嘉義縣","民雄鄉"
"其他","2018",11,14,9,"晴","日間自然光線",50,"直路","一般車道(未劃分快慢車道)","柏油","乾燥","良好","無號誌","行車分向線","未繪設快慢車道分隔線","有",36,"未使用",120.440936,23.525343,"嘉義縣","民雄鄉"
"側撞","2018",11,14,9,"晴","日間自然光線",50,"直路","機車優先道","柏油","乾燥","良好","無號誌","行車分向線","快慢車道分隔線","有",54,"未使用",120.274293,23.29392,"臺南市","新營區"
"側撞","2018",11,14,9,"晴","日間自然光線",50,"直路","機車優先道","柏油","乾燥","良好","無號誌","行車分向線","快慢車道分隔線","有",55,"未使用",120.274293,23.29392,"臺南市","新營區"
"側撞","2018",11,14,9,"晴","日間自然光線",60,"三岔路","交叉路口內","柏油","乾燥","良好","正常","無","未繪設快慢車道分隔線","無",38,"未使用",120.308616,23.002244,"臺南市","關廟區"
"側撞","2018",11,14,9,"晴","日間自然光線",60,"三岔路","交叉路口內","柏油","乾燥","良好","正常","無","未繪設快慢車道分隔線","無",42,"未使用",120.308616,23.002244,"臺南市","關廟區"
"撞路樹、電桿","2018",11,14,19,"晴","夜間(或隧道、地下道、涵洞)無照明",40,"直路","一般車道(未劃分快慢車道)","柏油","乾燥","良好","無號誌","無","未繪設快慢車道分隔線","無",66,"未使用",120.5221,23.71149,"雲林縣","斗六市"
"對撞","2018",11,15,12,"晴","日間自然光線",50,"直路","一般車道(未劃分快慢車道)","柏油","乾燥","良好","無號誌","雙向禁止超車線","未繪設快慢車道分隔線","有",60,"非汽(機)車駕駛人",120.859622,24.045648,"南投縣","國姓鄉"
"對撞","2018",11,15,12,"晴","日間自然光線",50,"直路","一般車道(未劃分快慢車道)","柏油","乾燥","良好","無號誌","雙向禁止超車線","未繪設快慢車道分隔線","有",52,"非汽(機)車駕駛人",120.859622,24.045648,"南投縣","國姓鄉"
"對撞","2018",11,15,12,"晴","日間自然光線",50,"直路","一般車道(未劃分快慢車道)","柏油","乾燥","良好","無號誌","雙向禁止超車線","未繪設快慢車道分隔線","有",29,"非汽(機)車駕駛人",120.859622,24.045648,"南投縣","國姓鄉"
"對撞","2018",11,15,12,"晴","日間自然光線",50,"直路","一般車道(未劃分快慢車道)","柏油","乾燥","良好","無號誌","雙向禁止超車線","未繪設快慢車道分隔線","有",9,"非汽(機)車駕駛人",120.859622,24.045648,"南投縣","國姓鄉"
"對撞","2018",11,15,12,"晴","日間自然光線",50,"直路","一般車道(未劃分快慢車道)","柏油","乾燥","良好","無號誌","雙向禁止超車線","未繪設快慢車道分隔線","有",9,"非汽(機)車駕駛人",120.859622,24.045648,"南投縣","國姓鄉"
"對撞","2018",11,15,12,"晴","日間自然光線",50,"直路","一般車道(未劃分快慢車道)","柏油","乾燥","良好","無號誌","雙向禁止超車線","未繪設快慢車道分隔線","有",3,"非汽(機)車駕駛人",120.859622,24.045648,"南投縣","國姓鄉"
"對撞","2018",11,15,12,"晴","日間自然光線",50,"直路","一般車道(未劃分快慢車道)","柏油","乾燥","良好","無號誌","雙向禁止超車線","未繪設快慢車道分隔線","有",32,"未使用",120.859622,24.045648,"南投縣","國姓鄉"
"對撞","2018",11,15,12,"晴","日間自然光線",50,"直路","一般車道(未劃分快慢車道)","柏油","乾燥","良好","無號誌","雙向禁止超車線","未繪設快慢車道分隔線","有",49,"未使用",120.859622,24.045648,"南投縣","國姓鄉"
"對撞","2018",11,15,20,"晴","夜間(或隧道、地下道、涵洞)無照明",40,"彎曲路及附近","一般車道(未劃分快慢車道)","柏油","乾燥","良好","無號誌","無","未繪設快慢車道分隔線","無",63,"未使用",121.050839,22.768866,"臺東縣","卑南鄉"
"對撞","2018",11,15,20,"晴","夜間(或隧道、地下道、涵洞)無照明",40,"彎曲路及附近","一般車道(未劃分快慢車道)","柏油","乾燥","良好","無號誌","無","未繪設快慢車道分隔線","無",71,"未使用",121.050839,22.768866,"臺東縣","卑南鄉"
"其他","2018",11,16,12,"晴","日間自然光線",50,"直路","路肩、路緣","柏油","乾燥","良好","無號誌","雙向禁止超車線","未繪設快慢車道分隔線","有",17,"未使用",121.739501,24.759422,"宜蘭縣","宜蘭市"
"其他","2018",11,16,12,"晴","日間自然光線",50,"直路","路肩、路緣","柏油","乾燥","良好","無號誌","雙向禁止超車線","未繪設快慢車道分隔線","有",17,"非汽(機)車駕駛人",121.739501,24.759422,"宜蘭縣","宜蘭市"
"其他","2018",11,16,12,"晴","日間自然光線",50,"直路","路肩、路緣","柏油","乾燥","良好","無號誌","雙向禁止超車線","未繪設快慢車道分隔線","有",39,"未使用",121.739501,24.759422,"宜蘭縣","宜蘭市"
"追撞","2018",11,16,13,"晴","日間自然光線",100,"直路","快車道","柏油","乾燥","良好","無號誌","中央分向島","未繪設快慢車道分隔線","有",55,"未使用",121.014197,24.818451,"新竹縣","竹北市"
"追撞","2018",11,16,13,"晴","日間自然光線",100,"直路","快車道","柏油","乾燥","良好","無號誌","中央分向島","未繪設快慢車道分隔線","有",68,"不明",121.014197,24.818451,"新竹縣","竹北市"
"側撞","2018",11,16,15,"晴","日間自然光線",60,"四岔路","交叉路口內","柏油","乾燥","良好","無號誌","雙向禁止超車線","未繪設快慢車道分隔線","有",64,"未使用",120.426854,23.367316,"臺南市","白河區"
"側撞","2018",11,16,15,"晴","日間自然光線",60,"四岔路","交叉路口內","柏油","乾燥","良好","無號誌","雙向禁止超車線","未繪設快慢車道分隔線","有",18,"未使用",120.426854,23.367316,"臺南市","白河區"