"事故類型及型態子類別名稱","發生年度","發生月份","發生日期","發生時間","天候名稱","光線名稱","速限.第1當事者","道路型態子類別名稱","事故位置子類別名稱","路面狀況.路面鋪裝名稱","路面狀況.路面狀態名稱","道路障礙.視距品質名稱","號誌.號誌動作名稱","車道劃分設施.分向設施大類別名稱","車道劃分設施.分道設施.快慢車道間名稱","車道劃分設施.分道設施.路面邊線名稱","當事者事故發生時年齡","行動電話或電腦或其他相類功能裝置名稱","經度","緯度","縣市","鄉鎮"
"同向擦撞","2018",11,16,16,"晴","日間自然光線",50,"三岔路","交叉路口內","柏油","乾燥","良好","正常","雙向禁止超車線","未繪設快慢車道分隔線","無",63,"未使用",120.286325,22.832073,"高雄市","路竹區"
"同向擦撞","2018",11,16,16,"晴","日間自然光線",50,"三岔路","交叉路口內","柏油","乾燥","良好","正常","雙向禁止超車線","未繪設快慢車道分隔線","無",51,"未使用",120.286325,22.832073,"高雄市","路竹區"
"側撞","2018",11,16,16,"晴","日間自然光線",50,"直路","慢車道","柏油","乾燥","良好","無號誌","雙向禁止超車線","快慢車道分隔線","有",21,"未使用",118.323766,24.442251,"金門縣","金城鎮"
"側撞","2018",11,16,16,"晴","日間自然光線",50,"直路","慢車道","柏油","乾燥","良好","無號誌","雙向禁止超車線","快慢車道分隔線","有",26,"未使用",118.323766,24.442251,"金門縣","金城鎮"
"穿越道路中","2018",11,17,6,"雨","日間自然光線",50,"直路","一般車道(未劃分快慢車道)","柏油","濕潤","良好","正常","中央分向島","未繪設快慢車道分隔線","有",75,"未使用",121.523677,25.094755,"臺北市","士林區"
"穿越道路中","2018",11,17,6,"雨","日間自然光線",50,"直路","一般車道(未劃分快慢車道)","柏油","濕潤","良好","正常","中央分向島","未繪設快慢車道分隔線","有",49,"未使用",121.523677,25.094755,"臺北市","士林區"
"穿越道路中","2018",11,17,15,"陰","日間自然光線",50,"四岔路","交叉路口內","柏油","乾燥","良好","正常","中央分向島","未繪設快慢車道分隔線","無",24,"未使用",121.540787,25.062276,"臺北市","中山區"
"穿越道路中","2018",11,17,15,"陰","日間自然光線",50,"四岔路","交叉路口內","柏油","乾燥","良好","正常","中央分向島","未繪設快慢車道分隔線","無",80,"非汽(機)車駕駛人",121.540787,25.062276,"臺北市","中山區"
"其他","2018",11,17,21,"晴","夜間(或隧道、地下道、涵洞)有照明",50,"直路","一般車道(未劃分快慢車道)","柏油","乾燥","良好","無號誌","行車分向線","未繪設快慢車道分隔線","有",63,"不明",120.699375,24.089945,"臺中市","大里區"
"其他","2018",11,17,21,"晴","夜間(或隧道、地下道、涵洞)有照明",50,"直路","一般車道(未劃分快慢車道)","柏油","乾燥","良好","無號誌","行車分向線","未繪設快慢車道分隔線","有",61,"未使用",120.699375,24.089945,"臺中市","大里區"
"其他","2018",11,17,21,"晴","夜間(或隧道、地下道、涵洞)有照明",50,"直路","一般車道(未劃分快慢車道)","柏油","乾燥","良好","無號誌","行車分向線","未繪設快慢車道分隔線","有",27,"未使用",120.699375,24.089945,"臺中市","大里區"
"對向通行中","2018",11,17,22,"晴","夜間(或隧道、地下道、涵洞)有照明",50,"四岔路","交叉口附近","柏油","乾燥","良好","正常","雙向禁止超車線","未繪設快慢車道分隔線","無",52,"未使用",121.525535,25.05805,"臺北市","中山區"
"對向通行中","2018",11,17,22,"晴","夜間(或隧道、地下道、涵洞)有照明",50,"四岔路","交叉口附近","柏油","乾燥","良好","正常","雙向禁止超車線","未繪設快慢車道分隔線","無",16,"非汽(機)車駕駛人",121.525535,25.05805,"臺北市","中山區"
"對向擦撞","2018",11,18,3,"雨","夜間(或隧道、地下道、涵洞)有照明",50,"彎曲路及附近","一般車道(未劃分快慢車道)","柏油","濕潤","不良","無號誌","雙向禁止超車線","未繪設快慢車道分隔線","有",18,"不明",121.59236,25.195417,"新北市","金山區"
"對向擦撞","2018",11,18,3,"雨","夜間(或隧道、地下道、涵洞)有照明",50,"彎曲路及附近","一般車道(未劃分快慢車道)","柏油","濕潤","不良","無號誌","雙向禁止超車線","未繪設快慢車道分隔線","有",51,"未使用",121.59236,25.195417,"新北市","金山區"
"其他","2018",11,18,5,"陰","夜間(或隧道、地下道、涵洞)無照明",50,"直路","一般車道(未劃分快慢車道)","柏油","乾燥","良好","無號誌","行車分向線","未繪設快慢車道分隔線","有",41,"未使用",120.378915,23.90131,"彰化縣","二林鎮"
"其他","2018",11,18,5,"陰","夜間(或隧道、地下道、涵洞)無照明",50,"直路","一般車道(未劃分快慢車道)","柏油","乾燥","良好","無號誌","行車分向線","未繪設快慢車道分隔線","有",25,"未使用",120.378915,23.90131,"彰化縣","二林鎮"
"其他","2018",11,18,5,"陰","夜間(或隧道、地下道、涵洞)無照明",50,"直路","一般車道(未劃分快慢車道)","柏油","乾燥","良好","無號誌","行車分向線","未繪設快慢車道分隔線","有",70,"非汽(機)車駕駛人",120.378915,23.90131,"彰化縣","二林鎮"
"側撞","2018",11,18,10,"晴","日間自然光線",60,"三岔路","交叉口附近","柏油","乾燥","良好","無號誌","雙向禁止超車線","未繪設快慢車道分隔線","有",40,"未使用",120.482944,23.6051,"嘉義縣","大林鎮"
"側撞","2018",11,18,10,"晴","日間自然光線",60,"三岔路","交叉口附近","柏油","乾燥","良好","無號誌","雙向禁止超車線","未繪設快慢車道分隔線","有",31,"未使用",120.482944,23.6051,"嘉義縣","大林鎮"
"穿越道路中","2018",11,18,11,"晴","日間自然光線",50,"直路","快車道","柏油","乾燥","良好","無號誌","中央分向島","快慢車道分隔線","無",51,"未使用",120.657855,24.140009,"臺中市","西區"
"穿越道路中","2018",11,18,11,"晴","日間自然光線",50,"直路","快車道","柏油","乾燥","良好","無號誌","中央分向島","快慢車道分隔線","無",84,"非汽(機)車駕駛人",120.657855,24.140009,"臺中市","西區"
"路口交岔撞","2018",11,18,14,"晴","日間自然光線",40,"四岔路","交叉路口內","柏油","乾燥","良好","無號誌","無","未繪設快慢車道分隔線","有",25,"不明",120.555251,22.432613,"屏東縣","佳冬鄉"
"路口交岔撞","2018",11,18,14,"晴","日間自然光線",40,"四岔路","交叉路口內","柏油","乾燥","良好","無號誌","無","未繪設快慢車道分隔線","有",53,"不明",120.555251,22.432613,"屏東縣","佳冬鄉"
"撞路樹、電桿","2018",11,18,21,"陰","夜間(或隧道、地下道、涵洞)有照明",50,"直路","慢車道","柏油","乾燥","良好","無號誌","中央分向島","快慢車道分隔線","有",22,"未使用",121.212916,25.038842,"桃園市","大園區"
"穿越道路中","2018",11,19,5,"晴","夜間(或隧道、地下道、涵洞)有照明",50,"直路","快車道","柏油","乾燥","良好","無號誌","雙向禁止超車線","未繪設快慢車道分隔線","有",29,"未使用",121.148004,22.752717,"臺東縣","臺東市"
"穿越道路中","2018",11,19,5,"晴","夜間(或隧道、地下道、涵洞)有照明",50,"直路","快車道","柏油","乾燥","良好","無號誌","雙向禁止超車線","未繪設快慢車道分隔線","有",80,"非汽(機)車駕駛人",121.148004,22.752717,"臺東縣","臺東市"
"路上翻車、摔倒","2018",11,19,10,"雨","日間自然光線",50,"三岔路","交叉路口內","柏油","濕潤","良好","正常","無","未繪設快慢車道分隔線","無",36,"不明",121.234657,24.991019,"桃園市","中壢區"
"路上翻車、摔倒","2018",11,19,10,"雨","日間自然光線",50,"三岔路","交叉路口內","柏油","濕潤","良好","正常","無","未繪設快慢車道分隔線","無",53,"未使用",121.234657,24.991019,"桃園市","中壢區"
"其他","2018",11,19,16,"晴","日間自然光線",50,"直路","一般車道(未劃分快慢車道)","柏油","乾燥","良好","無號誌","雙向禁止超車線","未繪設快慢車道分隔線","有",63,"不明",120.36825,23.952598,"彰化縣","芳苑鄉"
"其他","2018",11,19,16,"晴","日間自然光線",50,"直路","一般車道(未劃分快慢車道)","柏油","乾燥","良好","無號誌","雙向禁止超車線","未繪設快慢車道分隔線","有",19,"未使用",120.36825,23.952598,"彰化縣","芳苑鄉"
"穿越道路中","2018",11,19,18,"晴","夜間(或隧道、地下道、涵洞)有照明",50,"四岔路","交叉路口內","柏油","乾燥","良好","正常","雙向禁止超車線","快慢車道分隔線","無",52,"未使用",120.337718,22.649689,"高雄市","三民區"
"穿越道路中","2018",11,19,18,"晴","夜間(或隧道、地下道、涵洞)有照明",50,"四岔路","交叉路口內","柏油","乾燥","良好","正常","雙向禁止超車線","快慢車道分隔線","無",79,"非汽(機)車駕駛人",120.337718,22.649689,"高雄市","三民區"
"其他","2018",11,19,23,"晴","夜間(或隧道、地下道、涵洞)有照明",40,"三岔路","交叉路口內","柏油","乾燥","良好","正常","無","未繪設快慢車道分隔線","無",40,"不明",121.04564,22.707731,"臺東縣","臺東市"
"其他","2018",11,19,23,"晴","夜間(或隧道、地下道、涵洞)有照明",40,"三岔路","交叉路口內","柏油","乾燥","良好","正常","無","未繪設快慢車道分隔線","無",36,"未使用",121.04564,22.707731,"臺東縣","臺東市"
"路口交岔撞","2018",11,20,0,"雨","夜間(或隧道、地下道、涵洞)有照明",50,"四岔路","交叉路口內","柏油","濕潤","良好","正常","雙向禁止超車線","未繪設快慢車道分隔線","有",40,"未使用",121.838256,24.611824,"宜蘭縣","蘇澳鎮"
"路口交岔撞","2018",11,20,0,"雨","夜間(或隧道、地下道、涵洞)有照明",50,"四岔路","交叉路口內","柏油","濕潤","良好","正常","雙向禁止超車線","未繪設快慢車道分隔線","有",25,"未使用",121.838256,24.611824,"宜蘭縣","蘇澳鎮"
"側撞","2018",11,20,10,"晴","日間自然光線",50,"四岔路","交叉路口內","柏油","乾燥","良好","正常","無","未繪設快慢車道分隔線","無",71,"未使用",120.684848,24.216224,"臺中市","潭子區"
"側撞","2018",11,20,10,"晴","日間自然光線",50,"四岔路","交叉路口內","柏油","乾燥","良好","正常","無","未繪設快慢車道分隔線","無",58,"未使用",120.684848,24.216224,"臺中市","潭子區"
"撞路樹、電桿","2018",11,20,16,"晴","晨或暮光",50,"彎曲路及附近","一般車道(未劃分快慢車道)","柏油","乾燥","良好","無號誌","中央分向島","未繪設快慢車道分隔線","無",56,"未使用",120.596499,24.191017,"臺中市","西屯區"
"側撞","2018",11,21,18,"晴","夜間(或隧道、地下道、涵洞)有照明",50,"三岔路","交叉路口內","柏油","乾燥","良好","正常","無","未繪設快慢車道分隔線","無",50,"未使用",121.222419,24.982356,"桃園市","中壢區"
"側撞","2018",11,21,18,"晴","夜間(或隧道、地下道、涵洞)有照明",50,"三岔路","交叉路口內","柏油","乾燥","良好","正常","無","未繪設快慢車道分隔線","無",31,"未使用",121.222419,24.982356,"桃園市","中壢區"
"穿越道路中","2018",11,22,5,"雨","晨或暮光",50,"多岔路","交叉口附近","柏油","濕潤","良好","正常","無","未繪設快慢車道分隔線","無",53,"未使用",121.756225,25.127806,"基隆市","信義區"
"穿越道路中","2018",11,22,5,"雨","晨或暮光",50,"多岔路","交叉口附近","柏油","濕潤","良好","正常","無","未繪設快慢車道分隔線","無",89,"非汽(機)車駕駛人",121.756225,25.127806,"基隆市","信義區"
"路口交岔撞","2018",11,22,10,"晴","日間自然光線",60,"四岔路","交叉路口內","柏油","乾燥","良好","正常","無","未繪設快慢車道分隔線","無",57,"未使用",120.358764,22.589524,"高雄市","鳳山區"
"路口交岔撞","2018",11,22,10,"晴","日間自然光線",60,"四岔路","交叉路口內","柏油","乾燥","良好","正常","無","未繪設快慢車道分隔線","無",25,"未使用",120.358764,22.589524,"高雄市","鳳山區"
"其他","2018",11,22,20,"晴","夜間(或隧道、地下道、涵洞)有照明",50,"四岔路","交叉路口內","柏油","乾燥","良好","正常","無","未繪設快慢車道分隔線","無",24,"未使用",120.261658,23.000721,"臺南市","永康區"
"其他","2018",11,22,20,"晴","夜間(或隧道、地下道、涵洞)有照明",50,"四岔路","交叉路口內","柏油","乾燥","良好","正常","無","未繪設快慢車道分隔線","無",19,"未使用",120.261658,23.000721,"臺南市","永康區"
"路上翻車、摔倒","2018",11,22,22,"雨","夜間(或隧道、地下道、涵洞)有照明",50,"橋樑","機車專用道","柏油","濕潤","良好","無號誌","中央分向島","寛式快慢車道分隔島(50公分以上)","有",24,"不明",121.484688,25.061395,"新北市","三重區"
"側撞","2018",11,23,3,"雨","夜間(或隧道、地下道、涵洞)有照明",50,"多岔路","交叉路口內","柏油","濕潤","良好","正常","無","未繪設快慢車道分隔線","無",36,"未使用",121.323959,24.996312,"桃園市","桃園區"
"側撞","2018",11,23,3,"雨","夜間(或隧道、地下道、涵洞)有照明",50,"多岔路","交叉路口內","柏油","濕潤","良好","正常","無","未繪設快慢車道分隔線","無",54,"未使用",121.323959,24.996312,"桃園市","桃園區"
"側撞","2018",11,23,17,"晴","日間自然光線",70,"多岔路","交叉路口內","柏油","乾燥","良好","正常","無","未繪設快慢車道分隔線","無",55,"未使用",120.618184,24.338856,"臺中市","大甲區"
"側撞","2018",11,23,17,"晴","日間自然光線",70,"多岔路","交叉路口內","柏油","乾燥","良好","正常","無","未繪設快慢車道分隔線","無",43,"未使用",120.618184,24.338856,"臺中市","大甲區"
"穿越道路中","2018",11,23,19,"陰","夜間(或隧道、地下道、涵洞)有照明",50,"多岔路","交叉口附近","柏油","乾燥","良好","正常","雙向禁止超車線","快慢車道分隔線","有",17,"不明",120.198604,23.698805,"雲林縣","臺西鄉"
"穿越道路中","2018",11,23,19,"陰","夜間(或隧道、地下道、涵洞)有照明",50,"多岔路","交叉口附近","柏油","乾燥","良好","正常","雙向禁止超車線","快慢車道分隔線","有",77,"非汽(機)車駕駛人",120.198604,23.698805,"雲林縣","臺西鄉"
"追撞","2018",11,23,19,"晴","夜間(或隧道、地下道、涵洞)有照明",50,"直路","一般車道(未劃分快慢車道)","柏油","乾燥","良好","無號誌","行車分向線","未繪設快慢車道分隔線","有",67,"不明",120.493571,22.782984,"屏東縣","里港鄉"
"追撞","2018",11,23,19,"晴","夜間(或隧道、地下道、涵洞)有照明",50,"直路","一般車道(未劃分快慢車道)","柏油","乾燥","良好","無號誌","行車分向線","未繪設快慢車道分隔線","有",59,"未使用",120.493571,22.782984,"屏東縣","里港鄉"
"同向通行中","2018",11,24,5,"晴","夜間(或隧道、地下道、涵洞)無照明",40,"直路","一般車道(未劃分快慢車道)","柏油","乾燥","良好","無號誌","無","未繪設快慢車道分隔線","有",39,"未使用",120.504352,24.062678,"彰化縣","秀水鄉"
"同向通行中","2018",11,24,5,"晴","夜間(或隧道、地下道、涵洞)無照明",40,"直路","一般車道(未劃分快慢車道)","柏油","乾燥","良好","無號誌","無","未繪設快慢車道分隔線","有",80,"非汽(機)車駕駛人",120.504352,24.062678,"彰化縣","秀水鄉"
"路口交岔撞","2018",11,24,10,"晴","日間自然光線",40,"四岔路","交叉路口內","柏油","乾燥","良好","無號誌","無","未繪設快慢車道分隔線","無",63,"未使用",120.697396,23.843547,"南投縣","名間鄉"
"路口交岔撞","2018",11,24,10,"晴","日間自然光線",40,"四岔路","交叉路口內","柏油","乾燥","良好","無號誌","無","未繪設快慢車道分隔線","無",43,"未使用",120.697396,23.843547,"南投縣","名間鄉"
"路口交岔撞","2018",11,24,10,"晴","日間自然光線",40,"四岔路","交叉路口內","柏油","乾燥","良好","無號誌","無","未繪設快慢車道分隔線","無",61,"非汽(機)車駕駛人",120.697396,23.843547,"南投縣","名間鄉"
"同向擦撞","2018",11,24,12,"晴","日間自然光線",40,"直路","一般車道(未劃分快慢車道)","柏油","乾燥","良好","無號誌","雙向禁止超車線","未繪設快慢車道分隔線","有",24,"不明",121.543233,25.179819,"臺北市","北投區"
"同向擦撞","2018",11,24,12,"晴","日間自然光線",40,"直路","一般車道(未劃分快慢車道)","柏油","乾燥","良好","無號誌","雙向禁止超車線","未繪設快慢車道分隔線","有",19,"不明",121.543233,25.179819,"臺北市","北投區"
"同向擦撞","2018",11,24,12,"晴","日間自然光線",40,"直路","一般車道(未劃分快慢車道)","柏油","乾燥","良好","無號誌","雙向禁止超車線","未繪設快慢車道分隔線","有",37,"非汽(機)車駕駛人",121.543233,25.179819,"臺北市","北投區"
"同向擦撞","2018",11,24,12,"晴","日間自然光線",40,"直路","一般車道(未劃分快慢車道)","柏油","乾燥","良好","無號誌","雙向禁止超車線","未繪設快慢車道分隔線","有",43,"非汽(機)車駕駛人",121.543233,25.179819,"臺北市","北投區"
"同向擦撞","2018",11,24,12,"晴","日間自然光線",40,"直路","一般車道(未劃分快慢車道)","柏油","乾燥","良好","無號誌","雙向禁止超車線","未繪設快慢車道分隔線","有",36,"未使用",121.543233,25.179819,"臺北市","北投區"
"穿越道路中","2018",11,24,17,"晴","夜間(或隧道、地下道、涵洞)有照明",50,"四岔路","交叉路口內","柏油","乾燥","良好","無號誌","無","未繪設快慢車道分隔線","無",18,"未使用",119.585263,23.566902,"澎湖縣","馬公市"
"穿越道路中","2018",11,24,17,"晴","夜間(或隧道、地下道、涵洞)有照明",50,"四岔路","交叉路口內","柏油","乾燥","良好","無號誌","無","未繪設快慢車道分隔線","無",82,"非汽(機)車駕駛人",119.585263,23.566902,"澎湖縣","馬公市"
"撞路樹、電桿","2018",11,24,22,"晴","夜間(或隧道、地下道、涵洞)有照明",50,"直路","一般車道(未劃分快慢車道)","柏油","乾燥","良好","無號誌","無","未繪設快慢車道分隔線","無",56,"不明",121.5465,24.939985,"新北市","新店區"
"側撞","2018",11,25,10,"晴","日間自然光線",40,"四岔路","交叉口附近","柏油","乾燥","良好","正常","雙向禁止超車線","未繪設快慢車道分隔線","有",23,"未使用",120.566484,24.014373,"彰化縣","花壇鄉"
"側撞","2018",11,25,10,"晴","日間自然光線",40,"四岔路","交叉口附近","柏油","乾燥","良好","正常","雙向禁止超車線","未繪設快慢車道分隔線","有",18,"未使用",120.566484,24.014373,"彰化縣","花壇鄉"
"路口交岔撞","2018",11,25,11,"晴","日間自然光線",50,"三岔路","交叉路口內","柏油","乾燥","良好","無號誌","無","未繪設快慢車道分隔線","無",22,"未使用",121.310282,24.972327,"桃園市","八德區"
"路口交岔撞","2018",11,25,11,"晴","日間自然光線",50,"三岔路","交叉路口內","柏油","乾燥","良好","無號誌","無","未繪設快慢車道分隔線","無",68,"未使用",121.310282,24.972327,"桃園市","八德區"
"側撞","2018",11,25,11,"陰","日間自然光線",50,"直路","一般車道(未劃分快慢車道)","柏油","乾燥","良好","無號誌","行車分向線","未繪設快慢車道分隔線","有",28,"不明",120.345293,22.695722,"高雄市","仁武區"
"側撞","2018",11,25,11,"陰","日間自然光線",50,"直路","一般車道(未劃分快慢車道)","柏油","乾燥","良好","無號誌","行車分向線","未繪設快慢車道分隔線","有",56,"未使用",120.345293,22.695722,"高雄市","仁武區"
"側撞","2018",11,25,16,"晴","日間自然光線",60,"四岔路","交叉路口內","柏油","乾燥","良好","正常","無","未繪設快慢車道分隔線","無",61,"未使用",120.183774,22.964515,"臺南市","南區"
"側撞","2018",11,25,16,"晴","日間自然光線",60,"四岔路","交叉路口內","柏油","乾燥","良好","正常","無","未繪設快慢車道分隔線","無",36,"未使用",120.183774,22.964515,"臺南市","南區"
"其他","2018",11,25,17,"晴","夜間(或隧道、地下道、涵洞)有照明",40,"直路","一般車道(未劃分快慢車道)","柏油","乾燥","良好","無號誌","無","未繪設快慢車道分隔線","無",37,"不明",120.957413,23.99094,"南投縣","埔里鎮"
"其他","2018",11,25,17,"晴","夜間(或隧道、地下道、涵洞)有照明",40,"直路","一般車道(未劃分快慢車道)","柏油","乾燥","良好","無號誌","無","未繪設快慢車道分隔線","無",45,"不明",120.957413,23.99094,"南投縣","埔里鎮"
"穿越道路中","2018",11,25,19,"雨","夜間(或隧道、地下道、涵洞)有照明",50,"直路","一般車道(未劃分快慢車道)","柏油","濕潤","良好","無號誌","雙向禁止超車線","未繪設快慢車道分隔線","有",57,"未使用",121.412234,24.953438,"新北市","土城區"
"穿越道路中","2018",11,25,19,"雨","夜間(或隧道、地下道、涵洞)有照明",50,"直路","一般車道(未劃分快慢車道)","柏油","濕潤","良好","無號誌","雙向禁止超車線","未繪設快慢車道分隔線","有",78,"非汽(機)車駕駛人",121.412234,24.953438,"新北市","土城區"
"撞護欄(樁)","2018",11,26,4,"晴","夜間(或隧道、地下道、涵洞)有照明",50,"彎曲路及附近","其他","柏油","乾燥","良好","無號誌","雙向禁止超車線","快慢車道分隔線","有",107,"",120.425002,22.929235,"高雄市","內門區"
"撞護欄(樁)","2018",11,26,4,"晴","夜間(或隧道、地下道、涵洞)有照明",50,"彎曲路及附近","其他","柏油","乾燥","良好","無號誌","雙向禁止超車線","快慢車道分隔線","有",28,"不明",120.425002,22.929235,"高雄市","內門區"
"撞護欄(樁)","2018",11,26,4,"晴","夜間(或隧道、地下道、涵洞)有照明",50,"彎曲路及附近","其他","柏油","乾燥","良好","無號誌","雙向禁止超車線","快慢車道分隔線","有",31,"非汽(機)車駕駛人",120.425002,22.929235,"高雄市","內門區"
"撞護欄(樁)","2018",11,26,4,"晴","夜間(或隧道、地下道、涵洞)有照明",50,"彎曲路及附近","其他","柏油","乾燥","良好","無號誌","雙向禁止超車線","快慢車道分隔線","有",27,"非汽(機)車駕駛人",120.425002,22.929235,"高雄市","內門區"
"撞護欄(樁)","2018",11,26,4,"晴","夜間(或隧道、地下道、涵洞)有照明",50,"彎曲路及附近","其他","柏油","乾燥","良好","無號誌","雙向禁止超車線","快慢車道分隔線","有",21,"非汽(機)車駕駛人",120.425002,22.929235,"高雄市","內門區"
"穿越道路中","2018",11,26,6,"陰","日間自然光線",50,"三岔路","交叉口附近","柏油","濕潤","良好","正常","無","未繪設快慢車道分隔線","無",62,"未使用",120.664721,24.186001,"臺中市","北屯區"
"穿越道路中","2018",11,26,6,"陰","日間自然光線",50,"三岔路","交叉口附近","柏油","濕潤","良好","正常","無","未繪設快慢車道分隔線","無",75,"不明",120.664721,24.186001,"臺中市","北屯區"
"側撞","2018",11,26,8,"陰","日間自然光線",50,"四岔路","交叉路口內","柏油","濕潤","良好","無號誌","行車分向線","未繪設快慢車道分隔線","無",25,"未使用",120.442217,23.373276,"臺南市","白河區"
"側撞","2018",11,26,8,"陰","日間自然光線",50,"四岔路","交叉路口內","柏油","濕潤","良好","無號誌","行車分向線","未繪設快慢車道分隔線","無",75,"未使用",120.442217,23.373276,"臺南市","白河區"
"同向擦撞","2018",11,26,11,"陰","日間自然光線",50,"直路","一般車道(未劃分快慢車道)","柏油","乾燥","良好","無號誌","中央分向島","未繪設快慢車道分隔線","有",23,"不明",121.177263,25.069864,"桃園市","大園區"
"同向擦撞","2018",11,26,11,"陰","日間自然光線",50,"直路","一般車道(未劃分快慢車道)","柏油","乾燥","良好","無號誌","中央分向島","未繪設快慢車道分隔線","有",89,"非汽(機)車駕駛人",121.177263,25.069864,"桃園市","大園區"
"同向擦撞","2018",11,26,18,"晴","夜間(或隧道、地下道、涵洞)有照明",50,"三岔路","交叉路口內","柏油","乾燥","良好","正常","無","未繪設快慢車道分隔線","無",55,"",120.653835,24.178138,"臺中市","西屯區"
"同向擦撞","2018",11,26,18,"晴","夜間(或隧道、地下道、涵洞)有照明",50,"三岔路","交叉路口內","柏油","乾燥","良好","正常","無","未繪設快慢車道分隔線","無",62,"未使用",120.653835,24.178138,"臺中市","西屯區"
"同向擦撞","2018",11,26,18,"晴","夜間(或隧道、地下道、涵洞)有照明",50,"三岔路","交叉路口內","柏油","乾燥","良好","正常","無","未繪設快慢車道分隔線","無",22,"未使用",120.653835,24.178138,"臺中市","西屯區"
"撞橋樑、建築物","2018",11,27,0,"晴","夜間(或隧道、地下道、涵洞)有照明",50,"直路","一般車道(未劃分快慢車道)","柏油","乾燥","良好","無號誌","中央分向島","未繪設快慢車道分隔線","有",31,"不明",120.6807,24.2008,"臺中市","北屯區"
"其他","2018",11,27,5,"陰","晨或暮光",50,"橋樑","一般車道(未劃分快慢車道)","柏油","濕潤","良好","無號誌","雙向禁止超車線","未繪設快慢車道分隔線","有",51,"不明",120.593496,23.853669,"彰化縣","田中鎮"
"其他","2018",11,27,5,"陰","晨或暮光",50,"橋樑","一般車道(未劃分快慢車道)","柏油","濕潤","良好","無號誌","雙向禁止超車線","未繪設快慢車道分隔線","有",62,"不明",120.593496,23.853669,"彰化縣","田中鎮"
"其他","2018",11,27,5,"陰","晨或暮光",50,"橋樑","一般車道(未劃分快慢車道)","柏油","濕潤","良好","無號誌","雙向禁止超車線","未繪設快慢車道分隔線","有",56,"非汽(機)車駕駛人",120.593496,23.853669,"彰化縣","田中鎮"
"側撞","2018",11,27,9,"晴","日間自然光線",40,"四岔路","交叉路口內","柏油","乾燥","良好","正常","無","未繪設快慢車道分隔線","無",79,"未使用",121.122298,22.771821,"臺東縣","臺東市"
"側撞","2018",11,27,9,"晴","日間自然光線",40,"四岔路","交叉路口內","柏油","乾燥","良好","正常","無","未繪設快慢車道分隔線","無",22,"未使用",121.122298,22.771821,"臺東縣","臺東市"
"路口交岔撞","2018",11,27,16,"晴","日間自然光線",50,"四岔路","交叉路口內","柏油","乾燥","良好","正常","中央分向島","快慢車道分隔線","有",84,"未使用",120.364455,23.700766,"雲林縣","土庫鎮"
"路口交岔撞","2018",11,27,16,"晴","日間自然光線",50,"四岔路","交叉路口內","柏油","乾燥","良好","正常","中央分向島","快慢車道分隔線","有",39,"未使用",120.364455,23.700766,"雲林縣","土庫鎮"
"同向擦撞","2018",11,28,7,"雨","日間自然光線",50,"直路","機車優先道","柏油","濕潤","良好","無號誌","中央分向島","快慢車道分隔線","有",49,"未使用",120.219914,22.986003,"臺南市","東區"
"同向擦撞","2018",11,28,7,"雨","日間自然光線",50,"直路","機車優先道","柏油","濕潤","良好","無號誌","中央分向島","快慢車道分隔線","有",39,"未使用",120.219914,22.986003,"臺南市","東區"
"同向擦撞","2018",11,28,7,"雨","日間自然光線",50,"直路","機車優先道","柏油","濕潤","良好","無號誌","中央分向島","快慢車道分隔線","有",42,"未使用",120.219914,22.986003,"臺南市","東區"
"追撞","2018",11,28,10,"晴","日間自然光線",60,"直路","交通島(含槽化線)","柏油","乾燥","良好","無號誌","中央分向島","未繪設快慢車道分隔線","有",73,"未使用",121.083119,22.719034,"臺東縣","臺東市"
"追撞","2018",11,28,10,"晴","日間自然光線",60,"直路","交通島(含槽化線)","柏油","乾燥","良好","無號誌","中央分向島","未繪設快慢車道分隔線","有",44,"未使用",121.083119,22.719034,"臺東縣","臺東市"
"側撞","2018",11,28,11,"雨","日間自然光線",50,"三岔路","交叉路口內","柏油","濕潤","良好","正常","無","未繪設快慢車道分隔線","有",67,"非汽(機)車駕駛人",121.453971,25.033547,"新北市","新莊區"
"側撞","2018",11,28,11,"雨","日間自然光線",50,"三岔路","交叉路口內","柏油","濕潤","良好","正常","無","未繪設快慢車道分隔線","有",26,"未使用",121.453971,25.033547,"新北市","新莊區"
"其他","2018",11,28,14,"陰","日間自然光線",50,"直路","一般車道(未劃分快慢車道)","柏油","乾燥","良好","無號誌","雙向禁止超車線","未繪設快慢車道分隔線","有",24,"不明",120.513111,24.196843,"臺中市","龍井區"
"其他","2018",11,28,14,"陰","日間自然光線",50,"直路","一般車道(未劃分快慢車道)","柏油","乾燥","良好","無號誌","雙向禁止超車線","未繪設快慢車道分隔線","有",22,"未使用",120.513111,24.196843,"臺中市","龍井區"
"同向通行中","2018",11,28,14,"雨","日間自然光線",50,"直路","路肩、路緣","柏油","濕潤","良好","無號誌","無","未繪設快慢車道分隔線","無",32,"不明",121.093182,24.73546,"新竹縣","竹東鎮"
"同向通行中","2018",11,28,14,"雨","日間自然光線",50,"直路","路肩、路緣","柏油","濕潤","良好","無號誌","無","未繪設快慢車道分隔線","無",73,"非汽(機)車駕駛人",121.093182,24.73546,"新竹縣","竹東鎮"