"事故類型及型態子類別名稱","發生年度","發生月份","發生日期","發生時間","天候名稱","光線名稱","速限.第1當事者","道路型態子類別名稱","事故位置子類別名稱","路面狀況.路面鋪裝名稱","路面狀況.路面狀態名稱","道路障礙.視距品質名稱","號誌.號誌動作名稱","車道劃分設施.分向設施大類別名稱","車道劃分設施.分道設施.快慢車道間名稱","車道劃分設施.分道設施.路面邊線名稱","當事者事故發生時年齡","行動電話或電腦或其他相類功能裝置名稱","經度","緯度","縣市","鄉鎮"
"撞動物","2018",12,21,20,"晴","夜間(或隧道、地下道、涵洞)有照明",40,"直路","其他","柏油","乾燥","良好","無號誌","無","未繪設快慢車道分隔線","無",14,"非汽(機)車駕駛人",120.358105,23.909583,"彰化縣","芳苑鄉"
"對向擦撞","2018",12,21,20,"晴","夜間(或隧道、地下道、涵洞)有照明",50,"四岔路","交叉口附近","柏油","乾燥","良好","無號誌","無","未繪設快慢車道分隔線","有",40,"未使用",120.345042,23.893027,"彰化縣","芳苑鄉"
"對向擦撞","2018",12,21,20,"晴","夜間(或隧道、地下道、涵洞)有照明",50,"四岔路","交叉口附近","柏油","乾燥","良好","無號誌","無","未繪設快慢車道分隔線","有",18,"未使用",120.345042,23.893027,"彰化縣","芳苑鄉"
"追撞","2018",12,21,21,"晴","夜間(或隧道、地下道、涵洞)無照明",40,"直路","慢車道","柏油","乾燥","良好","無號誌","中央分向島","寛式快慢車道分隔島(50公分以上)","無",60,"未使用",120.83244,24.666947,"苗栗縣","竹南鎮"
"追撞","2018",12,21,21,"晴","夜間(或隧道、地下道、涵洞)無照明",40,"直路","慢車道","柏油","乾燥","良好","無號誌","中央分向島","寛式快慢車道分隔島(50公分以上)","無",26,"未使用",120.83244,24.666947,"苗栗縣","竹南鎮"
"側撞","2018",12,22,0,"晴","夜間(或隧道、地下道、涵洞)有照明",50,"四岔路","交叉路口內","柏油","乾燥","良好","正常","無","未繪設快慢車道分隔線","無",46,"未使用",121.297455,24.944632,"桃園市","八德區"
"側撞","2018",12,22,0,"晴","夜間(或隧道、地下道、涵洞)有照明",50,"四岔路","交叉路口內","柏油","乾燥","良好","正常","無","未繪設快慢車道分隔線","無",28,"未使用",121.297455,24.944632,"桃園市","八德區"
"衝出路外","2018",12,22,5,"晴","夜間(或隧道、地下道、涵洞)有照明",50,"直路","一般車道(未劃分快慢車道)","柏油","乾燥","良好","無號誌","行車分向線","未繪設快慢車道分隔線","有",22,"不明",118.260065,24.432501,"金門縣","烈嶼鄉"
"對撞","2018",12,22,6,"陰","晨或暮光",50,"直路","一般車道(未劃分快慢車道)","柏油","乾燥","良好","無號誌","雙向禁止超車線","快慢車道分隔線","有",39,"不明",120.642408,22.953361,"高雄市","六龜區"
"對撞","2018",12,22,6,"陰","晨或暮光",50,"直路","一般車道(未劃分快慢車道)","柏油","乾燥","良好","無號誌","雙向禁止超車線","快慢車道分隔線","有",19,"不明",120.642408,22.953361,"高雄市","六龜區"
"撞路樹、電桿","2018",12,22,6,"晴","晨或暮光",40,"三岔路","一般車道(未劃分快慢車道)","柏油","乾燥","良好","無號誌","行車分向線","未繪設快慢車道分隔線","有",63,"不明",121.137169,24.982669,"桃園市","觀音區"
"穿越道路中","2018",12,22,6,"晴","晨或暮光",50,"直路","一般車道(未劃分快慢車道)","柏油","乾燥","良好","無號誌","雙向禁止超車線","未繪設快慢車道分隔線","有",69,"未使用",120.429748,23.705973,"雲林縣","虎尾鎮"
"穿越道路中","2018",12,22,6,"晴","晨或暮光",50,"直路","一般車道(未劃分快慢車道)","柏油","乾燥","良好","無號誌","雙向禁止超車線","未繪設快慢車道分隔線","有",87,"非汽(機)車駕駛人",120.429748,23.705973,"雲林縣","虎尾鎮"
"側撞","2018",12,22,9,"晴","日間自然光線",60,"涵洞","快車道","柏油","乾燥","良好","無號誌","雙向禁止超車線","快慢車道分隔線","有",77,"未使用",121.400515,23.177193,"臺東縣","成功鎮"
"側撞","2018",12,22,9,"晴","日間自然光線",60,"涵洞","快車道","柏油","乾燥","良好","無號誌","雙向禁止超車線","快慢車道分隔線","有",51,"未使用",121.400515,23.177193,"臺東縣","成功鎮"
"其他","2018",12,22,13,"晴","日間自然光線",30,"彎曲路及附近","一般車道(未劃分快慢車道)","柏油","乾燥","良好","無號誌","雙向禁止超車線","未繪設快慢車道分隔線","有",18,"不明",120.262265,22.633225,"高雄市","鼓山區"
"其他","2018",12,22,13,"晴","日間自然光線",30,"彎曲路及附近","一般車道(未劃分快慢車道)","柏油","乾燥","良好","無號誌","雙向禁止超車線","未繪設快慢車道分隔線","有",18,"非汽(機)車駕駛人",120.262265,22.633225,"高雄市","鼓山區"
"其他","2018",12,22,13,"晴","日間自然光線",30,"彎曲路及附近","一般車道(未劃分快慢車道)","柏油","乾燥","良好","無號誌","雙向禁止超車線","未繪設快慢車道分隔線","有",55,"未使用",120.262265,22.633225,"高雄市","鼓山區"
"撞路樹、電桿","2018",12,22,13,"晴","日間自然光線",50,"直路","一般車道(未劃分快慢車道)","柏油","乾燥","良好","無號誌","雙向禁止超車線","未繪設快慢車道分隔線","有",34,"不明",120.416791,23.447455,"嘉義縣","水上鄉"
"撞路樹、電桿","2018",12,22,14,"晴","日間自然光線",50,"彎曲路及附近","路肩、路緣","柏油","乾燥","不良","無號誌","雙向禁止超車線","未繪設快慢車道分隔線","有",35,"未使用",120.512606,23.177032,"臺南市","西區"
"路上翻車、摔倒","2018",12,22,17,"晴","日間自然光線",40,"直路","一般車道(未劃分快慢車道)","柏油","乾燥","良好","無號誌","無","未繪設快慢車道分隔線","無",76,"未使用",120.646673,24.002543,"南投縣","草屯鎮"
"撞護欄(樁)","2018",12,22,20,"晴","夜間(或隧道、地下道、涵洞)有照明",40,"直路","一般車道(未劃分快慢車道)","柏油","乾燥","良好","無號誌","無","未繪設快慢車道分隔線","有",58,"未使用",120.547979,22.41055,"屏東縣","佳冬鄉"
"追撞","2018",12,23,3,"晴","夜間(或隧道、地下道、涵洞)有照明",50,"三岔路","交叉路口內","柏油","乾燥","良好","正常","無","未繪設快慢車道分隔線","無",39,"不明",121.153637,24.907926,"桃園市","楊梅區"
"追撞","2018",12,23,3,"晴","夜間(或隧道、地下道、涵洞)有照明",50,"三岔路","交叉路口內","柏油","乾燥","良好","正常","無","未繪設快慢車道分隔線","無",40,"未使用",121.153637,24.907926,"桃園市","楊梅區"
"路口交岔撞","2018",12,23,5,"晴","夜間(或隧道、地下道、涵洞)有照明",50,"四岔路","交叉路口內","柏油","乾燥","良好","正常","無","未繪設快慢車道分隔線","無",24,"未使用",120.3459,22.58967,"高雄市","鳳山區"
"路口交岔撞","2018",12,23,5,"晴","夜間(或隧道、地下道、涵洞)有照明",50,"四岔路","交叉路口內","柏油","乾燥","良好","正常","無","未繪設快慢車道分隔線","無",49,"非汽(機)車駕駛人",120.3459,22.58967,"高雄市","鳳山區"
"路口交岔撞","2018",12,23,5,"晴","夜間(或隧道、地下道、涵洞)有照明",50,"四岔路","交叉路口內","柏油","乾燥","良好","正常","無","未繪設快慢車道分隔線","無",51,"未使用",120.3459,22.58967,"高雄市","鳳山區"
"撞路樹、電桿","2018",12,23,6,"晴","日間自然光線",50,"直路","路肩、路緣","柏油","乾燥","良好","無號誌","行車分向線","未繪設快慢車道分隔線","有",22,"未使用",120.437682,22.484321,"屏東縣","新園鄉"
"穿越道路中","2018",12,23,19,"雨","夜間(或隧道、地下道、涵洞)有照明",50,"四岔路","行人穿越道","柏油","濕潤","良好","正常","無","未繪設快慢車道分隔線","無",45,"未使用",120.701758,24.181916,"臺中市","北屯區"
"穿越道路中","2018",12,23,19,"雨","夜間(或隧道、地下道、涵洞)有照明",50,"四岔路","行人穿越道","柏油","濕潤","良好","正常","無","未繪設快慢車道分隔線","無",70,"非汽(機)車駕駛人",120.701758,24.181916,"臺中市","北屯區"
"撞路樹、電桿","2018",12,24,0,"晴","夜間(或隧道、地下道、涵洞)有照明",40,"直路","其他","柏油","乾燥","良好","無號誌","無","未繪設快慢車道分隔線","無",35,"未使用",120.956518,23.980179,"南投縣","埔里鎮"
"其他","2018",12,24,16,"晴","日間自然光線",90,"直路","快車道","柏油","乾燥","良好","無號誌","中央分向島","未繪設快慢車道分隔線","有",20,"未使用",120.552464,24.185589,"臺中市","龍井區"
"其他","2018",12,24,16,"晴","日間自然光線",90,"直路","快車道","柏油","乾燥","良好","無號誌","中央分向島","未繪設快慢車道分隔線","有",27,"未使用",120.552464,24.185589,"臺中市","龍井區"
"追撞","2018",12,24,17,"陰","日間自然光線",50,"三岔路","交叉口附近","柏油","乾燥","良好","正常","雙向禁止超車線","未繪設快慢車道分隔線","有",35,"不明",120.34317,23.451512,"嘉義縣","太保市"
"追撞","2018",12,24,17,"陰","日間自然光線",50,"三岔路","交叉口附近","柏油","乾燥","良好","正常","雙向禁止超車線","未繪設快慢車道分隔線","有",48,"不明",120.34317,23.451512,"嘉義縣","太保市"
"追撞","2018",12,24,17,"陰","日間自然光線",50,"三岔路","交叉口附近","柏油","乾燥","良好","正常","雙向禁止超車線","未繪設快慢車道分隔線","有",39,"不明",120.34317,23.451512,"嘉義縣","太保市"
"追撞","2018",12,24,17,"陰","日間自然光線",50,"三岔路","交叉口附近","柏油","乾燥","良好","正常","雙向禁止超車線","未繪設快慢車道分隔線","有",59,"未使用",120.34317,23.451512,"嘉義縣","太保市"
"側撞","2018",12,25,9,"晴","日間自然光線",50,"三岔路","交叉口附近","柏油","乾燥","良好","正常","中央分向島","快慢車道分隔線","有",35,"未使用",120.254117,22.873476,"高雄市","湖內區"
"側撞","2018",12,25,9,"晴","日間自然光線",50,"三岔路","交叉口附近","柏油","乾燥","良好","正常","中央分向島","快慢車道分隔線","有",19,"未使用",120.254117,22.873476,"高雄市","湖內區"
"追撞","2018",12,25,12,"晴","日間自然光線",50,"三岔路","交叉口附近","柏油","乾燥","良好","正常","行車分向線","未繪設快慢車道分隔線","有",63,"未使用",121.438912,24.981379,"新北市","土城區"
"追撞","2018",12,25,12,"晴","日間自然光線",50,"三岔路","交叉口附近","柏油","乾燥","良好","正常","行車分向線","未繪設快慢車道分隔線","有",48,"未使用",121.438912,24.981379,"新北市","土城區"
"其他","2018",12,26,14,"晴","日間自然光線",70,"三岔路","交叉路口內","柏油","乾燥","良好","無號誌","中央分向島","窄式快慢車道分隔島(無柵欄)","有",33,"未使用",120.602354,24.310363,"臺中市","清水區"
"路上翻車、摔倒","2018",12,26,17,"晴","夜間(或隧道、地下道、涵洞)有照明",70,"直路","慢車道","柏油","乾燥","良好","無號誌","中央分向島","快慢車道分隔線","有",33,"不明",120.479505,23.774072,"雲林縣","莿桐鄉"
"撞護欄(樁)","2018",12,27,4,"陰","夜間(或隧道、地下道、涵洞)有照明",60,"彎曲路及附近","一般車道(未劃分快慢車道)","柏油","乾燥","良好","無號誌","雙向禁止超車線","未繪設快慢車道分隔線","有",45,"未使用",121.796235,24.785314,"宜蘭縣","壯圍鄉"
"對撞","2018",12,27,9,"晴","日間自然光線",60,"直路","快車道","柏油","乾燥","良好","無號誌","行車分向線","快慢車道分隔線","有",41,"未使用",120.58581,23.445501,"嘉義縣","番路鄉"
"對撞","2018",12,27,9,"晴","日間自然光線",60,"直路","快車道","柏油","乾燥","良好","無號誌","行車分向線","快慢車道分隔線","有",23,"未使用",120.58581,23.445501,"嘉義縣","番路鄉"
"其他","2018",12,27,11,"雨","日間自然光線",50,"四岔路","交叉路口內","柏油","濕潤","良好","正常","中央分向島","未繪設快慢車道分隔線","無",55,"不明",121.615646,25.050757,"臺北市","南港區"
"其他","2018",12,27,11,"雨","日間自然光線",50,"四岔路","交叉路口內","柏油","濕潤","良好","正常","中央分向島","未繪設快慢車道分隔線","無",37,"不明",121.615646,25.050757,"臺北市","南港區"
"其他","2018",12,27,11,"雨","日間自然光線",50,"四岔路","交叉路口內","柏油","濕潤","良好","正常","中央分向島","未繪設快慢車道分隔線","無",55,"不明",121.615646,25.050757,"臺北市","南港區"
"其他","2018",12,27,11,"雨","日間自然光線",50,"四岔路","交叉路口內","柏油","濕潤","良好","正常","中央分向島","未繪設快慢車道分隔線","無",40,"未使用",121.615646,25.050757,"臺北市","南港區"
"其他","2018",12,27,11,"雨","日間自然光線",50,"四岔路","交叉路口內","柏油","濕潤","良好","正常","中央分向島","未繪設快慢車道分隔線","無",50,"未使用",121.615646,25.050757,"臺北市","南港區"
"側撞","2018",12,27,15,"雨","日間自然光線",70,"三岔路","交叉路口內","柏油","濕潤","良好","正常","無","未繪設快慢車道分隔線","無",44,"未使用",121.229881,25.090788,"桃園市","大園區"
"側撞","2018",12,27,15,"雨","日間自然光線",70,"三岔路","交叉路口內","柏油","濕潤","良好","正常","無","未繪設快慢車道分隔線","無",18,"未使用",121.229881,25.090788,"桃園市","大園區"
"對撞","2018",12,27,15,"陰","日間自然光線",60,"彎曲路及附近","一般車道(未劃分快慢車道)","柏油","乾燥","良好","無號誌","雙向禁止超車線","快慢車道分隔線","有",74,"非汽(機)車駕駛人",121.262764,23.191164,"花蓮縣","富里鄉"
"對撞","2018",12,27,15,"陰","日間自然光線",60,"彎曲路及附近","一般車道(未劃分快慢車道)","柏油","乾燥","良好","無號誌","雙向禁止超車線","快慢車道分隔線","有",69,"未使用",121.262764,23.191164,"花蓮縣","富里鄉"
"對撞","2018",12,27,15,"陰","日間自然光線",60,"彎曲路及附近","一般車道(未劃分快慢車道)","柏油","乾燥","良好","無號誌","雙向禁止超車線","快慢車道分隔線","有",21,"非汽(機)車駕駛人",121.262764,23.191164,"花蓮縣","富里鄉"
"對撞","2018",12,27,15,"陰","日間自然光線",60,"彎曲路及附近","一般車道(未劃分快慢車道)","柏油","乾燥","良好","無號誌","雙向禁止超車線","快慢車道分隔線","有",26,"未使用",121.262764,23.191164,"花蓮縣","富里鄉"
"撞護欄(樁)","2018",12,27,16,"陰","日間自然光線",50,"橋樑","機車專用道","柏油","乾燥","良好","無號誌","中央分向島","快慢車道分隔線","有",29,"不明",121.457766,25.097622,"新北市","八里區"
"側撞","2018",12,27,16,"晴","日間自然光線",50,"直路","快車道","柏油","乾燥","良好","無號誌","雙向禁止超車線","快慢車道分隔線","無",82,"未使用",120.692403,24.140461,"臺中市","東區"
"側撞","2018",12,27,16,"晴","日間自然光線",50,"直路","快車道","柏油","乾燥","良好","無號誌","雙向禁止超車線","快慢車道分隔線","無",63,"未使用",120.692403,24.140461,"臺中市","東區"
"穿越道路中","2018",12,27,17,"晴","日間自然光線",50,"直路","一般車道(未劃分快慢車道)","柏油","乾燥","良好","無號誌","雙向禁止超車線","未繪設快慢車道分隔線","有",37,"不明",120.525416,23.8639,"彰化縣","北斗鎮"
"穿越道路中","2018",12,27,17,"晴","日間自然光線",50,"直路","一般車道(未劃分快慢車道)","柏油","乾燥","良好","無號誌","雙向禁止超車線","未繪設快慢車道分隔線","有",69,"非汽(機)車駕駛人",120.525416,23.8639,"彰化縣","北斗鎮"
"同向擦撞","2018",12,27,18,"晴","夜間(或隧道、地下道、涵洞)有照明",60,"直路","快車道","柏油","乾燥","良好","正常","行車分向線","快慢車道分隔線","有",38,"未使用",120.768775,21.956645,"屏東縣","恆春鎮"
"同向擦撞","2018",12,27,18,"晴","夜間(或隧道、地下道、涵洞)有照明",60,"直路","快車道","柏油","乾燥","良好","正常","行車分向線","快慢車道分隔線","有",53,"未使用",120.768775,21.956645,"屏東縣","恆春鎮"
"其他","2018",12,27,19,"晴","夜間(或隧道、地下道、涵洞)有照明",40,"直路","慢車道","柏油","乾燥","良好","無號誌","中央分向島","快慢車道分隔線","無",45,"未使用",120.303135,22.712933,"高雄市","楠梓區"
"其他","2018",12,27,19,"晴","夜間(或隧道、地下道、涵洞)有照明",40,"直路","慢車道","柏油","乾燥","良好","無號誌","中央分向島","快慢車道分隔線","無",47,"未使用",120.303135,22.712933,"高雄市","楠梓區"
"其他","2018",12,27,19,"晴","夜間(或隧道、地下道、涵洞)有照明",40,"直路","慢車道","柏油","乾燥","良好","無號誌","中央分向島","快慢車道分隔線","無",31,"未使用",120.303135,22.712933,"高雄市","楠梓區"
"穿越道路中","2018",12,28,6,"雨","夜間(或隧道、地下道、涵洞)有照明",50,"三岔路","交叉路口內","柏油","濕潤","良好","無號誌","無","未繪設快慢車道分隔線","無",24,"未使用",121.297759,24.93102,"桃園市","八德區"
"穿越道路中","2018",12,28,6,"雨","夜間(或隧道、地下道、涵洞)有照明",50,"三岔路","交叉路口內","柏油","濕潤","良好","無號誌","無","未繪設快慢車道分隔線","無",75,"非汽(機)車駕駛人",121.297759,24.93102,"桃園市","八德區"
"側撞","2018",12,28,9,"晴","日間自然光線",40,"直路","一般車道(未劃分快慢車道)","柏油","乾燥","良好","無號誌","無","未繪設快慢車道分隔線","無",45,"不明",120.5043,24.127096,"彰化縣","和美鎮"
"側撞","2018",12,28,9,"晴","日間自然光線",40,"直路","一般車道(未劃分快慢車道)","柏油","乾燥","良好","無號誌","無","未繪設快慢車道分隔線","無",58,"未使用",120.5043,24.127096,"彰化縣","和美鎮"
"側撞","2018",12,28,9,"晴","日間自然光線",40,"直路","一般車道(未劃分快慢車道)","柏油","乾燥","良好","無號誌","無","未繪設快慢車道分隔線","無",48,"未使用",120.5043,24.127096,"彰化縣","和美鎮"
"追撞","2018",12,28,13,"雨","日間自然光線",40,"直路","一般車道(未劃分快慢車道)","柏油","濕潤","良好","無號誌","雙向禁止超車線","未繪設快慢車道分隔線","有",83,"不明",121.583881,25.053076,"臺北市","南港區"
"追撞","2018",12,28,13,"雨","日間自然光線",40,"直路","一般車道(未劃分快慢車道)","柏油","濕潤","良好","無號誌","雙向禁止超車線","未繪設快慢車道分隔線","有",39,"不明",121.583881,25.053076,"臺北市","南港區"
"追撞","2018",12,28,15,"晴","日間自然光線",50,"直路","路肩、路緣","柏油","乾燥","良好","無號誌","行車分向線","未繪設快慢車道分隔線","無",48,"未使用",120.440212,23.784468,"雲林縣","西螺鎮"
"追撞","2018",12,28,15,"晴","日間自然光線",50,"直路","路肩、路緣","柏油","乾燥","良好","無號誌","行車分向線","未繪設快慢車道分隔線","無",77,"未使用",120.440212,23.784468,"雲林縣","西螺鎮"
"其他","2018",12,28,17,"晴","日間自然光線",50,"三岔路","交叉口附近","柏油","乾燥","良好","無號誌","雙向禁止超車線","未繪設快慢車道分隔線","有",34,"不明",120.251003,22.740482,"高雄市","梓官區"
"其他","2018",12,28,17,"晴","日間自然光線",50,"三岔路","交叉口附近","柏油","乾燥","良好","無號誌","雙向禁止超車線","未繪設快慢車道分隔線","有",24,"不明",120.251003,22.740482,"高雄市","梓官區"
"其他","2018",12,28,17,"晴","日間自然光線",50,"三岔路","交叉口附近","柏油","乾燥","良好","無號誌","雙向禁止超車線","未繪設快慢車道分隔線","有",74,"不明",120.251003,22.740482,"高雄市","梓官區"
"追撞","2018",12,28,19,"晴","夜間(或隧道、地下道、涵洞)有照明",50,"直路","一般車道(未劃分快慢車道)","柏油","乾燥","良好","正常","行車分向線","快慢車道分隔線","有",25,"未使用",120.523242,24.254541,"臺中市","梧棲區"
"追撞","2018",12,28,19,"晴","夜間(或隧道、地下道、涵洞)有照明",50,"直路","一般車道(未劃分快慢車道)","柏油","乾燥","良好","正常","行車分向線","快慢車道分隔線","有",50,"未使用",120.523242,24.254541,"臺中市","梧棲區"
"路上翻車、摔倒","2018",12,28,20,"晴","夜間(或隧道、地下道、涵洞)有照明",40,"彎曲路及附近","路肩、路緣","柏油","乾燥","良好","無號誌","雙向禁止超車線","未繪設快慢車道分隔線","有",37,"未使用",120.680983,23.919192,"南投縣","南投市"
"路上翻車、摔倒","2018",12,28,20,"晴","夜間(或隧道、地下道、涵洞)有照明",40,"彎曲路及附近","路肩、路緣","柏油","乾燥","良好","無號誌","雙向禁止超車線","未繪設快慢車道分隔線","有",13,"未使用",120.680983,23.919192,"南投縣","南投市"
"撞路樹、電桿","2018",12,28,23,"晴","夜間(或隧道、地下道、涵洞)有照明",50,"彎曲路及附近","一般車道(未劃分快慢車道)","柏油","乾燥","不良","無號誌","雙向禁止超車線","未繪設快慢車道分隔線","有",30,"未使用",121.409422,25.071407,"新北市","泰山區"
"撞號誌、標誌桿","2018",12,29,12,"晴","日間自然光線",60,"彎曲路及附近","一般車道(未劃分快慢車道)","柏油","乾燥","不良","無號誌","雙向禁止超車線","快慢車道分隔線","有",27,"未使用",121.012094,24.691701,"新竹縣","峨眉鄉"
"追撞","2018",12,29,13,"晴","日間自然光線",60,"三岔路","交叉口附近","柏油","乾燥","良好","無號誌","無","未繪設快慢車道分隔線","有",71,"未使用",120.278119,23.435946,"嘉義縣","朴子市"
"追撞","2018",12,29,13,"晴","日間自然光線",60,"三岔路","交叉口附近","柏油","乾燥","良好","無號誌","無","未繪設快慢車道分隔線","有",28,"未使用",120.278119,23.435946,"嘉義縣","朴子市"
"追撞","2018",12,29,13,"晴","日間自然光線",60,"三岔路","交叉口附近","柏油","乾燥","良好","無號誌","無","未繪設快慢車道分隔線","有",49,"未使用",120.278119,23.435946,"嘉義縣","朴子市"
"撞護欄(樁)","2018",12,30,2,"晴","夜間(或隧道、地下道、涵洞)有照明",30,"彎曲路及附近","一般車道(未劃分快慢車道)","柏油","乾燥","良好","無號誌","中央分向島","未繪設快慢車道分隔線","無",39,"未使用",120.160416,23.037696,"臺南市","南區"
"側撞","2018",12,30,7,"陰","日間自然光線",60,"直路","快車道","柏油","濕潤","良好","無號誌","雙向禁止超車線","快慢車道分隔線","有",77,"未使用",121.401682,23.172387,"臺東縣","成功鎮"
"側撞","2018",12,30,7,"陰","日間自然光線",60,"直路","快車道","柏油","濕潤","良好","無號誌","雙向禁止超車線","快慢車道分隔線","有",68,"未使用",121.401682,23.172387,"臺東縣","成功鎮"
"其他","2018",12,30,15,"晴","日間自然光線",60,"直路","一般車道(未劃分快慢車道)","柏油","乾燥","良好","無號誌","中央分向島","未繪設快慢車道分隔線","有",29,"不明",121.159342,22.752972,"臺東縣","臺東市"
"其他","2018",12,30,15,"晴","日間自然光線",60,"直路","一般車道(未劃分快慢車道)","柏油","乾燥","良好","無號誌","中央分向島","未繪設快慢車道分隔線","有",19,"不明",121.159342,22.752972,"臺東縣","臺東市"
"其他","2018",12,30,15,"晴","日間自然光線",60,"直路","一般車道(未劃分快慢車道)","柏油","乾燥","良好","無號誌","中央分向島","未繪設快慢車道分隔線","有",25,"不明",121.159342,22.752972,"臺東縣","臺東市"
"其他","2018",12,30,15,"晴","日間自然光線",60,"直路","一般車道(未劃分快慢車道)","柏油","乾燥","良好","無號誌","中央分向島","未繪設快慢車道分隔線","有",26,"不明",121.159342,22.752972,"臺東縣","臺東市"
"其他","2018",12,30,15,"晴","日間自然光線",60,"直路","一般車道(未劃分快慢車道)","柏油","乾燥","良好","無號誌","中央分向島","未繪設快慢車道分隔線","有",78,"未使用",121.159342,22.752972,"臺東縣","臺東市"
"其他","2018",12,30,15,"晴","日間自然光線",60,"直路","一般車道(未劃分快慢車道)","柏油","乾燥","良好","無號誌","中央分向島","未繪設快慢車道分隔線","有",20,"未使用",121.159342,22.752972,"臺東縣","臺東市"
"其他","2018",12,30,15,"晴","日間自然光線",60,"直路","一般車道(未劃分快慢車道)","柏油","乾燥","良好","無號誌","中央分向島","未繪設快慢車道分隔線","有",44,"未使用",121.159342,22.752972,"臺東縣","臺東市"
"其他","2018",12,30,18,"陰","夜間(或隧道、地下道、涵洞)有照明",50,"四岔路","交叉口附近","柏油","乾燥","良好","正常","中央分向島","未繪設快慢車道分隔線","無",26,"未使用",121.526319,25.095355,"臺北市","士林區"
"其他","2018",12,30,18,"陰","夜間(或隧道、地下道、涵洞)有照明",50,"四岔路","交叉口附近","柏油","乾燥","良好","正常","中央分向島","未繪設快慢車道分隔線","無",15,"未使用",121.526319,25.095355,"臺北市","士林區"
"追撞","2018",12,30,20,"晴","夜間(或隧道、地下道、涵洞)有照明",50,"四岔路","一般車道(未劃分快慢車道)","柏油","乾燥","良好","無號誌","雙向禁止超車線","未繪設快慢車道分隔線","有",47,"未使用",120.60862,22.703037,"屏東縣","瑪家鄉"
"追撞","2018",12,30,20,"晴","夜間(或隧道、地下道、涵洞)有照明",50,"四岔路","一般車道(未劃分快慢車道)","柏油","乾燥","良好","無號誌","雙向禁止超車線","未繪設快慢車道分隔線","有",17,"未使用",120.60862,22.703037,"屏東縣","瑪家鄉"
"追撞","2018",12,30,20,"晴","夜間(或隧道、地下道、涵洞)有照明",50,"四岔路","一般車道(未劃分快慢車道)","柏油","乾燥","良好","無號誌","雙向禁止超車線","未繪設快慢車道分隔線","有",48,"未使用",120.60862,22.703037,"屏東縣","瑪家鄉"
"追撞","2018",12,30,20,"晴","夜間(或隧道、地下道、涵洞)有照明",50,"四岔路","一般車道(未劃分快慢車道)","柏油","乾燥","良好","無號誌","雙向禁止超車線","未繪設快慢車道分隔線","有",23,"未使用",120.60862,22.703037,"屏東縣","瑪家鄉"
"追撞","2018",12,31,7,"晴","日間自然光線",70,"直路","慢車道","柏油","乾燥","良好","無號誌","中央分向島","快慢車道分隔線","有",32,"未使用",120.451278,23.123833,"臺南市","玉井區"
"追撞","2018",12,31,7,"晴","日間自然光線",70,"直路","慢車道","柏油","乾燥","良好","無號誌","中央分向島","快慢車道分隔線","有",67,"未使用",120.451278,23.123833,"臺南市","玉井區"
"側撞","2018",12,31,11,"晴","日間自然光線",60,"四岔路","交叉路口內","柏油","乾燥","良好","正常","無","未繪設快慢車道分隔線","無",45,"未使用",120.183857,22.970277,"臺南市","南區"
"側撞","2018",12,31,11,"晴","日間自然光線",60,"四岔路","交叉路口內","柏油","乾燥","良好","正常","無","未繪設快慢車道分隔線","無",37,"未使用",120.183857,22.970277,"臺南市","南區"
"側撞","2018",12,31,11,"晴","日間自然光線",60,"四岔路","交叉路口內","柏油","乾燥","良好","正常","無","未繪設快慢車道分隔線","無",47,"未使用",120.183857,22.970277,"臺南市","南區"
"側撞","2018",12,31,11,"晴","日間自然光線",60,"四岔路","交叉路口內","柏油","乾燥","良好","正常","無","未繪設快慢車道分隔線","無",53,"未使用",120.183857,22.970277,"臺南市","南區"
"側撞","2018",12,31,15,"晴","日間自然光線",40,"三岔路","交叉路口內","柏油","乾燥","良好","正常","無","未繪設快慢車道分隔線","無",78,"未使用",121.02933,24.779409,"新竹縣","竹東鎮"
"側撞","2018",12,31,15,"晴","日間自然光線",40,"三岔路","交叉路口內","柏油","乾燥","良好","正常","無","未繪設快慢車道分隔線","無",29,"未使用",121.02933,24.779409,"新竹縣","竹東鎮"
"同向擦撞","2018",12,31,18,"晴","夜間(或隧道、地下道、涵洞)有照明",60,"直路","一般車道(未劃分快慢車道)","柏油","乾燥","良好","無號誌","中央分向島","快慢車道分隔線","有",30,"未使用",121.093996,24.754175,"新竹縣","芎林鄉"
"同向擦撞","2018",12,31,18,"晴","夜間(或隧道、地下道、涵洞)有照明",60,"直路","一般車道(未劃分快慢車道)","柏油","乾燥","良好","無號誌","中央分向島","快慢車道分隔線","有",54,"未使用",121.093996,24.754175,"新竹縣","芎林鄉"
"側撞","2018",12,31,18,"晴","日間自然光線",50,"三岔路","交叉路口內","柏油","乾燥","良好","無號誌","無","未繪設快慢車道分隔線","有",82,"未使用",120.689982,23.905884,"南投縣","南投市"
"側撞","2018",12,31,18,"晴","日間自然光線",50,"三岔路","交叉路口內","柏油","乾燥","良好","無號誌","無","未繪設快慢車道分隔線","有",42,"未使用",120.689982,23.905884,"南投縣","南投市"